is_explicit,duration_ms,danceability,energy,key,loudness,mode,speechiness,acousticness,instrumentalness,liveness,valence,tempo,country
1,204990,0.7842,0.7047,8,-10.743,0,0.0671,0.1636,0.11053,0.2004,0.406,108.183,US
0,175499,0.6504,0.7979,2,-10.086,1,0.0613,0.3088,0.13734,0.1359,0.5027,130.468,DE
0,235571,0.3983,0.3656,6,-8.517,0,0,0.2275,0,0.0252,0.3067,116.87,JP
0,228870,0.3553,0.868,6,-10.958,1,0,0.2456,0.09888,0.2399,0.4453,97.447,US
0,244581,0.8706,0.7807,10,-4.91,0,0.0339,0.0,0.06173,0.0888,0.6694,125.139,US
1,259776,0.4994,0.6634,7,-8.694,1,0.1445,0.1859,0.08419,0.2029,0.4945,107.611,JP
0,173079,0.563,0.7255,7,-7.023,0,0.0843,0.0117,0.08385,0.2084,0.3702,104.029,DE
0,265212,0.7764,0.9344,0,-7.897,0,0.049,0.0646,0.0349,0.3023,0.7743,127.4,BR
1,197479,0.5915,0.9002,8,-7.744,0,0.1147,0.1266,0,0.055,0.7961,140.009,BR
0,299033,0.4942,0.547,1,-8.686,1,0.1619,0.0936,0.03779,0.1923,0.6944,95.744,DE
0,260104,0.3966,0.6591,10,-7.264,1,0.1141,0.1564,0,0.1364,0.8639,112.809,US
0,155915,0.7662,0.5599,7,-3.172,0,0.0803,0.2636,0.17596,0.1767,0.5857,116.859,KR
1,283887,0.5669,0.7999,10,-6.206,1,0.0871,0.2423,0.16957,0.1087,0.3083,127.39,US
1,249198,0.8529,0.5806,11,-5.704,0,0,0.0,0.13271,0.2188,0.5118,145.313,BR
0,185907,0.6451,0.7943,1,-4.454,1,0.1221,0.0,0.16868,0.2439,0.5766,117.217,KR
0,225773,0.6411,0.6371,6,-6.844,0,0.082,0.1868,0,0.3052,0.5751,107.606,US
0,180897,0.6265,0.6684,11,-6.15,0,0.0797,0.2088,0,0.1003,0.4993,117.583,DE
1,233741,0.7684,0.6202,1,-8.632,0,0.065,0.2337,0.17737,0.2321,0.338,119.745,DE
0,202993,0.4934,0.5379,4,-4.728,1,0.0395,0.4833,0.14942,0.2087,0.9662,129.418,JP
0,186027,0.6976,0.6936,3,-6.233,1,0.0659,0.3058,0,0.1372,0.8027,118.693,US
1,225534,0.5276,0.5131,2,-12.058,1,0.1014,0.2879,0,0.1338,0.2739,108.48,DE
0,242171,0.5464,0.7382,0,-1.537,0,0.005,0.0514,0.13665,0.1846,0.8663,154.832,KR
0,164943,0.6196,0.7874,11,-6.94,0,0,0.1557,0.00082,0.1319,0.6837,129.094,KR
0,218463,0.7881,0.8868,6,-4.381,0,0.1194,0.1403,0.14372,0.3129,0.6139,138.643,US
0,158647,0.9012,0.8173,3,-11.728,1,0.1304,0.377,0.02921,0.1789,0.5082,120.199,KR
0,249078,0.5605,0.7298,6,-3.381,1,0.0759,0.2448,0.06358,0.068,0.4492,113.396,BR
0,300750,0.6624,0.6489,4,-3.713,0,0.1298,0.3307,0.03834,0.074,0.3184,112.667,DE
0,214985,0.8136,0.5662,8,-5.816,0,0.065,0.2344,0.00406,0.0832,0.5538,147.16,BR
0,190055,0.4876,0.6303,3,-10.005,1,0.0502,0.1992,0.04928,0.0982,0.3704,122.27,JP
1,229556,0.9041,0.6371,7,-8.37,1,0.0477,0.0518,0.1188,0.0,0.5319,95.704,US
0,182717,0.4996,0.7634,10,-10.79,1,0.0863,0.379,0.12406,0.1715,0.2307,135.453,JP
0,254475,0.5969,0.6967,6,-9.412,0,0.1349,0.3264,0.20501,0.0361,0.7328,101.403,US
0,262478,0.6222,0.8264,1,-6.413,1,0.1249,0.3197,0,0.1351,0.5036,145.541,KR
0,199764,0.6404,0.7733,2,-9.755,1,0,0.2618,0.09313,0.0919,0.6879,94.588,BR
0,242626,0.7061,0.7257,8,-4.826,0,0.1081,0.2865,0,0.013,0.7318,125.233,KR
0,288691,0.7066,0.502,11,-4.258,0,0.1435,0.0899,0.04205,0.1674,0.3102,150.173,DE
0,202218,0.5658,0.8112,4,-8.733,1,0.0207,0.2107,0,0.0038,0.6167,80.963,BR
0,114182,0.6044,0.5917,1,-9.013,1,0.1239,0.3206,0.1428,0.1903,0.6297,133.552,KR
1,254890,0.7421,0.7688,11,-9.427,0,0.1357,0.1999,0,0.0189,0.5242,90.409,BR
0,235664,0.6688,0.8653,9,-4.35,0,0.0349,0.2401,0,0.2601,0.8171,111.527,KR
0,217986,0.6772,0.6715,6,-3.521,1,0.1172,0.1913,0,0.0569,0.6097,145.795,KR
0,191540,0.544,0.8886,5,-7.443,1,0.068,0.2615,0.04042,0.1472,0.3576,140.059,JP
0,154331,0.6104,0.666,11,-9.578,1,0,0.0207,0.06724,0.0495,0.7459,93.561,BR
0,219307,0.5353,0.746,7,-8.266,1,0.0438,0.42,0,0.263,0.4338,141.006,JP
0,199073,0.488,0.9713,1,-6.612,0,0.067,0.1635,0.05785,0.007,0.401,113.403,JP
1,222256,0.8812,0.6652,7,-3.904,1,0,0.2696,0,0.2961,0.536,135.58,US
0,180310,0.8812,0.895,3,-8.163,0,0.0765,0.0837,0,0.0698,0.2276,93.138,US
0,185500,0.7381,0.7237,0,-8.256,0,0,0.159,0.19127,0.3036,0.3162,120.093,KR
0,169291,0.6346,0.7494,7,-7.41,0,0.1066,0.1408,0.17592,0.2232,0.5251,129.382,DE
0,239237,0.6662,0.5437,9,-7.926,0,0.0894,0.1341,0.12051,0.1143,0.3242,115.942,DE
0,152971,0.4948,0.7375,3,-7.552,1,0.0613,0.1907,0.0682,0.1951,0.6032,126.331,DE
0,246320,0.6401,0.6115,1,-2.15,0,0.1738,0.1528,0,0.0559,0.5847,118.333,DE
1,230966,0.6959,0.6864,4,-6.317,1,0.0174,0.3003,0.01617,0.2557,0.4257,148.213,DE
1,256371,0.8116,0.66,1,-5.295,0,0.1908,0.1459,0,0.0483,0.8691,114.928,BR
0,212297,0.5058,0.5513,4,-7.321,0,0.1442,0.2975,0.15356,0.0,0.3591,133.454,JP
0,235217,0.4963,0.6457,6,-8.934,0,0.0299,0.3292,0,0.3975,0.3613,142.257,JP
0,165186,0.6672,0.7635,7,-4.811,1,0.0825,0.0992,0,0.0902,0.3495,132.563,US
1,154799,0.5432,0.6941,0,-9.088,1,0.2359,0.3868,0.14502,0.1021,0.7457,144.882,US
0,191707,0.9612,0.5812,7,-5.547,0,0.0477,0.218,0.09931,0.2859,0.6582,105.25,BR
1,221589,0.5797,0.8509,0,-8.195,1,0.0629,0.0,0,0.0893,0.6509,107.335,US
0,156622,0.7318,0.5984,3,-6.39,0,0.0406,0.1618,0.05477,0.1305,0.6527,86.881,BR
0,166936,0.5894,0.8393,0,-7.352,0,0,0.1977,0.18911,0.0113,0.5008,123.057,BR
1,266192,0.9711,0.7465,4,-7.185,1,0.0368,0.1155,0.12813,0.2032,0.5809,95.232,BR
0,249577,0.4898,0.5191,3,-7.883,1,0.1794,0.2968,0.00834,0.1784,0.3104,102.783,JP
1,206664,0.8077,0.6816,5,-6.241,1,0.0393,0.2379,0,0.2394,0.697,125.106,BR
0,185607,0.5591,0.7169,7,-7.724,1,0,0.2947,0.14007,0.0936,0.4088,148.01,DE
1,176159,0.8318,0.639,4,-9.013,1,0.1025,0.1139,0,0.2362,0.5646,145.372,US
0,207030,0.596,0.7181,0,-9.199,0,0.164,0.1443,0.15741,0.0,0.4663,113.152,DE
0,222557,0.6648,0.6872,10,-11.268,0,0,0.1128,0,0.0916,0.3283,138.609,JP
1,189121,0.8511,0.7688,8,-5.812,1,0,0.1689,0.08733,0.0926,0.6726,99.591,KR
0,198224,0.6304,0.7443,3,-7.318,1,0.1861,0.2557,0,0.2921,0.673,131.95,JP
0,209782,0.6864,0.5745,5,-4.575,0,0.0492,0.0793,0,0.0,0.5696,136.796,BR
0,141821,0.7415,0.6846,0,-8.004,0,0.0566,0.3117,0.22117,0.2798,0.6513,136.9,US
0,208733,0.5506,0.6129,7,-6.418,1,0.1251,0.2137,0.02435,0.0949,0.3534,130.499,DE
0,187810,0.4416,0.792,6,-7.327,1,0.0913,0.3569,0.11363,0.0701,0.3955,107.988,JP
0,248506,0.6538,0.8705,3,-7.309,0,0.1167,0.1162,0,0.0654,0.4758,156.884,DE
1,225841,0.5679,0.7224,2,-5.616,0,0.0727,0.2267,0.2259,0.1765,0.4594,141.876,DE
0,242893,0.7497,0.7729,7,-6.407,1,0.0513,0.2152,0,0.1542,0.8358,126.471,KR
0,202968,0.5963,0.8926,6,-7.043,0,0,0.2661,0.08675,0.1783,0.4099,121.826,DE
0,148954,0.4832,0.5614,4,-4.706,1,0.0164,0.2956,0.06319,0.1125,0.3383,99.518,JP
0,220752,0.7484,0.6747,7,-4.746,1,0.0568,0.277,0,0.2257,0.3933,133.358,DE
1,219784,0.7338,0.8615,2,-4.664,0,0.014,0.1203,0.0255,0.2048,0.5345,136.187,BR
0,188610,0.4698,0.6098,9,-8.373,0,0.1188,0.3137,0.10328,0.084,0.5951,111.921,BR
0,240580,0.363,0.8988,9,-7.735,0,0.0119,0.1888,0.04157,0.1373,0.4654,160.192,JP
0,220454,0.6406,0.6549,11,-7.793,0,0.1419,0.3804,0,0.2372,0.5665,142.997,JP
0,192722,0.5592,0.7464,9,-6.525,0,0.058,0.2151,0,0.0619,0.3955,135.121,JP
1,176778,0.6617,0.5998,10,-9.6,1,0.1377,0.2839,0.03992,0.1527,0.4194,137.758,DE
0,204418,0.7188,0.6127,2,-6.956,1,0.0375,0.2024,0,0.1064,0.5143,132.365,KR
1,192457,0.7121,0.6709,6,-4.557,1,0.065,0.2985,0.11004,0.1471,0.6971,115.54,US
0,228797,0.5057,0.556,6,-8.614,1,0.0789,0.2151,0.05725,0.1208,0.3847,113.558,JP
0,167586,0.817,0.8325,3,-11.169,0,0.1041,0.2833,0,0.0586,0.5511,108.683,KR
0,155455,0.7184,0.596,10,-11.693,1,0.1354,0.073,0.07192,0.1906,0.5488,120.43,BR
0,199440,0.6178,0.6477,5,-6.835,1,0.1862,0.4112,0.13489,0.051,0.3441,129.109,JP
0,209094,0.5854,0.7914,3,-8.761,1,0.0241,0.1632,0.1556,0.1313,0.5497,94.179,DE
0,225877,0.78,0.6006,8,-5.975,0,0,0.3825,0,0.2722,0.5302,116.676,US
1,266178,0.6811,0.639,10,-3.082,0,0.0403,0.4374,0.1085,0.232,0.7123,124.381,JP
1,205156,0.7312,0.5393,5,-8.299,0,0.0258,0.0023,0.03928,0.0083,0.461,110.718,BR
0,248426,0.7918,0.8046,7,-7.69,0,0.0848,0.2646,0.22067,0.2499,0.8534,133.341,BR
1,170210,0.795,0.7393,2,-5.217,0,0.1304,0.0703,0.07181,0.1039,0.3169,133.067,DE
0,152245,0.5316,0.7585,3,-8.784,1,0.1827,0.1749,0.10408,0.1227,0.5208,96.935,KR
0,201246,0.8954,0.3922,3,-8.117,0,0.0937,0.1719,0,0.1717,0.8622,103.614,BR
0,193310,0.8187,0.6228,2,-1.628,1,0.1905,0.3937,0.13457,0.0,0.5813,118.115,DE
0,222960,1.0,0.6797,1,-6.577,1,0.0884,0.1369,0.00678,0.3431,0.6346,105.72,BR
0,228273,0.7816,0.6915,8,-2.258,1,0.1179,0.2636,0.04012,0.1897,0.4421,130.443,BR
1,237446,0.6592,0.5347,9,-7.794,0,0.0702,0.1024,0.14328,0.1609,0.5786,110.02,BR
0,138642,0.9282,0.5172,8,-8.201,0,0.0278,0.2659,0,0.0,0.5494,125.257,US
1,203227,0.5322,0.7463,5,-11.038,0,0.1525,0.2215,0.07411,0.1028,0.5785,102.215,US
0,216122,0.7399,0.7217,4,-9.728,0,0.1185,0.2218,0.27473,0.2206,0.241,109.776,BR
0,273220,0.6595,0.6063,0,-2.151,1,0.0644,0.4628,0,0.199,0.1243,142.66,DE
0,157220,0.5834,0.8091,1,-8.385,1,0.1517,0.3776,0.10513,0.0472,0.4753,136.63,JP
0,172097,0.504,0.6387,0,-9.162,1,0.0319,0.2153,0,0.0239,0.6954,139.467,JP
0,231419,0.6082,0.7637,9,-7.406,1,0.1019,0.2097,0.06702,0.066,0.5257,130.641,BR
1,168797,0.6558,0.6149,2,-6.655,1,0.0103,0.3539,0.05012,0.2091,0.4352,104.922,DE
0,267399,0.9197,0.6762,9,-8.666,1,0.0049,0.0,0.06663,0.2114,0.737,119.972,BR
0,253730,0.4882,0.8775,11,-7.313,0,0.0327,0.1693,0.03192,0.2157,0.6054,87.957,BR
0,187143,0.6566,0.7599,7,-5.697,0,0.0298,0.3399,0,0.2181,0.7993,145.212,KR
1,281687,0.6995,0.5172,9,-7.688,0,0.117,0.2543,0.15005,0.2103,0.4771,120.973,US
0,258572,0.9043,0.4195,0,-4.742,0,0.0292,0.2384,0.17274,0.3588,0.5022,169.179,DE
0,229378,0.5449,0.5596,2,-9.373,1,0.06,0.215,0,0.0563,0.375,120.647,DE
0,141678,0.4784,0.4535,0,-8.817,0,0.1625,0.2984,0,0.0927,0.4655,107.42,DE
0,184042,0.6289,0.8527,10,-7.772,1,0.0731,0.2247,0.15009,0.1996,0.4559,123.201,US
1,235441,0.5395,0.7702,6,-7.173,0,0.0848,0.106,0.10844,0.206,0.5599,139.691,DE
1,198923,0.7744,0.6721,2,-8.252,1,0.1677,0.1425,0.07175,0.2148,0.757,117.489,KR
0,247973,0.6443,0.5941,9,-6.507,1,0.1265,0.3294,0,0.0494,0.4463,116.949,JP
0,125515,0.8044,0.6913,5,-11.205,0,0.0167,0.2712,0.09326,0.2793,0.6985,131.505,US
0,277809,0.6076,0.8994,6,-2.387,1,0.0952,0.1451,0.20552,0.0972,0.5025,146.382,DE
1,279044,0.6659,0.7083,2,-9.854,0,0.0411,0.3959,0.20966,0.4205,0.4421,110.855,DE
0,157887,0.5715,0.5543,0,-8.093,1,0.0659,0.3505,0,0.2029,0.7284,108.315,JP
0,203598,0.8744,0.8753,3,-7.574,0,0.0482,0.1432,0,0.0592,0.5929,113.446,US
1,230574,0.6415,0.8434,2,-6.743,1,0.0575,0.1052,0.08517,0.0,0.7593,96.949,KR
0,152663,0.682,0.8569,6,-7.034,1,0.1441,0.1442,0,0.134,0.4235,89.656,US
0,222014,0.6644,0.6,4,-7.637,1,0.0543,0.1236,0,0.1679,0.1965,114.41,JP
0,159566,0.5131,0.7753,5,-8.525,0,0.0676,0.3957,0.0294,0.0701,0.3992,134.908,JP
1,226836,0.6958,0.6116,1,-7.756,0,0.0842,0.3784,0,0.1324,0.7968,121.02,BR
1,210596,0.7679,0.4376,6,-8.789,1,0.0404,0.2113,0.13577,0.1402,0.4739,83.8,BR
0,218218,0.8954,0.7395,2,-7.557,1,0.1076,0.1297,0.34983,0.0,0.4194,134.694,US
0,268201,0.589,0.9476,4,-2.545,1,0.1549,0.2897,0,0.169,0.5933,113.718,JP
0,174588,0.83,0.626,0,-10.195,1,0.0997,0.0696,0.05284,0.0979,0.7847,87.842,KR
0,267242,0.8725,0.7263,5,-5.738,0,0.139,0.2051,0,0.1859,0.5712,135.874,BR
1,170668,0.4684,0.7157,4,-6.523,0,0.0213,0.3294,0.17329,0.0645,0.4238,134.344,DE
0,230588,0.8764,0.549,9,-6.624,1,0.0146,0.3764,0,0.1826,0.4495,119.16,JP
0,144736,0.5404,0.5948,5,-7.489,0,0.1054,0.1909,0.15258,0.0,0.6514,139.326,KR
0,187811,0.6524,0.7839,1,-3.822,1,0.1038,0.097,0,0.1508,0.7458,125.116,KR
0,144225,0.7144,0.6758,0,-10.284,1,0.0678,0.3361,0.28338,0.1514,0.796,147.624,JP
1,220339,0.7586,0.5978,6,-10.139,1,0.1389,0.1747,0.19874,0.0008,0.3994,141.208,US
1,224446,0.5736,0.7798,2,-7.112,0,0.1312,0.0764,0.1605,0.145,0.4216,107.445,DE
0,210648,0.8906,0.6547,11,-1.191,0,0.1664,0.2354,0,0.0049,0.7396,106.424,BR
1,269387,0.7339,0.709,11,-7.756,0,0.0442,0.2305,0.09077,0.3554,0.7054,129.401,US
0,261009,0.5012,0.4975,5,-9.013,0,0.0693,0.3632,0.01221,0.1003,0.4845,136.065,JP
0,263619,0.5312,0.534,5,-5.708,1,0.0917,0.1475,0.00083,0.1885,0.2826,147.133,DE
1,223707,1.0,0.7824,0,-4.804,1,0.155,0.1692,0.09965,0.2157,0.7184,139.858,BR
0,270409,0.8858,0.7347,10,-5.16,0,0.1072,0.1447,0.06179,0.0,0.5108,107.567,BR
0,236108,0.5352,0.7526,11,-3.176,1,0.1595,0.2052,0.02121,0.0637,0.5083,145.822,JP
0,168486,0.5562,0.6696,7,-4.01,1,0.2178,0.4966,0,0.1965,0.6157,121.119,JP
1,258613,0.6312,0.8516,9,-6.677,1,0.0689,0.2761,0.06626,0.2889,0.6648,137.759,BR
0,260996,0.2984,0.5923,2,-9.257,1,0.1265,0.4674,0,0.1764,0.3064,123.251,JP
0,219389,0.66,0.7357,0,-7.718,1,0.135,0.3088,0.10208,0.1837,0.5802,141.48,US
0,178877,0.5561,0.582,0,-6.695,1,0.1535,0.191,0.00736,0.4321,0.8049,125.544,US
0,228061,0.7493,0.756,3,-6.192,1,0.0989,0.1132,0,0.2183,0.5099,127.93,BR
0,218690,0.6166,0.9136,0,-7.189,0,0.0317,0.2855,0,0.1814,0.583,110.847,KR
0,149475,1.0,0.9512,0,-7.868,0,0.109,0.4345,0.13641,0.0862,0.7127,117.041,BR
0,199274,0.5679,0.774,3,-7.94,0,0.0813,0.1105,0.01788,0.1839,0.5543,141.381,JP
0,167144,0.7502,0.6863,11,-11.411,0,0,0.1984,0.15116,0.1955,0.7276,101.058,BR
0,148211,0.745,0.7542,7,-6.63,1,0.0904,0.4009,0.00455,0.2052,0.3325,116.956,DE
0,210392,0.6669,0.6468,10,-4.571,0,0.0766,0.1455,0.058,0.1663,0.4027,141.876,DE
0,250776,0.6464,0.5453,1,-8.05,0,0.1445,0.3814,0,0.0598,0.5145,127.857,JP
0,293419,0.911,0.9747,9,-10.879,0,0.0655,0.1328,0.04062,0.2385,0.7115,123.643,BR
0,192083,0.5847,0.679,10,-5.119,1,0.0471,0.256,0.11671,0.2131,0.6194,124.888,JP
0,241412,0.5215,0.4574,10,-5.034,0,0.0546,0.405,0.01152,0.0525,0.512,142.299,DE
0,192271,0.4488,0.6006,6,-7.855,1,0.1043,0.1904,0.14722,0.2445,0.3529,117.62,JP
1,194632,0.3357,0.7138,11,-2.674,0,0.1249,0.0559,0,0.2236,0.3803,116.042,DE
0,214288,0.6144,0.8768,6,-7.167,1,0,0.1625,0,0.3242,0.4057,112.101,KR
1,210739,0.8774,0.8029,9,-4.022,1,0.1327,0.1577,0.06355,0.1147,0.6308,129.406,US
0,197858,0.5416,0.5659,10,-5.018,0,0.0725,0.2721,0.13213,0.2233,0.5175,123.871,DE
0,166495,0.8352,0.6299,1,-7.306,1,0.0685,0.0903,0.07758,0.1724,0.5927,114.269,KR
0,198081,0.5155,0.7693,2,-7.189,0,0.0492,0.4105,0,0.2022,0.4383,121.584,JP
0,202619,0.5322,0.5792,0,-6.175,0,0.1075,0.3928,0.06297,0.1265,0.8878,136.776,BR
0,217226,0.7158,0.6735,10,-9.547,1,0.0124,0.1256,0,0.1119,0.7096,97.41,KR
0,153297,0.4838,0.6457,1,-5.298,0,0.0568,0.3473,0,0.2469,0.3691,121.45,JP
0,187455,0.618,0.8527,7,-7.002,1,0.1132,0.2805,0.01836,0.1701,0.6477,116.934,BR
0,166906,0.7627,0.6696,7,-9.103,1,0.0639,0.0941,0.11414,0.272,0.6281,105.818,KR
1,183447,0.6829,0.5294,7,-5.909,0,0.0375,0.1382,0,0.078,0.3227,114.097,US
0,230875,0.7764,0.7965,4,-10.654,0,0.0272,0.2345,0.09378,0.0618,0.9019,113.819,BR
0,204651,0.4771,0.8458,6,-9.63,0,0.0016,0.0798,0.12032,0.0,0.4439,108.542,KR
0,178650,0.7876,0.6368,8,-5.088,0,0.1458,0.4004,0.02029,0.1784,0.4151,151.906,DE
0,189703,0.4413,0.753,7,-10.745,0,0.038,0.1756,0,0.2163,0.4074,90.402,KR
1,209913,0.5151,0.8148,7,-8.918,1,0,0.0609,0.07535,0.1238,0.7457,117.552,US
0,222827,0.4641,0.8995,7,-7.928,1,0.0583,0.3879,0,0.1445,0.648,104.626,JP
1,149872,0.5373,0.9949,2,-6.412,1,0,0.2804,0,0.3047,0.7939,101.937,US
0,242843,0.5406,0.6286,5,-8.567,0,0.1597,0.3538,0.02478,0.0,0.4447,133.386,JP
1,186242,0.7093,0.747,0,-3.268,0,0.0429,0.0,0.15447,0.1522,0.5862,127.094,US
1,217233,0.7274,0.6319,6,-5.441,0,0.0232,0.0598,0.16701,0.2136,0.5955,108.113,BR
0,192124,0.5305,0.5246,3,-4.994,0,0.1062,0.2601,0.16574,0.2731,0.4117,145.317,JP
0,189104,0.5885,0.5856,4,-9.369,0,0.1307,0.0764,0.01149,0.2745,0.368,116.213,KR
0,226855,0.3716,0.6879,3,-4.537,1,0.0651,0.2649,0.06193,0.15,0.4215,142.029,JP
0,170983,0.7323,0.6168,1,-10.87,0,0.0715,0.1896,0.09831,0.381,0.7938,109.254,BR
0,163370,0.5792,0.6652,8,-7.99,0,0.0711,0.4018,0,0.1552,0.5619,109.15,JP
0,215410,0.6068,0.6357,6,-8.687,0,0.1038,0.2181,0,0.204,0.5666,105.217,BR
0,191705,0.4799,0.8929,8,-1.702,1,0.0956,0.2742,0.06537,0.0824,0.7818,97.756,KR
1,160496,0.7628,0.6935,10,-0.23,0,0.0083,0.1835,0.23617,0.2276,0.5909,131.128,US
0,199776,0.6472,0.7195,0,-7.179,0,0.1347,0.2125,0.10507,0.1298,0.5864,120.809,US
1,211092,1.0,0.6045,9,-2.769,1,0.1457,0.3224,0.11721,0.1831,0.6173,114.454,BR
1,174225,0.8013,0.76,8,-8.842,1,0.1201,0.204,0,0.1268,0.5479,100.992,BR
0,287820,0.6171,0.6434,3,-10.125,0,0.1416,0.2549,0.05983,0.2517,0.603,94.822,DE
1,161869,0.3851,0.672,8,-8.159,0,0,0.4477,0.1046,0.1505,0.4922,135.299,JP
0,140627,0.6369,0.5137,1,-2.135,0,0,0.2142,0,0.2425,0.7907,128.118,KR
0,207298,0.7641,0.7985,11,-10.687,1,0.0602,0.307,0.11003,0.1904,0.6347,94.558,KR
0,172874,0.6925,0.822,3,-5.38,1,0.0631,0.3079,0.09272,0.2001,0.4975,86.999,KR
1,230616,0.5283,0.7362,5,-5.976,1,0,0.2348,0.03048,0.4652,0.5898,129.556,DE
0,190911,0.7634,0.871,1,-4.346,0,0.1768,0.279,0.06151,0.2255,0.4871,131.029,BR
0,205437,0.9193,0.7634,10,-6.875,1,0.0896,0.1309,0.1544,0.011,0.7901,151.923,US
1,135279,0.6002,0.6968,10,-6.625,1,0.0994,0.2538,0.08117,0.2348,0.5776,118.803,US
0,178179,0.5073,0.7615,1,-8.918,1,0.0336,0.3339,0,0.0205,0.4524,183.659,DE
0,288360,0.6061,0.5647,7,-4.573,1,0.1405,0.1761,0.0019,0.2006,0.4087,137.49,DE
1,265175,0.5722,0.7302,2,-16.843,0,0.0806,0.3891,0,0.1228,0.4807,99.51,JP
0,254361,0.6471,1.0,2,-10.058,0,0.0844,0.3246,0.04296,0.066,0.4169,102.73,KR
0,156652,0.5199,0.8151,7,-0.117,1,0.0875,0.3298,0.17732,0.2069,0.6584,132.563,JP
0,217145,0.6405,0.6245,5,-12.482,0,0.159,0.3219,0.19974,0.0742,0.6584,100.631,JP
1,252184,0.657,0.8019,2,-5.743,0,0.0729,0.0522,0,0.0713,0.46,147.728,US
0,281360,0.5288,0.6868,2,-3.713,1,0.048,0.4217,0.16254,0.2759,0.7737,112.126,DE
0,217603,0.626,0.7435,9,-5.008,0,0.062,0.1567,0,0.1621,0.7741,122.802,BR
0,224576,0.5459,0.6363,5,-10.451,1,0.1211,0.3059,0.01753,0.073,0.5515,102.036,JP
1,197040,0.3854,0.8247,6,-8.933,1,0.0534,0.1642,0,0.1857,0.4256,99.702,US
0,213568,0.6302,0.8326,1,-6.755,0,0.0115,0.4304,0.07097,0.1935,0.9613,100.222,KR
0,170952,0.4898,0.9613,2,-5.844,1,0.0953,0.3463,0.0679,0.2224,0.427,102.768,JP
0,203478,0.7067,0.8087,7,-6.001,0,0.0849,0.2535,0.20883,0.2575,0.3368,111.429,DE
1,227837,0.7876,0.9213,4,-4.628,1,0,0.2262,0.03651,0.3027,0.4475,133.255,US
0,176843,0.8113,0.6161,4,-6.61,0,0.1339,0.3507,0.17195,0.2448,0.7117,97.62,BR
1,251298,0.6644,0.3516,10,-7.918,1,0.0405,0.2112,0.01972,0.2555,0.4726,122.199,DE
0,231103,0.4485,0.6158,7,-7.868,0,0.1144,0.2272,0.06552,0.2236,0.5045,127.927,DE
1,221209,0.719,0.6129,11,-8.234,0,0.1453,0.2796,0,0.0967,0.3499,110.043,BR
0,170838,0.5981,0.6114,2,-5.748,0,0.1487,0.1099,0.11612,0.2087,0.4247,118.331,US
1,176981,0.6508,0.6273,6,-6.741,0,0.0132,0.0773,0,0.2181,0.8153,95.997,BR
0,294325,0.5779,0.9395,4,-6.415,1,0.0668,0.3171,0.03492,0.1171,0.6011,114.905,US
0,178688,0.955,0.659,7,-7.663,0,0.1325,0.1365,0,0.1718,0.6266,119.359,BR
1,198506,0.542,0.7679,9,-9.992,0,0.1364,0.4372,0.0605,0.1928,0.6441,119.196,KR
0,197420,0.801,0.5096,1,-7.114,0,0.0835,0.4388,0,0.2445,0.325,133.624,JP
0,268970,0.4572,0.6432,6,-8.899,0,0.1207,0.4336,0.24249,0.1169,0.3734,108.351,JP
0,120318,0.56,0.8578,7,-7.776,0,0.0311,0.17,0.12616,0.1641,0.5406,115.543,JP
0,180260,0.6578,0.6783,10,-4.197,1,0.0737,0.2926,0.3106,0.1591,0.5957,110.438,JP
0,203544,0.6748,0.9897,10,-4.087,1,0.1101,0.1786,0,0.0,0.4259,135.781,DE
0,237654,0.4569,0.5973,10,-9.161,0,0.0643,0.0477,0.12749,0.1588,0.479,126.738,KR
0,292757,0.6927,0.6152,10,-3.706,1,0.1546,0.0807,0,0.1511,0.7044,90.996,US
0,137283,0.696,0.7162,2,-10.16,1,0.056,0.1498,0.08379,0.3597,0.3435,136.005,KR
0,185996,0.8053,0.4433,9,-6.077,0,0.0411,0.3137,0.16027,0.2633,0.358,126.536,JP
0,224184,0.7772,0.5031,7,-9.3,0,0.0415,0.394,0.07091,0.0463,0.5406,109.765,KR
1,198782,0.9009,0.8199,7,-3.293,0,0.124,0.273,0,0.2054,0.5366,122.246,US
1,204706,0.6345,0.5604,3,-2.747,0,0.0426,0.0991,0.05114,0.3138,0.4089,133.844,DE
0,204289,0.8214,0.9803,7,-5.275,1,0,0.274,0.27236,0.4084,0.4273,116.849,BR
0,249827,0.6,0.7661,2,-3.008,0,0.072,0.0606,0.09657,0.2434,0.5774,113.971,KR
0,166782,0.4674,0.7348,0,-6.645,0,0.057,0.1842,0,0.246,0.4203,131.662,JP
1,175049,0.5497,0.6995,2,-3.616,1,0.0937,0.1306,0.04024,0.1109,0.6001,127.603,US
0,224842,0.437,0.8514,6,-7.396,1,0.1204,0.3479,0.17909,0.0785,0.4984,119.595,KR
0,281242,0.5741,0.6868,1,-8.241,0,0.0754,0.1253,0.04732,0.2325,0.667,120.927,US
1,245421,0.5547,0.768,10,-8.892,1,0.0534,0.2267,0.1749,0.0,0.7363,115.597,BR
0,298375,0.4761,0.7176,5,-2.964,1,0.1049,0.3308,0.12743,0.1413,0.3944,141.096,KR
0,216403,0.7238,0.6862,2,-7.82,0,0.0107,0.2808,0.09858,0.0174,0.7173,130.977,BR
0,270209,0.3922,0.644,7,-12.218,1,0.1269,0.3805,0.12466,0.1822,0.4141,155.85,JP
0,158540,0.5483,0.8369,5,-7.515,0,0,0.3291,0,0.1767,0.3999,118.074,DE
0,204774,0.608,0.7905,7,-8.189,1,0.0961,0.2154,0,0.1639,0.4942,124.921,DE
0,150022,0.8128,0.8544,9,-5.712,1,0.14,0.2941,0,0.4171,0.5992,114.593,KR
0,209223,0.7792,0.8375,9,-5.16,1,0.1395,0.1018,0,0.0689,0.5187,143.293,BR
0,172142,0.8384,0.5858,5,-9.333,1,0.1564,0.353,0.06614,0.25,0.774,77.238,KR
0,195018,0.6205,0.7914,11,-8.757,1,0.1445,0.4026,0.13825,0.3732,0.379,142.4,JP
0,246287,0.7378,0.9449,9,-9.12,0,0.0891,0.09,0,0.0,0.7091,133.838,KR
0,164732,0.5781,0.4254,2,-9.896,0,0.0762,0.1876,0,0.248,0.5728,111.671,DE
0,156471,0.6634,0.7013,5,-4.482,1,0.0493,0.2187,0,0.2409,0.6588,99.831,BR
0,185000,0.347,0.6059,9,-8.239,1,0.0275,0.0007,0.15583,0.2766,0.5365,124.251,DE
0,200210,0.6734,0.5777,9,-4.71,1,0.0218,0.0241,0,0.1167,0.4302,127.352,DE
1,250975,0.8415,0.7819,2,-3.041,1,0.0663,0.1183,0.21203,0.2266,0.5998,143.537,US
0,282430,0.725,0.6642,11,-11.991,1,0.0882,0.5095,0.07487,0.0815,0.3363,94.667,JP
0,226226,0.6028,0.739,11,-7.177,1,0.1151,0.4314,0.1192,0.0768,0.6904,140.213,BR
0,151406,0.5329,0.7307,4,-13.367,1,0.12,0.4632,0.07383,0.217,0.3643,128.478,JP
1,207618,0.8508,0.7072,7,-7.219,0,0.2135,0.2685,0,0.0614,0.4699,90.445,BR
0,171969,0.5302,0.7023,3,-9.137,0,0,0.2728,0.11748,0.2654,0.3934,139.518,JP
0,191706,0.7473,0.8985,7,-8.066,0,0.1215,0.293,0.05869,0.3031,0.6913,111.414,KR
0,166829,0.941,0.8315,8,-7.836,1,0.1515,0.2024,0.06543,0.0408,0.3885,120.859,US
0,229101,0.7148,0.7488,8,-7.484,0,0.0512,0.2409,0.00244,0.1097,0.395,98.571,JP
0,173995,0.3462,0.7673,1,-10.561,0,0.1743,0.2483,0.08791,0.1692,0.6466,130.334,KR
0,214873,0.7919,0.5909,6,-4.719,1,0.1692,0.199,0,0.1289,0.3769,101.535,US
1,234510,0.5279,0.5607,10,-7.037,1,0.0417,0.1894,0.1378,0.1164,0.4653,121.951,DE
0,239344,0.7503,0.7843,10,-10.002,0,0.0427,0.4592,0.24618,0.1166,0.3896,81.763,KR
0,188288,0.6791,0.8816,8,-6.894,0,0.0464,0.3677,0.12545,0.1077,0.3779,135.531,US
1,235117,0.7721,0.659,10,-5.767,0,0.1628,0.0261,0.16115,0.156,0.3396,121.42,DE
1,229244,0.8496,0.8276,10,-7.705,0,0.1475,0.2781,0.12079,0.1086,0.3655,129.603,US
0,243503,0.7069,0.7874,2,-12.9,0,0.0393,0.4942,0.01633,0.0209,0.478,146.752,JP
0,168729,0.6062,0.6281,2,-4.024,0,0.1447,0.101,0.12928,0.2558,0.4757,167.408,JP
0,278222,0.5535,0.5713,9,-10.367,1,0.085,0.0976,0.12566,0.1777,0.6871,108.145,US
0,222920,0.8635,0.7295,7,-9.062,0,0.0235,0.3056,0,0.0,0.6672,94.713,KR
0,226845,0.7146,0.5983,2,-8.308,1,0.096,0.2071,0.05523,0.0876,0.5908,131.09,KR
0,221487,0.5451,0.9556,0,-9.547,1,0.2057,0.4106,0,0.1005,0.5906,94.366,KR
1,185587,0.5259,0.5299,8,-10.9,1,0,0.4335,0,0.1504,0.559,110.64,DE
0,302959,0.7903,0.6194,8,-6.334,1,0.0892,0.2749,0,0.2811,0.7346,123.816,BR
0,158973,0.5959,0.6974,6,-5.562,0,0.0812,0.3627,0.00501,0.1305,0.2063,126.994,JP
1,208529,0.7355,0.8967,9,-7.877,0,0.15,0.0861,0.15508,0.0,0.6398,142.045,KR
0,250571,0.9785,0.5279,2,-9.633,1,0.1251,0.3587,0.16901,0.0968,0.7839,122.356,BR
0,236300,0.8872,0.6148,2,-7.071,0,0.1369,0.452,0,0.0397,0.3706,112.099,KR
0,251806,0.8192,0.8397,10,-11.71,1,0.0228,0.1641,0.1683,0.1931,0.5824,154.141,US
0,243067,0.5332,0.7819,6,-9.796,0,0.0771,0.4044,0.08534,0.1376,0.517,101.942,BR
0,189834,0.3751,0.627,0,-7.589,1,0.0283,0.1489,0.01184,0.2468,0.6145,151.598,JP
0,153450,0.5452,0.3962,6,-12.009,0,0,0.4089,0,0.1706,0.3992,125.342,JP
0,216866,0.4605,0.835,1,-3.192,0,0,0.3613,0.08657,0.2191,0.3968,139.571,JP
0,204119,0.584,0.5292,1,-4.719,0,0.0,0.2788,0.11646,0.2011,0.3179,143.894,DE
0,156645,0.8825,0.6299,0,-0.735,0,0.039,0.1004,0.0937,0.2996,0.6982,101.065,BR
0,140473,0.6877,0.5854,5,-9.479,0,0,0.0,0.11869,0.2017,0.3819,137.824,US
0,136917,0.7582,0.7474,4,-6.546,1,0.0166,0.3805,0.08811,0.414,0.5233,120.135,BR
1,192180,0.7314,0.81,1,-6.083,1,0.1583,0.0257,0,0.0902,0.7261,117.096,US
0,258397,0.6279,0.5853,0,-6.188,1,0.0967,0.2499,0,0.0,0.5551,106.336,KR
0,176366,0.6985,0.6515,4,-8.862,0,0,0.4183,0,0.2665,0.5528,144.073,JP
0,196953,0.9489,0.6326,7,-12.008,0,0.0842,0.3089,0.04303,0.2318,0.7355,88.516,KR
0,289290,0.7476,0.6004,9,-10.296,0,0.0867,0.1507,0.16073,0.1901,0.3816,115.588,JP
0,80414,0.64,0.7441,3,-8.021,0,0.1814,0.3218,0,0.1769,0.31,125.72,DE
0,249556,0.7595,0.7337,10,-6.702,0,0.0599,0.258,0,0.312,0.6421,130.976,KR
0,177439,0.5053,0.5975,11,-6.987,1,0.0398,0.391,0,0.1997,0.7113,126.442,JP
0,229097,0.556,0.7691,11,-8.297,0,0.0717,0.1828,0.00266,0.1854,0.7048,106.212,US
0,218369,0.5211,0.5163,6,-8.232,0,0.0723,0.2107,0.09441,0.0552,0.3451,111.667,DE
0,173286,0.6979,0.7206,6,-9.135,0,0.0263,0.4457,0,0.0792,0.3976,111.903,JP
0,185853,0.4571,0.6587,6,-12.23,1,0,0.3679,0.14678,0.0547,0.632,121.824,JP
0,220079,0.5825,0.7054,5,-5.469,1,0.0599,0.0914,0,0.2877,0.514,84.26,DE
0,184085,0.6423,0.6978,3,-8.025,1,0.1667,0.1819,0.10295,0.1891,0.4906,129.941,DE
0,254643,0.7999,0.7047,4,-8.038,0,0.1999,0.3404,0,0.2061,0.6482,95.581,BR
0,215720,0.6355,0.6169,5,-11.247,1,0,0.2697,0.1657,0.1098,0.8253,150.905,KR
1,158028,0.5225,0.5584,8,-9.428,1,0.1378,0.1755,0.0562,0.2029,0.3987,143.343,DE
0,292718,0.6601,0.8036,7,-8.874,0,0.0534,0.0909,0.0529,0.0757,0.6249,85.967,KR
1,253483,0.6253,0.5292,6,-5.312,0,0.1308,0.4177,0,0.2223,0.4381,144.792,DE
0,229151,0.5027,0.707,10,-8.869,1,0,0.3424,0.08407,0.2353,0.4733,99.08,KR
0,170480,0.5853,0.8631,0,-1.599,0,0.1281,0.2831,0.12594,0.236,0.5608,130.403,JP
0,188771,0.7869,0.8492,7,-15.379,0,0.0242,0.3824,0.08241,0.1498,0.5586,115.162,US
1,237067,0.7245,0.6859,11,-6.73,0,0,0.4158,0.05576,0.4827,0.7317,142.865,BR
0,260599,0.6848,0.6767,5,-8.965,0,0.0679,0.1544,0.16206,0.1135,0.5458,147.673,US
0,273165,0.7172,0.8268,6,-7.307,1,0.1862,0.2402,0,0.1091,0.616,165.364,KR
0,150126,0.645,0.6241,2,-6.217,1,0.1499,0.3405,0.35895,0.0166,0.4153,121.527,DE
0,216011,0.5999,0.7769,10,0.029,1,0.102,0.0988,0.10362,0.3032,0.5527,125.532,KR
0,175258,0.7384,0.6946,2,-8.533,1,0.0499,0.3007,0.14105,0.0601,0.603,113.824,US
1,200041,0.71,0.6569,10,-6.93,1,0.0673,0.0028,0,0.095,0.3604,115.15,DE
0,166771,0.6712,0.5808,8,-7.442,0,0.0398,0.1109,0.01937,0.1225,0.4985,121.029,US
0,231002,0.6711,0.7509,10,-6.407,1,0.0399,0.0973,0.02684,0.0867,0.4724,136.288,KR
1,267793,0.6166,0.9241,7,-9.054,0,0.0165,0.3318,0.19348,0.042,0.5633,116.001,US
0,226635,0.6316,0.5641,8,-1.328,0,0.115,0.3017,0.00077,0.2032,0.3495,106.504,DE
0,140405,0.589,0.7561,10,-10.26,1,0.0614,0.0989,0.19074,0.2679,0.4422,111.411,KR
0,125198,0.4959,0.8641,5,-8.817,1,0.0076,0.3089,0.0907,0.0815,0.6102,140.571,KR
0,240812,0.7389,0.8269,6,-7.65,0,0.0546,0.0,0,0.0917,0.7786,114.369,BR
0,218579,0.6818,0.7188,4,-12.936,0,0.1353,0.3744,0.09365,0.2252,0.5816,121.275,JP
0,248096,0.6462,0.8499,11,-9.008,1,0.0898,0.2287,0.12005,0.024,0.2288,111.892,JP
0,289552,0.6707,0.5064,5,-4.052,1,0.1266,0.1622,0.09589,0.1385,0.4797,96.373,DE
0,167577,0.4935,0.7979,5,-5.983,0,0.0369,0.4144,0.13551,0.2828,0.8226,125.208,DE
0,250394,0.6884,0.6754,5,-8.378,0,0,0.28,0,0.1367,0.3299,137.44,DE
0,180311,0.6695,0.6164,8,-5.011,0,0.0823,0.3143,0,0.2246,0.5392,113.957,KR
0,187078,0.866,0.6779,4,-7.308,0,0.1628,0.1871,0.15785,0.1533,0.6858,119.327,BR
0,156817,0.8039,0.7753,0,-7.975,0,0.2102,0.1335,0.17574,0.024,0.8146,120.387,KR
1,170246,0.7194,0.7148,8,-8.722,1,0.0001,0.1294,0.20394,0.1525,0.4831,106.758,US
1,227656,0.7061,0.7006,0,-10.364,1,0.0756,0.2372,0,0.2112,0.5731,104.812,DE
1,253821,0.5714,0.7339,11,-4.57,0,0.1369,0.1015,0.01482,0.1354,0.6653,166.57,US
0,243618,0.6322,0.5537,6,-7.414,0,0.1705,0.271,0,0.2269,0.838,124.744,DE
0,144970,0.4049,0.8502,0,-9.918,1,0.0884,0.4085,0.00752,0.1939,0.4786,108.343,JP
0,191836,0.5051,0.5465,4,-8.166,1,0.0497,0.27,0,0.0521,0.4121,114.922,DE
0,194751,0.5196,1.0,2,-0.802,0,0.0485,0.3596,0.0976,0.1441,0.4813,151.749,KR
0,243942,0.6151,0.6098,10,-5.569,1,0.1024,0.2432,0.06561,0.1769,0.7432,119.802,US
0,213913,0.7066,0.6166,11,-9.179,1,0.1573,0.4233,0,0.1882,0.5059,142.31,DE
1,214020,0.8088,0.7019,4,-7.433,1,0.0954,0.3764,0.06976,0.2247,0.8141,155.161,BR
0,170189,0.7867,0.6129,6,-6.504,0,0,0.0596,0.03136,0.0616,0.8292,106.25,BR
0,266228,0.4715,0.5296,0,-7.355,0,0.0202,0.2359,0.03812,0.0328,0.2534,123.43,DE
1,123182,0.7924,0.7346,2,-9.029,1,0.0429,0.4387,0,0.0,0.3535,127.885,US
0,269218,0.836,0.8913,2,-8.469,1,0.0238,0.2479,0.10773,0.2805,0.5281,110.242,US
1,180792,0.9351,0.6828,11,-8.453,0,0.1589,0.3018,0.02189,0.1285,0.6002,87.039,BR
0,240516,0.7481,0.7307,5,-6.583,0,0.0976,0.3071,0.0539,0.1278,0.3692,153.217,DE
1,250606,1.0,0.7098,4,-7.052,0,0,0.2606,0.03966,0.1571,0.7364,106.083,BR
0,163439,0.6571,0.6489,8,-7.171,1,0.0241,0.1453,0.06442,0.1318,0.5716,147.025,DE
1,267895,0.7319,0.6343,1,-8.355,0,0.2281,0.4216,0.09325,0.2294,0.4347,98.335,US
0,231846,0.7388,0.4157,1,-9.756,1,0.0234,0.4798,0.12202,0.0076,0.4784,120.506,DE
1,197709,0.6896,0.5558,11,-7.516,0,0.058,0.1626,0.03211,0.0203,0.8204,113.336,BR
0,246890,0.6115,0.5789,8,-8.378,1,0.1543,0.1768,0,0.1637,0.1957,126.464,DE
1,202571,0.6962,0.7589,1,-5.109,0,0.1483,0.0,0,0.2063,0.2648,116.498,DE
0,197309,0.6145,0.8123,8,-6.127,1,0.0832,0.1213,0,0.247,0.2274,102.826,US
0,261130,0.4255,0.605,0,-6.629,0,0,0.2396,0.14663,0.0821,0.4751,145.113,KR
0,261256,0.8302,0.5341,8,-8.494,0,0.1037,0.3763,0.11408,0.0,0.4358,152.852,BR
0,186809,0.6786,0.6094,9,-7.322,1,0.0915,0.3552,0.06733,0.0759,0.638,107.937,JP
0,176855,0.5816,0.3989,3,-5.174,1,0.1064,0.4035,0.11535,0.1756,0.6389,141.748,JP
0,233259,0.8701,0.4571,4,-6.473,1,0.1556,0.3906,0.15327,0.0,0.6268,106.395,BR
0,197623,0.5579,0.9984,10,-6.85,0,0.0171,0.398,0.18594,0.2629,0.5492,118.163,US
0,217516,0.6577,0.6463,7,-3.999,0,0.075,0.3695,0.23965,0.3261,0.4394,126.939,JP
0,199628,0.6803,0.6323,3,-8.957,0,0.1546,0.3216,0,0.2519,0.5581,140.808,DE
1,254765,0.742,0.7897,9,-3.963,1,0.0413,0.1107,0.11496,0.016,0.4675,102.463,US
0,277610,0.8991,0.6828,4,-8.072,1,0,0.2536,0.18167,0.327,0.6533,132.086,BR
0,169682,0.4777,0.8375,0,-8.85,0,0.0248,0.2372,0,0.1748,0.6214,93.641,KR
0,150916,0.7661,0.8597,1,-5.016,1,0.0206,0.1952,0,0.2321,0.239,103.578,KR
1,227965,0.9584,0.3949,9,-4.064,1,0.0377,0.1757,0.02898,0.1256,0.8259,105.101,BR
1,177130,0.7196,0.8065,4,-5.437,1,0.1061,0.2244,0.1173,0.0019,0.5416,129.493,BR
1,248439,0.4712,0.8601,0,-9.03,0,0.045,0.0683,0.01435,0.2936,0.4602,125.981,US
0,228673,0.4059,0.9258,11,-9.878,1,0.1592,0.2903,0,0.083,0.6577,101.205,JP
1,195826,0.688,0.6557,5,-11.438,0,0.1574,0.0,0.06441,0.315,0.4535,131.712,US
0,181536,0.8127,0.7304,8,-5.787,1,0.1114,0.1055,0,0.201,0.7105,108.314,BR
1,281586,0.7189,0.5919,2,-6.776,0,0.1507,0.345,0.18509,0.0,0.4413,82.876,US
1,153069,0.611,0.5531,2,-6.277,1,0.0176,0.1537,0.092,0.0997,0.306,125.799,DE
0,222227,0.627,0.5456,9,-6.748,1,0.1038,0.2383,0.03482,0.0387,0.598,102.809,DE
0,293339,0.699,0.7953,11,-5.508,0,0.0499,0.1633,0,0.0939,0.6424,117.316,JP
0,159510,0.6893,0.7073,4,-9.6,1,0.1258,0.3407,0,0.111,0.5737,108.355,US
0,151003,0.7025,0.6491,0,-3.052,1,0.0489,0.206,0.20499,0.2413,0.6575,139.895,BR
0,231799,0.5852,0.7533,2,-4.022,1,0.0545,0.3544,0.0649,0.0881,0.5722,149.988,JP
1,231734,0.734,0.7835,7,-7.583,1,0.0856,0.0923,0,0.2123,0.6055,150.427,US
1,202478,0.8012,0.8068,7,-6.095,1,0,0.3434,0.11447,0.1258,0.4435,113.64,JP
0,214767,0.5665,0.7975,10,-8.205,1,0.1683,0.2567,0.26612,0.217,0.2725,95.781,JP
0,189275,0.7018,0.6725,4,-2.535,1,0,0.2435,0.05769,0.3091,0.6818,93.374,BR
0,215858,0.661,0.8524,8,-5.934,0,0.058,0.1174,0.0382,0.0847,0.7902,123.311,KR
0,162662,0.5102,0.8829,11,-8.091,0,0.15,0.2644,0,0.2794,0.3989,95.996,US
0,198481,0.5736,0.4645,10,-5.791,1,0.1227,0.1749,0,0.2557,0.6154,102.213,KR
0,207244,0.7024,0.4353,4,-1.653,1,0.09,0.2609,0.11637,0.1514,0.4425,134.191,KR
1,213704,0.6163,0.5554,11,-11.326,1,0.0986,0.2082,0,0.1271,0.2689,134.787,US
0,222498,0.6602,0.6868,5,-6.09,1,0.0156,0.1547,0.15798,0.1172,0.3516,131.569,KR
0,321708,0.7062,0.777,9,-9.61,1,0.0545,0.2682,0.37071,0.2759,0.4696,108.301,US
0,135700,0.6314,0.6352,0,-8.248,1,0.0531,0.2144,0.01337,0.1903,0.4394,110.733,JP
0,228797,0.8405,0.6696,7,-10.291,1,0.149,0.2577,0.00615,0.2755,0.7372,98.029,BR
1,284370,0.7729,0.778,10,-6.667,1,0.1928,0.0909,0,0.1226,0.5558,128.92,US
0,307415,0.6913,0.6742,10,-8.262,0,0.1646,0.2353,0.20313,0.0555,0.7576,132.201,KR
1,219115,0.5661,0.5227,1,-8.943,0,0,0.348,0.19969,0.1432,0.2782,169.874,DE
0,159403,0.8995,0.6684,2,-6.257,1,0.1243,0.2871,0.05288,0.0994,0.3925,133.883,DE
0,229981,0.6739,0.8349,2,-9.818,0,0.0979,0.1862,0.27804,0.1704,0.5496,94.727,KR
0,237334,0.3868,0.6511,10,-8.589,1,0.0188,0.2821,0.17707,0.1079,0.5857,132.656,JP
0,281667,0.898,0.6605,8,-4.529,0,0.1429,0.5292,0.18743,0.1398,0.9279,74.789,BR
1,218413,0.4453,0.647,2,-5.382,1,0.0446,0.2511,0.07947,0.1444,0.3869,135.302,DE
0,235761,0.3898,0.8698,8,-5.896,0,0.088,0.3244,0.01183,0.1564,0.514,149.444,JP
0,231405,0.7911,0.5645,5,-3.138,0,0.1601,0.3635,0.11638,0.0892,0.479,145.969,DE
1,181108,0.8128,0.6419,5,-7.994,0,0.042,0.2207,1e-05,0.2215,0.6416,118.944,BR
1,267511,0.7973,0.5889,5,-6.606,0,0.1417,0.1431,0.08506,0.0218,0.3847,118.916,DE
0,285967,0.7424,0.2651,9,-6.442,1,0.1052,0.167,0.02956,0.0,0.4526,142.025,DE
1,307709,0.4923,0.8798,6,-9.757,0,0.1455,0.2837,0.05305,0.134,0.2931,122.005,DE
0,213428,0.8532,0.9141,3,-6.684,0,0.0521,0.2489,0.06792,0.1599,0.5095,112.66,US
0,209829,0.7533,0.502,11,-5.797,1,0.1283,0.4231,0,0.0484,0.8567,115.217,BR
0,204223,0.8068,0.615,9,-6.11,0,0.0858,0.1521,0.16952,0.049,0.9777,129.652,BR
0,242911,0.6535,0.5961,2,-8.623,0,0,0.2229,0.10826,0.229,0.3037,123.58,JP
0,188021,0.428,0.6672,4,-9.192,1,0.0763,0.2928,0,0.2554,0.3794,124.463,DE
0,173377,0.5995,0.504,11,-10.089,0,0.127,0.4806,0.13493,0.2119,0.6026,166.904,DE
1,198713,0.883,0.4753,8,-6.882,0,0.0375,0.4856,0,0.1463,0.4634,138.009,US
1,294167,0.7937,0.7523,10,-0.969,1,0.0333,0.2379,0,0.0894,0.3699,106.606,US
0,202020,0.6802,0.678,4,-8.488,0,0,0.2815,0.05385,0.1291,0.3568,141.835,DE
0,239618,0.7858,0.7708,11,-5.586,0,0.0958,0.2708,0.18063,0.1549,0.4747,124.276,KR
0,248361,0.6827,0.6755,8,-4.993,0,0.0501,0.2072,0.27845,0.1961,0.6395,74.556,KR
0,265571,0.5519,0.507,4,-7.168,1,0.2059,0.1071,0.05837,0.0,0.3748,102.028,JP
0,249112,0.8689,0.875,1,-6.062,1,0.1622,0.2258,0.06741,0.2524,0.5715,136.857,BR
0,228355,0.9368,0.7355,8,-6.474,1,0.0133,0.0,0.14901,0.1449,0.41,119.465,KR
0,245738,0.5582,0.8008,5,-3.071,1,0.0457,0.3204,0,0.3815,0.4922,120.526,DE
0,168033,0.8456,0.7998,6,-3.543,1,0.131,0.3227,0.10851,0.1951,0.3821,120.749,BR
1,283232,0.53,0.7846,4,-5.646,1,0.1104,0.419,0,0.0681,0.5829,162.3,JP
0,291243,0.6389,0.7318,8,-8.835,1,0.0969,0.5097,0.09792,0.2296,0.3736,110.21,JP
0,246525,0.6222,0.5371,3,-6.806,0,0.1154,0.2459,0.08714,0.1587,0.5449,98.265,US
0,206597,0.8024,0.8787,5,-7.743,0,0.1002,0.1909,0.13191,0.1915,0.5045,119.276,DE
1,168847,0.7907,0.7764,4,-7.22,0,0,0.2022,0.06815,0.2007,0.6029,95.454,KR
0,194865,0.4868,0.6077,1,-10.508,1,0.0843,0.2827,0,0.149,0.3729,131.555,JP
0,227954,0.73,0.8366,9,-2.063,0,0,0.3526,0.08944,0.1955,0.7288,119.815,KR
0,85455,0.7068,0.3654,2,-7.959,1,0.1884,0.3396,0.08407,0.3542,0.5628,140.063,JP
0,256993,0.6451,0.7448,0,-8.213,1,0.0808,0.1847,0.1883,0.2713,0.5512,117.468,KR
0,246730,0.7273,0.7739,1,-6.927,0,0.0458,0.1381,0.03834,0.1386,0.6915,145.617,US
0,194645,0.638,0.4862,3,-7.016,0,0.144,0.392,0.11968,0.1661,0.5409,143.671,JP
1,194230,0.3507,0.8656,7,-9.339,1,0.0677,0.1773,0.02797,0.1177,0.6505,82.25,DE
1,213095,0.8381,0.7614,1,-7.124,0,0.0232,0.203,0.01189,0.3154,0.802,125.376,BR
1,178570,0.7188,0.8286,8,-7.404,1,0.0502,0.4283,0.06425,0.1952,0.7461,97.803,BR
0,262344,0.5789,0.7817,10,-5.353,0,0.124,0.3819,0,0.0,0.4841,92.045,JP
1,250424,0.6431,0.4365,1,-11.295,0,0.1307,0.0559,0.02182,0.3156,0.5027,110.925,KR
0,154906,0.5255,0.8432,2,-7.234,1,0.1155,0.2572,0,0.1624,0.7025,121.172,BR
0,199521,0.7003,0.7904,5,-3.927,0,0.0527,0.3385,0.05939,0.0132,0.3883,119.38,US
1,182590,0.6614,0.6919,8,-4.712,0,0.0945,0.1911,0,0.254,0.5694,125.446,BR
0,237362,0.7968,0.5876,11,-10.661,0,0.0478,0.2035,0.02529,0.0471,0.8223,132.122,BR
0,164021,0.5602,0.747,6,-9.356,1,0,0.2606,0,0.0975,0.5719,123.798,DE
0,239782,0.7827,0.7781,10,-10.082,1,0.0336,0.2665,0.15291,0.1548,0.6482,126.678,US
0,127398,0.5152,0.8338,5,-6.147,0,0.1329,0.2332,0,0.2085,0.3258,101.934,KR
1,200629,0.5848,0.6167,5,-4.03,0,0.0899,0.2486,0.00897,0.0793,0.2618,129.467,JP
0,173614,0.8817,0.7309,1,-3.61,0,0.0756,0.3364,0.15138,0.1576,0.5348,159.327,JP
0,156881,0.6242,0.6973,8,-3.803,1,0.0303,0.229,0.21512,0.2463,0.4318,121.557,US
0,180608,0.6668,0.4818,8,-7.36,0,0.1418,0.1352,0,0.1535,0.2441,126.132,DE
1,156994,0.6136,0.8573,9,-11.35,0,0.0234,0.1841,0.08422,0.2057,0.6132,101.028,BR
0,273202,0.5768,0.5453,4,-10.606,1,0.0519,0.1266,0,0.0994,0.7291,122.691,BR
0,190741,0.7884,0.8655,0,-7.143,0,0.0975,0.2747,0.04049,0.3402,0.5527,108.594,KR
0,201011,0.7021,0.7519,9,-7.808,1,0.1666,0.0,0,0.2124,0.5165,115.456,US
0,162180,0.599,0.8687,9,-4.461,1,0.0539,0.2212,0,0.0589,0.4974,149.353,KR
0,206001,0.4992,0.7114,3,-5.836,1,0.0373,0.2341,0,0.0981,0.4192,146.08,BR
0,176577,0.5942,0.6436,2,-2.688,1,0.0232,0.3178,0,0.2945,0.5309,127.312,JP
0,218041,0.6138,0.6224,11,-7.7,1,0.1549,0.0757,0,0.144,0.5335,122.801,US
0,243123,0.7299,0.8858,4,-8.637,0,0.1025,0.1452,0,0.1927,0.7368,91.069,BR
1,278543,0.8006,0.5242,5,-6.787,1,0.1595,0.0245,0.11978,0.0218,0.4197,121.333,US
0,171755,0.5885,0.5914,10,-10.987,0,0.0074,0.0951,0.11639,0.2364,0.3659,114.729,DE
1,210177,0.8898,0.7392,2,-10.596,1,0.0939,0.0785,0,0.1821,0.5357,149.391,US
0,224759,0.6978,0.7818,9,-2.349,0,0.0928,0.3034,0,0.1105,0.5081,137.701,JP
1,201751,0.7104,0.5968,4,-5.459,0,0.1287,0.261,0.09725,0.1437,0.6307,96.134,BR
0,177934,0.7831,0.7841,4,-1.219,1,0.0787,0.0823,0,0.1885,0.716,147.775,BR
0,188784,0.6966,0.7166,9,-5.114,1,0.1281,0.1566,0.00557,0.0586,0.6747,118.624,KR
0,185138,0.6297,0.5863,9,-5.247,1,0.1486,0.3678,0.26899,0.2344,0.3712,133.058,JP
0,269485,0.5868,0.6596,4,-7.763,1,0.0605,0.3638,0,0.3503,0.2782,117.327,DE
0,169080,0.5849,0.629,11,-6.784,1,0.0988,0.3465,0.10031,0.1743,0.6839,105.348,JP
0,191079,0.8204,0.5258,4,-9.758,1,0.0469,0.3283,0.04042,0.0441,0.6696,122.922,JP
1,229344,0.8497,0.7908,11,-6.566,1,0,0.3525,0.07589,0.1473,0.5235,137.182,BR
0,264583,0.9043,0.7665,3,-5.141,1,0.0954,0.266,0,0.1556,0.8039,99.873,BR
0,286766,0.6253,0.7741,3,-1.902,1,0.0244,0.0252,0.19922,0.1846,0.3908,109.664,DE
0,241273,0.6856,0.7911,11,-6.499,1,0,0.3351,0.04104,0.154,0.6509,121.034,DE
0,201523,0.5859,0.8502,3,-7.858,0,0.0956,0.1072,0.09917,0.0025,0.4782,107.863,BR
1,260936,0.9795,0.7544,3,-7.808,0,0.0335,0.2585,0,0.0,0.6168,134.491,US
0,295816,0.6574,0.6099,1,-8.428,1,0.0106,0.1889,0.13553,0.085,0.5245,107.714,BR
0,173755,0.696,0.6692,5,-6.678,1,0.0414,0.0449,0,0.0,0.4609,110.568,BR
1,119378,0.8004,0.6526,2,-6.801,1,0.1197,0.0575,0.04118,0.19,0.5877,124.529,US
0,167022,0.7697,0.6793,5,-11.497,1,0,0.0749,0.2134,0.1768,0.3108,129.308,US
1,149250,0.8741,0.6247,10,-3.307,1,0.0465,0.1339,0.2481,0.118,0.6944,125.631,BR
0,187783,0.5065,0.7795,0,-6.719,0,0.0428,0.1394,0,0.2422,0.4419,97.058,DE
0,251998,0.5615,0.5954,6,-10.397,1,0.1076,0.3338,0.11687,0.3314,0.4699,119.038,JP
1,171231,0.5603,0.5652,8,-5.623,0,0.1681,0.2859,0.11251,0.244,0.7747,147.946,US
0,122226,0.8224,0.6308,9,-7.855,1,0.0872,0.2047,0,0.0445,0.9298,110.504,BR
0,174847,0.5867,0.522,9,-6.774,1,0.0824,0.2922,0.18014,0.1756,0.3456,121.332,DE
0,256619,0.8923,0.6206,6,-9.167,0,0.1311,0.3639,0,0.1806,0.4739,113.851,BR
0,253163,0.4286,0.4362,11,-5.98,1,0.1899,0.2433,0,0.0158,0.5715,99.055,JP
0,194841,0.8555,0.7086,3,-8.14,0,0.0582,0.1859,0,0.3205,0.5683,129.646,KR
0,187906,0.7723,0.687,8,-8.389,0,0.099,0.0779,0.10409,0.2071,0.4005,114.111,US
0,219369,0.3758,0.4407,11,-8.866,0,0.0429,0.0359,0,0.2021,0.537,122.677,JP
0,141321,0.5492,0.8438,8,-5.08,0,0.095,0.2322,0.07621,0.251,0.5202,94.011,US
0,227892,0.5695,0.5146,1,-3.508,0,0.0223,0.2964,0.05895,0.0855,0.4965,110.674,DE
1,202835,0.8092,0.5145,3,-5.207,0,0.0815,0.1026,0.06263,0.107,0.1677,143.411,DE
0,142213,0.7616,0.8217,0,-7.936,0,0.1249,0.253,0.10953,0.1532,0.8788,126.442,BR
0,269445,0.7203,0.6998,8,-10.577,1,0,0.3414,0,0.0,0.5784,102.631,KR
1,199745,0.7244,0.8435,7,-8.86,0,0.1439,0.191,0,0.0869,0.3558,157.182,JP
0,223844,0.7458,0.584,11,-7.579,0,0.0058,0.1808,0.07705,0.2766,0.6113,130.189,BR
1,253277,0.5649,0.7276,4,-2.283,1,0.1089,0.2152,0.13985,0.1955,0.5085,105.944,KR
0,255813,0.6528,0.709,5,-7.112,0,0.1415,0.0,0,0.0751,0.4299,106.018,US
1,189698,0.7895,0.7222,2,-9.992,1,0.0351,0.2388,0,0.2767,0.5086,110.711,DE
1,168584,0.7557,0.8256,2,-5.56,1,0.0853,0.2272,0.00494,0.069,0.3233,110.678,US
0,110936,0.2748,0.571,11,-12.635,1,0.095,0.2401,0.15994,0.2729,0.6503,150.415,JP
1,221852,0.7522,0.6537,5,-13.002,0,0.0306,0.1767,0.14445,0.2497,0.5282,128.6,DE
0,183539,0.651,0.7456,9,-6.757,1,0.2013,0.3766,0.10343,0.1153,0.5682,111.084,JP
0,222398,0.7149,0.6174,7,-6.746,1,0.0933,0.0464,0.02446,0.026,0.5625,100.721,US
0,197296,0.7209,0.6928,9,-8.071,1,0,0.3677,0.03375,0.186,0.5874,97.907,BR
0,256959,0.4397,0.4875,11,-8.949,1,0.0514,0.2769,0,0.1362,0.3651,113.98,JP
0,135709,0.6728,0.6967,10,-7.008,0,0.1268,0.1575,0.10158,0.3409,0.6477,101.908,US
0,174283,0.6243,0.9493,0,-5.612,1,0.0227,0.2279,0.10555,0.0925,0.5469,130.874,US
0,203703,0.7743,0.728,6,-8.437,0,0.2226,0.2906,0.11599,0.3036,0.531,129.837,US
0,190366,0.764,0.7686,3,-8.121,0,0.0811,0.0606,0,0.1674,0.5481,123.884,KR
1,194355,0.6855,0.8872,0,-6.36,1,0.0049,0.1269,0.18632,0.261,0.5079,114.403,US
0,265273,0.7058,0.7507,5,-0.722,0,0.0949,0.104,0,0.2615,0.444,126.241,DE
0,162474,0.6599,0.721,7,-6.235,1,0,0.0676,0,0.2236,0.5348,97.369,BR
0,239381,0.7459,0.7071,11,-6.539,0,0.1267,0.0813,0.25523,0.1585,0.4904,146.699,DE
0,270181,0.5227,0.8667,4,-7.5,0,0.0523,0.2099,0.1119,0.405,0.3532,165.127,JP
0,261195,0.6618,0.886,6,-9.169,1,0.0858,0.0713,0.08361,0.0192,0.631,120.113,KR
0,160335,0.9553,0.7528,2,-9.08,0,0.1209,0.2815,0.05481,0.1728,0.6498,84.688,BR
0,235503,0.4262,0.7104,7,-8.65,1,0.1481,0.332,0.01114,0.0292,0.903,132.325,JP
1,200936,0.9193,0.7377,11,-5.56,0,0.1088,0.2251,0.12115,0.1908,0.5689,109.494,BR
0,196707,0.8501,0.9742,10,-6.043,1,0.0276,0.0246,0.15554,0.1613,0.3557,102.903,DE
0,245997,0.577,0.6229,5,-9.537,0,0.1119,0.2429,0.03177,0.2628,0.4865,130.578,JP
0,269599,0.5109,0.8257,11,-7.109,1,0.2092,0.1498,0.07928,0.2444,0.7811,127.702,KR
0,231512,0.5498,0.6441,4,-8.608,0,0.1145,0.2355,0.03193,0.1882,0.4252,149.689,US
0,154104,0.5608,0.6086,1,-9.33,0,0.1306,0.1216,0.16852,0.0621,0.5602,115.695,US
1,173272,0.6982,0.7326,0,-6.494,1,0.1157,0.1016,0,0.0908,0.8225,91.182,BR
1,150251,0.7624,0.7815,5,-9.379,0,0.0287,0.2805,0.06646,0.2035,0.4067,122.21,DE
0,247712,0.7618,0.6554,9,-4.741,1,0.0928,0.2801,0.10028,0.1743,0.4552,107.062,KR
0,268417,0.443,0.742,5,-5.283,1,0.0748,0.3112,0,0.0822,0.6558,137.545,JP
0,183813,0.6572,0.7405,1,-1.796,1,0.1054,0.3766,0.00989,0.0552,0.3531,93.092,DE
0,175056,0.5367,0.7292,0,-4.656,1,0.081,0.2601,0.0622,0.2313,0.3763,116.657,DE
0,177637,0.6653,0.6864,0,-7.258,0,0.0321,0.4189,0.11742,0.2441,0.2903,100.796,JP
1,239360,0.5948,0.7946,11,-2.376,0,0.0392,0.4289,0.05905,0.1788,0.6695,96.987,JP
0,252709,0.8329,0.8018,3,-8.503,1,0.0245,0.2113,0.00737,0.2041,0.3028,116.571,US
0,221947,0.5895,0.8278,3,-2.526,0,0,0.2125,0.00612,0.2564,0.2431,95.385,DE
0,232917,0.5406,0.7138,10,-5.486,1,0.1617,0.0821,0.25423,0.1189,0.4646,133.176,DE
0,189552,0.732,0.5106,8,-3.656,1,0.013,0.2012,0.0078,0.2471,0.5841,88.171,BR
0,154008,0.6965,0.7439,3,-10.504,0,0.132,0.1192,0.05688,0.2299,0.5386,122.949,BR
0,169983,0.7679,0.7734,7,-6.217,1,0.0822,0.2545,0,0.153,0.4579,123.789,KR
0,191942,0.6875,0.7175,10,-5.351,0,0.0642,0.3385,0.1159,0.0598,0.3477,105.194,JP
1,221330,0.6745,0.7644,5,-5.426,1,0.0441,0.4287,0.01751,0.0868,0.4642,57.0,KR
0,247912,0.6254,0.7521,6,-10.928,1,0.1241,0.0682,0.1953,0.1709,0.7936,123.018,DE
1,204849,0.6988,0.7163,8,-3.693,1,0.0685,0.0685,0.07256,0.0763,0.7514,143.542,BR
1,155280,0.8274,0.5888,2,-4.675,1,0.0878,0.1942,0.12024,0.0,0.5819,130.853,BR
0,196133,0.6857,0.5672,0,-8.682,0,0.1643,0.4437,0,0.2834,0.5072,100.15,BR
0,222710,0.8945,0.6243,1,-7.347,1,0.0204,0.1444,0.08492,0.1328,0.8008,128.92,BR
0,201640,0.6831,0.8032,6,-1.777,1,0.0936,0.2757,0,0.1432,0.5358,123.971,US
0,187715,0.6173,0.7942,7,-5.013,0,0,0.4667,0.1046,0.3547,0.4052,160.907,JP
1,175448,0.733,0.7555,7,-3.201,1,0.1351,0.5518,0,0.2224,0.5766,106.703,BR
0,246263,0.4883,0.5058,4,-8.882,1,0.0141,0.4894,0.07619,0.0639,0.6214,98.613,JP
1,269174,0.6653,0.4454,2,-5.56,0,0,0.3796,0.06308,0.3618,0.6307,140.035,BR
0,276185,0.6587,0.8946,6,-10.153,0,0.1039,0.2986,0.18463,0.2647,0.4295,147.505,JP
0,220063,0.5877,0.5642,7,-9.873,1,0.0464,0.4008,0.0595,0.1861,0.4992,158.286,JP
0,209568,0.5218,0.8776,3,-5.689,1,0.1507,0.3916,0.08328,0.1087,0.664,118.938,KR
0,208531,0.5072,0.6715,4,-7.331,0,0.045,0.3274,0.00315,0.0,0.3519,126.081,JP
0,234279,0.5409,0.6664,6,-12.212,1,0.0039,0.2359,0.14283,0.1893,0.5817,135.021,US
0,220659,0.6629,0.9615,10,-6.577,0,0.1028,0.464,0.10474,0.0,0.6418,127.466,KR
0,225918,0.6829,0.5825,8,-9.502,1,0.1082,0.1772,0.07119,0.2515,0.7256,131.195,BR
1,217355,0.6623,0.627,9,-8.691,1,0.2002,0.3681,0,0.2505,0.0729,130.146,JP
0,261564,0.5469,0.6593,5,-5.885,1,0.0096,0.0,0.01889,0.0757,0.2583,97.922,DE
0,201560,0.5412,0.943,7,-6.39,1,0,0.2863,0,0.1566,0.5289,130.311,JP
1,204255,0.4987,0.6892,5,-7.601,1,0.0701,0.2459,0.05786,0.1867,0.7176,110.751,US
0,192760,0.8653,0.5743,8,-10.317,1,0.0504,0.1206,0.2416,0.1887,0.609,126.697,BR
1,326748,0.4429,0.7189,3,-10.66,1,0.0421,0.2397,0.02494,0.1334,0.1035,128.342,DE
0,229161,0.763,0.8548,3,-5.174,0,0.0168,0.1741,0,0.1723,0.5976,139.889,US
1,199188,0.7477,0.5971,7,-8.499,0,0.134,0.2157,0,0.2384,0.2802,137.522,DE
0,243855,0.5869,0.8167,1,-6.696,1,0.0514,0.1611,0.03872,0.0837,0.5101,119.481,BR
0,169777,0.793,0.6827,3,-8.61,0,0.1505,0.2114,0.03206,0.0451,0.9568,95.765,BR
0,162657,0.9121,0.905,1,-4.75,1,0.1125,0.2705,0.0704,0.0,0.5311,100.228,JP
0,141447,0.5931,0.6225,6,-10.424,0,0.0808,0.3318,0.10455,0.0298,0.4034,105.087,JP
0,144614,0.7101,0.7356,10,-3.607,0,0.1827,0.236,0,0.0,0.4512,132.336,KR
0,227695,0.8167,0.764,4,-8.674,1,0,0.0795,0.05351,0.0,0.5959,115.666,US
0,196042,0.6752,0.6578,6,-12.766,1,0.1164,0.2529,0.00492,0.1623,0.4716,107.484,DE
0,207072,0.707,0.5679,3,-4.235,1,0.1406,0.466,0,0.216,0.6792,120.77,BR
0,255853,0.9799,0.8295,9,-8.946,0,0.1045,0.1668,0.02393,0.2539,0.5786,134.241,KR
1,134244,0.6388,0.7542,0,-6.883,0,0.1398,0.3334,0.18578,0.1662,0.6862,123.494,DE
0,185211,0.8886,0.5264,5,-3.188,0,0.1627,0.1357,0.0252,0.1837,0.5825,127.671,BR
1,241341,0.6116,0.8597,0,-11.891,0,0.113,0.1088,0,0.0,0.4184,140.38,US
0,208095,0.772,0.5148,5,-11.55,0,0,0.0182,0.21019,0.129,0.6153,103.194,BR
0,195909,0.7479,0.4502,7,-4.467,0,0.0751,0.1004,0.0688,0.2123,0.4791,112.053,BR
1,190791,0.6207,0.8587,7,-14.272,0,0.1989,0.0689,0,0.1739,0.4536,136.994,DE
1,220950,0.6988,0.8163,6,-7.959,1,0.0886,0.271,0,0.1917,0.6041,128.793,US
0,129921,0.6308,0.6175,9,-5.456,0,0.0439,0.1582,0.01685,0.0002,0.3023,143.468,DE
0,179733,0.6538,0.6543,1,-4.93,0,0.0368,0.3856,0.14041,0.3808,0.3844,121.848,DE
0,207690,0.5768,0.8175,6,-5.826,1,0.0558,0.4036,0,0.0,0.3115,126.977,JP
0,297873,0.6735,0.6511,4,-2.788,0,0.0138,0.2201,0.00487,0.1266,0.4724,90.111,KR
0,160429,1.0,1.0,11,-1.058,1,0.0516,0.1186,0,0.4118,0.788,133.852,US
0,227905,0.849,0.809,0,-10.605,0,0.1401,0.0685,0,0.335,0.6703,112.455,KR
0,174640,0.8541,0.9217,6,-7.256,0,0.0318,0.163,0.02822,0.0978,0.6367,107.857,US
0,233131,0.4275,1.0,4,-5.053,1,0.0356,0.09,0,0.201,0.6767,110.567,KR
0,282286,0.6711,0.5793,2,-8.724,1,0.1403,0.1812,0.17427,0.0,0.9117,145.622,KR
0,250099,0.7571,0.6724,2,-4.735,1,0.0809,0.2803,0,0.2113,0.5291,111.708,KR
0,276972,0.7701,0.8133,10,-5.51,1,0.0662,0.3725,0.01601,0.1974,0.8009,125.353,BR
1,96285,0.4359,0.4769,1,-6.506,0,0,0.6074,0.02537,0.0795,0.5377,137.306,DE
1,213458,0.5979,0.5203,8,-8.069,1,0.1852,0.3394,0,0.1152,0.3143,101.441,DE
0,232728,0.6146,0.6786,8,-7.918,1,0.0896,0.1616,0.09689,0.2092,0.6953,137.636,KR
1,236846,0.7713,0.792,10,-7.323,0,0.0802,0.2169,0.25434,0.0876,0.5034,143.425,US
0,191494,0.5227,0.8514,8,-7.204,0,0.0464,0.0564,0.07629,0.1676,0.7735,145.544,KR
0,184850,0.6099,0.7002,9,-5.985,1,0.1211,0.2615,0,0.3063,0.5528,122.409,KR
0,233277,0.5555,0.7284,4,-3.624,0,0.0629,0.1493,0,0.0642,0.6337,158.663,JP
0,200572,0.5911,0.6417,1,-7.609,0,0.0553,0.1878,0.02936,0.1979,0.7045,113.14,JP
0,210961,0.6767,0.5136,6,-2.409,0,0.0863,0.1597,0,0.1262,0.3847,100.715,KR
0,182396,0.4712,0.5644,0,-8.088,0,0.0385,0.3623,0.12643,0.3242,0.4418,93.469,US
0,240013,0.5093,0.6715,8,-6.752,0,0.0617,0.1943,0,0.1275,0.6242,113.398,DE
0,210344,0.7444,0.6595,5,-8.532,1,0.0318,0.2986,0,0.2645,0.6887,107.61,JP
0,242843,0.6332,0.7099,10,-11.789,0,0.1194,0.3412,0.15887,0.2326,0.599,137.485,JP
0,319319,0.7996,0.5767,2,-12.204,1,0,0.2025,0,0.0495,0.6766,117.125,BR
0,208173,0.4701,0.6814,3,-10.978,0,0,0.0262,0,0.0,0.5011,116.108,KR
1,238116,0.7833,0.8533,2,-6.08,1,0.1335,0.1594,0,0.0,0.7136,93.34,US
0,201582,0.66,0.6683,3,-10.234,1,0.2169,0.1693,0,0.1394,0.7717,114.993,JP
1,259947,0.7849,0.6829,5,-5.864,0,0.0735,0.2092,0,0.1879,0.3655,108.0,BR
1,183907,0.7855,0.6524,6,-8.491,1,0.0607,0.3209,0.12551,0.3264,0.7767,127.206,BR
1,180877,0.8818,0.5462,3,-3.09,0,0.0864,0.2319,0,0.2615,0.7273,108.8,BR
0,334299,0.5742,0.8421,7,-5.033,0,0.0337,0.4019,0.13695,0.0801,0.839,101.995,KR
1,287026,0.7241,0.7774,0,-5.365,0,0.1869,0.2725,0,0.2177,0.8199,116.038,BR
0,212323,0.4897,0.7626,3,-4.553,1,0.0926,0.0615,0.12534,0.1573,0.54,119.188,JP
0,181549,0.6989,0.8803,10,-7.156,0,0.0841,0.2434,0.34601,0.2328,0.6832,113.824,US
1,238980,0.5316,0.476,3,-7.606,0,0.0447,0.3675,0,0.1511,0.4129,139.436,DE
0,201898,0.4922,0.7401,0,-7.97,0,0.0518,0.2106,0.03215,0.2391,0.3834,118.142,JP
0,184903,0.6573,0.6963,8,-6.763,0,0.0318,0.4722,0,0.2929,0.3673,126.871,JP
0,139856,0.7469,0.8149,1,-3.989,0,0,0.163,0.01325,0.1064,0.4103,90.631,JP
0,182050,0.6309,0.5196,8,-6.317,0,0.1177,0.2013,0,0.1362,0.7465,97.384,US
0,248774,0.5397,0.6062,1,-12.382,1,0,0.3853,0.02897,0.1595,0.2744,109.777,DE
0,225327,0.6483,0.8168,6,-7.279,1,0.0316,0.0,0.1092,0.1493,0.6006,100.277,KR
0,206135,0.8558,0.7451,11,-5.52,0,0.157,0.0539,0,0.2033,0.5424,112.599,BR
0,207369,0.72,0.7642,4,-3.954,0,0,0.0,0.04073,0.2126,0.6319,113.818,KR
0,215565,0.7178,0.639,5,-9.845,1,0.1613,0.3137,0,0.1112,0.4385,131.479,KR
0,205424,0.5677,0.5604,4,-3.809,0,0.0796,0.3213,0,0.0,0.6718,121.096,JP
0,207087,0.9482,0.6354,7,-8.036,0,0.0618,0.2724,0,0.0161,0.5395,126.946,BR
0,226306,0.7493,0.732,2,-5.547,0,0,0.0781,0.08447,0.2337,0.5525,149.812,BR
0,219535,0.8418,0.5817,10,-5.771,1,0.1393,0.2865,0.02357,0.0,0.5513,104.401,BR
1,294479,0.7192,0.7786,1,-7.531,1,0.1327,0.3117,0.30953,0.1821,0.614,119.754,US
0,231212,0.6134,0.6954,2,-12.269,1,0.0629,0.3606,0.19412,0.2128,0.4501,123.376,JP
1,194406,0.8375,0.7543,3,-8.184,0,0.0886,0.2971,0.0003,0.2255,0.7374,109.085,US
0,242036,0.695,0.814,1,-7.549,1,0.1801,0.3641,0.2362,0.0574,0.4806,115.119,US
0,229796,0.7347,0.8032,9,-9.371,1,0.0637,0.2958,0.17731,0.086,0.6831,112.557,DE
0,290300,0.4468,0.7317,2,-8.386,1,0,0.2504,0.23158,0.1328,0.662,134.406,US
0,199585,0.6362,0.6923,7,-9.317,1,0,0.3378,0,0.0751,0.7172,162.993,JP
0,156687,0.6145,0.5914,3,-6.856,1,0.1622,0.3154,0,0.1308,0.637,106.261,KR
1,353699,0.7069,0.8725,2,-6.656,0,0.1318,0.2207,0.16674,0.0,0.5992,108.351,US
0,111249,0.5717,0.6674,3,-6.182,0,0.0794,0.1601,0.03143,0.1076,0.5771,90.375,KR
0,190053,0.6113,0.9046,2,-4.869,0,0.1,0.2528,0.05049,0.1758,0.7309,98.688,BR
0,245091,0.7733,0.8683,11,-7.892,1,0,0.2795,0.0984,0.164,0.7867,127.504,KR
0,203349,0.6196,0.7499,7,-10.276,1,0.1419,0.1811,0.02348,0.0584,0.6581,166.344,DE
0,280715,0.5601,0.627,6,-6.503,0,0.1521,0.0,0.01834,0.1354,0.3936,106.82,DE
0,251389,0.9662,0.6522,1,-8.31,0,0.152,0.2766,0.06361,0.1404,0.6249,137.022,BR
1,308447,0.7181,0.7507,0,-5.449,0,0.0602,0.5066,0,0.109,0.5607,116.67,US
0,164532,0.8943,0.6832,8,-13.312,0,0.0565,0.4098,0.0175,0.2014,0.4428,115.626,JP
1,219073,0.556,0.5595,9,-8.278,0,0.0714,0.3166,0,0.2078,0.6357,141.853,DE
0,166398,0.4907,0.9038,8,-1.542,1,0.0499,0.2406,0.01453,0.2952,0.6372,116.111,KR
1,271480,0.7769,0.8499,7,-7.843,0,0.0912,0.1373,0.13643,0.0685,0.8995,108.914,BR
0,183653,0.7205,0.7073,9,-6.099,1,0.0661,0.2167,0.0228,0.0522,0.9365,117.663,US
0,224707,0.8277,0.669,4,-7.297,1,0.0098,0.2903,0.00445,0.0623,0.4646,113.026,BR
0,187917,0.4502,0.6603,10,-1.913,0,0.0174,0.1815,0.04578,0.0852,0.5077,127.951,JP
1,234774,0.8016,0.8267,7,-5.903,0,0.0407,0.2897,0,0.1196,0.6183,129.186,US
0,278001,0.604,0.7534,5,-4.879,1,0.1492,0.1769,0.01642,0.0513,0.5431,126.95,US
0,229033,0.7259,0.4159,6,-10.084,0,0.1324,0.1758,0,0.2082,0.8656,130.073,KR
1,197626,0.7422,0.8109,4,-5.926,1,0.1305,0.0941,0.01251,0.0922,0.6899,108.066,BR
0,210538,0.7081,0.6269,7,-4.885,0,0.1428,0.1724,0.16087,0.0922,0.7395,94.294,BR
1,199912,0.4646,0.769,11,-4.088,1,0.2073,0.2728,0.15762,0.1125,0.3495,155.162,DE
1,186759,0.4277,0.9219,10,-8.72,1,0.0293,0.0792,0.21116,0.1976,0.7425,140.689,BR
0,216520,0.7405,0.8054,0,-3.483,1,0.0842,0.2,0.14406,0.0886,0.7463,97.391,KR
0,159616,0.9608,0.4102,5,-3.965,0,0.1395,0.1406,0,0.2508,0.7381,131.432,BR
0,191821,0.4608,0.6454,1,-3.596,0,0.0897,0.2473,0,0.0482,0.3608,141.154,JP
0,249505,0.6962,0.633,4,-7.315,1,0.1047,0.4519,0.00325,0.1443,0.6627,91.351,DE
0,249831,0.5163,0.7602,11,-10.525,1,0.1381,0.3056,0.06332,0.2406,0.5798,120.316,JP
0,308506,0.7869,0.7271,5,-6.882,1,0.0027,0.4611,0.12434,0.1566,0.7503,113.048,BR
0,228732,0.6305,0.8177,11,-4.425,0,0.0369,0.26,0.08943,0.2208,0.6419,105.939,BR
0,228509,0.4744,0.6551,8,-8.392,0,0.1184,0.1543,0.13936,0.2193,0.4205,104.514,US
0,93932,0.6129,0.6956,11,-7.247,0,0.1647,0.1623,0.06108,0.0967,0.493,111.571,US
0,212334,0.8687,0.7862,10,-11.179,0,0.0581,0.4971,0,0.0576,0.5425,113.978,KR
0,227853,0.8262,0.6943,1,-5.426,1,0.1542,0.0,0.06202,0.2045,0.7008,97.151,BR
0,270881,0.8644,0.6263,7,-5.469,0,0.0837,0.2155,0.10608,0.2767,0.6323,112.174,BR
0,148225,0.5967,0.6125,11,-7.423,1,0.1152,0.265,0.07122,0.164,0.4197,129.237,JP
0,218263,0.6846,0.7166,2,-3.04,1,0.0741,0.3791,0.18145,0.2457,0.4092,113.52,JP
0,306007,0.6903,0.7,11,-5.34,1,0.1072,0.1867,0.08565,0.0318,0.708,125.544,BR
0,152822,0.8336,0.6857,1,-4.83,1,0.0099,0.2667,0,0.2607,0.7379,119.279,BR
0,209110,0.8232,0.5247,8,-10.11,1,0.0562,0.2153,0.0884,0.0613,0.5912,134.425,US
0,155733,0.8103,0.8156,0,-5.478,1,0.0975,0.3714,0.01837,0.2255,0.7046,123.943,KR
0,238990,0.7184,0.5463,10,-10.251,0,0.0027,0.1425,0.00579,0.0627,0.6361,106.974,KR
0,73046,0.7031,0.6656,2,-6.389,1,0.043,0.1322,0.0688,0.1625,0.5881,98.942,US
0,191490,0.925,0.5109,8,-3.951,0,0.0743,0.1985,0,0.1954,0.448,129.748,US
0,163505,0.6697,0.6161,6,-3.826,1,0.0582,0.1753,0.20186,0.0,0.5979,142.037,JP
1,223667,0.8412,0.9052,11,-0.923,1,0.0838,0.3009,0.02037,0.0,0.5202,105.548,DE
0,233569,0.6314,0.7327,4,-8.183,0,0.0721,0.3625,0.07527,0.0656,0.449,83.157,US
0,272801,0.7902,0.6648,6,-12.228,1,0.0442,0.1231,0.05678,0.2738,0.3366,126.908,DE
1,206730,0.8802,0.8332,3,-5.411,0,0.072,0.1554,0,0.1623,0.5846,97.244,BR
1,234381,0.8301,0.5762,5,-8.649,1,0.0574,0.0308,0.07725,0.1214,0.8736,144.264,BR
0,246443,0.6737,0.7145,4,-8.585,1,0.1064,0.2882,0.14886,0.0545,0.8321,144.393,BR
1,232780,0.6523,0.8939,7,-6.342,1,0.0666,0.4532,0.14179,0.2136,0.6467,139.249,US
0,169662,0.6615,0.7723,6,-6.254,0,0.0634,0.3672,0,0.0916,0.3009,126.77,DE
0,240640,0.6785,0.7506,4,-6.779,0,0.1054,0.2023,0.0705,0.2976,0.5202,104.459,US
1,240979,0.5355,0.6465,3,-6.954,1,0.0188,0.0377,0.04814,0.1677,0.6713,158.076,US
0,176614,0.8657,0.6675,1,-4.83,0,0.1294,0.4877,0.06006,0.1725,0.3254,128.579,DE
0,230220,0.6102,0.7411,5,-7.349,1,0.0198,0.1507,0.05075,0.2081,0.676,96.853,KR
0,183111,0.5685,0.7122,4,-6.116,1,0,0.3574,0.12698,0.1551,0.3672,131.452,JP
0,197193,0.8026,0.5439,9,-7.413,1,0.1493,0.2988,0.04721,0.1397,0.8233,117.255,US
0,267967,0.6904,0.6975,3,-9.501,0,0.1316,0.5003,0,0.0,0.7512,99.078,KR
0,229869,0.7277,0.794,5,-8.237,1,0,0.0463,0.03932,0.2241,0.4688,101.584,BR
1,226353,0.4711,0.6893,1,-9.226,0,0,0.2512,0,0.172,0.6415,120.768,DE
0,190784,0.869,0.7745,4,-6.929,0,0.1284,0.2536,0,0.2223,0.7065,118.055,KR
0,221677,0.4418,0.8287,1,-7.826,1,0.1409,0.4523,0,0.2527,0.4909,134.45,JP
0,190690,0.4732,0.4706,4,-3.793,1,0.0497,0.2576,0,0.2402,0.5257,120.715,JP
0,184033,0.7002,0.7059,10,-5.024,1,0.0241,0.1869,0.12622,0.0847,0.6974,132.87,KR
0,193227,0.4764,0.5981,6,-4.777,1,0.1556,0.3266,0.15082,0.1324,0.5071,105.14,JP
0,171932,0.5239,0.4933,4,-10.694,0,0.082,0.1802,0.04104,0.1663,0.6009,95.666,JP
0,240780,0.8283,0.7569,9,-7.103,0,0.1138,0.0606,0,0.0,0.7941,131.49,BR
0,238810,0.6466,0.7816,7,-3.769,0,0.0949,0.4276,0.1007,0.0923,0.2928,176.231,DE
0,188523,0.6437,0.7831,1,-6.41,0,0.0805,0.2361,0.16731,0.1783,0.3029,148.043,US
0,292880,0.5559,0.7623,9,-9.637,1,0.1327,0.1714,0,0.2186,0.603,160.505,JP
0,207036,0.5093,0.6418,10,-6.691,0,0.1476,0.1844,0.00075,0.0734,0.5785,109.882,KR
0,231935,0.8586,0.7868,9,-5.299,1,0.165,0.237,0,0.0695,0.7698,105.804,BR
0,203896,0.5648,0.8522,8,-7.269,0,0.0254,0.3728,0.02217,0.1828,0.5273,104.081,KR
0,192832,0.4141,0.624,4,-2.827,1,0.1844,0.3454,0,0.1861,0.3805,118.994,DE
0,186609,0.6099,0.5258,5,-1.432,1,0.0934,0.2621,0.0422,0.0878,0.3664,107.755,DE
0,218954,0.9849,0.8856,1,-9.213,0,0.0719,0.083,0.27292,0.1223,0.7584,120.185,BR
0,278527,0.7901,0.5396,2,-9.973,1,0.1311,0.2621,0.14539,0.2658,0.4634,117.873,US
0,203218,0.8584,0.8155,3,-3.098,0,0.0065,0.1166,0.017,0.1012,0.769,79.596,BR
0,128185,0.4802,0.5819,11,-3.812,1,0.095,0.3761,0.10521,0.0558,0.3138,160.283,JP
0,151526,0.723,0.8494,2,-9.309,1,0.1368,0.3035,0.16825,0.1996,0.8572,122.716,KR
0,209390,0.7671,0.9013,4,-4.903,0,0.0364,0.2809,0,0.1447,0.4259,153.107,JP
0,248949,0.7069,0.7414,0,-7.969,0,0.0555,0.3294,0,0.3067,0.5629,143.391,DE
0,162159,0.3693,0.6842,9,-6.031,0,0.067,0.3379,0,0.2424,0.7643,113.843,JP
0,208311,0.8148,0.8393,10,-6.34,1,0.0336,0.2426,0.20654,0.0,0.7068,115.816,BR
0,253513,0.5203,0.7285,0,-10.161,1,0.0891,0.0359,0,0.2051,0.6974,132.714,KR
0,190101,0.6782,0.6218,3,-6.665,0,0.0434,0.2045,0.04668,0.0,0.4986,103.53,DE
0,210007,0.7411,0.8409,4,-6.064,0,0.048,0.3299,0.32324,0.0,0.6467,135.193,US
0,304234,0.8308,0.7714,5,-3.242,0,0.0322,0.2154,0,0.254,0.6212,112.122,US
0,189581,0.5655,0.6096,9,-4.888,1,0.0725,0.3795,0.2278,0.3672,0.5281,159.404,JP
0,197558,0.4513,0.8256,7,-6.591,1,0.0919,0.2128,0.09098,0.092,0.4994,109.99,KR
1,237053,0.6065,0.837,7,-6.71,0,0.0894,0.2957,0,0.0559,0.5312,118.161,US
0,273690,0.4723,0.5639,4,-2.98,0,0.0825,0.1905,0.10096,0.0662,0.2967,142.793,JP
0,105092,0.6027,0.81,8,-7.847,1,0,0.2681,0.05925,0.0829,0.7023,117.013,US
0,290317,0.6805,0.7884,3,-7.321,1,0.0486,0.3225,0,0.0971,0.468,91.538,KR
1,186846,0.7853,0.7797,7,-11.158,1,0.088,0.2517,0.14173,0.1817,0.3342,108.521,DE
1,243560,0.7438,0.6199,1,-8.387,1,0.1237,0.3849,0.01703,0.3589,0.7977,133.205,BR
0,191758,0.5875,0.6968,8,-8.317,1,0.0646,0.2031,0.04279,0.1253,0.5761,104.406,KR
1,259186,0.3868,0.6449,3,-7.19,1,0.1352,0.3904,0.08042,0.1862,0.5518,152.429,JP
1,177135,0.8236,0.862,5,-6.472,1,0.2065,0.1601,0,0.3293,0.6504,119.356,BR
1,299825,0.4679,0.8423,5,-6.453,1,0.1344,0.2568,0,0.0874,0.6395,154.705,JP
0,345708,0.6037,0.335,10,-10.495,1,0.0504,0.1652,0.17925,0.0363,0.3894,105.538,US
0,199711,0.8465,0.636,3,-5.198,1,0.0862,0.3536,0.20139,0.1335,0.1188,141.328,DE
0,178066,0.8942,0.8501,9,-8.86,0,0.0207,0.2394,0,0.081,0.7827,130.837,BR
0,179055,0.6386,0.7312,1,-9.191,0,0.0203,0.2774,0.11958,0.2538,0.7284,106.891,BR
0,232724,0.6659,0.7272,7,-3.832,0,0.0911,0.2425,0,0.2239,0.6745,117.394,KR
0,244705,0.5565,0.5348,11,-5.163,1,0.1739,0.4242,0.15743,0.0802,0.1164,87.398,DE
1,306738,0.5597,0.8634,11,-8.878,1,0.0633,0.3125,0.09222,0.2077,0.5812,82.105,US
1,257851,0.5218,0.5412,6,-4.359,1,0.0137,0.3038,0,0.0335,0.5465,134.648,DE
1,155414,0.5638,0.4051,4,-7.296,1,0.0047,0.4344,0.07803,0.1516,0.7726,117.396,JP
0,193647,0.903,0.6964,2,-4.877,0,0.0637,0.3547,0.06004,0.2201,0.7007,112.8,KR
0,269322,0.5388,0.7117,8,-5.682,0,0.2076,0.2943,0.17065,0.1289,0.4549,124.016,DE
1,188264,0.9859,0.6035,2,-5.792,1,0.0719,0.2355,0,0.0,0.41,128.555,US
0,233729,0.6535,0.5258,1,-12.734,0,0.0724,0.1943,0,0.1564,0.3855,114.206,JP
0,169463,0.9506,0.4655,8,-4.641,1,0.1081,0.3227,0.12339,0.0405,0.7368,114.062,US
0,133220,0.8617,0.6964,2,-8.74,1,0.1181,0.0403,0.03647,0.2251,0.8443,86.928,KR
1,262424,0.7229,0.7594,6,-5.487,1,0.0159,0.1092,0.05888,0.2522,0.2585,109.493,KR
0,257262,0.454,0.5111,9,-6.784,1,0.0316,0.2729,0.09979,0.4118,0.6896,111.531,JP
0,179744,0.9374,0.8002,5,-5.141,0,0.0452,0.2989,0.1934,0.309,0.81,84.656,BR
0,213544,0.7191,0.4082,6,-7.247,0,0.031,0.2096,0.00326,0.0683,0.5034,108.346,DE
0,201658,0.7724,0.5614,4,-3.098,1,0.014,0.384,0.08403,0.2188,0.2598,99.007,JP
0,248577,0.7285,0.6836,6,-7.159,0,0.0903,0.1439,0,0.2962,0.491,128.22,DE
0,218371,0.7265,0.5081,3,-8.102,1,0.1218,0.0,0.01585,0.2208,0.5653,75.534,KR
0,211770,0.5533,0.5076,0,-7.042,0,0.0773,0.206,0,0.0477,0.7779,128.313,US
0,260194,0.9247,0.6937,1,-5.955,1,0.1781,0.225,0,0.1019,0.8139,128.547,BR
1,179341,0.716,0.6357,0,-4.32,1,0.0739,0.2798,0.03692,0.3055,0.5457,117.669,BR
1,179754,0.7538,0.6799,8,-3.196,0,0,0.4351,0.01543,0.0,0.5677,93.587,US
1,254738,0.7613,0.7129,9,-4.613,0,0.0464,0.1157,0.14993,0.0,0.7304,121.184,BR
0,249516,0.8413,0.7768,9,-9.589,0,0.1452,0.2506,0,0.2464,0.6793,110.764,BR
0,234572,0.5515,0.6991,7,-3.891,1,0.0464,0.4109,0,0.3014,0.1742,122.776,DE
0,193858,0.7217,0.7339,8,-6.703,0,0.1124,0.2913,0.07779,0.155,0.4739,127.051,US
0,209641,0.469,0.5788,6,-5.761,1,0.0568,0.0072,0.03833,0.2474,0.5886,111.169,DE
0,179887,0.6482,0.5967,8,-9.599,1,0.0394,0.2344,0,0.3051,0.9209,117.011,KR
0,213025,0.6452,0.6808,1,-6.284,0,0.0653,0.2916,0.00722,0.0434,0.5758,123.581,KR
0,268455,0.8495,0.782,0,-8.539,0,0.0629,0.4199,0.13956,0.0623,0.5928,138.664,BR
0,150229,0.7156,0.7472,1,-3.797,0,0.0712,0.2921,0.1929,0.267,0.4564,98.999,BR
0,247091,0.4498,0.8719,9,-7.85,1,0.0811,0.3085,0.05796,0.2294,0.6748,119.348,JP
0,238055,0.5848,0.7712,8,-7.498,1,0.0195,0.2812,0,0.3198,0.6081,135.963,KR
0,157322,0.9611,0.6802,9,-6.079,0,0.2191,0.1199,0.12905,0.0236,0.7561,95.503,BR
0,209922,0.8407,0.8409,2,-9.14,0,0.1587,0.0241,0.06198,0.0686,0.4877,126.45,BR
0,242216,0.8396,0.8693,8,-6.819,0,0.1317,0.2236,0.12965,0.2135,0.5925,158.602,KR
0,171198,0.4827,0.3418,11,-2.074,1,0.0769,0.2907,0.02765,0.1491,0.4185,106.101,DE
0,159127,0.6283,0.8014,1,-9.947,0,0.0236,0.3709,0.01427,0.0077,0.5711,157.481,DE
1,218654,0.6664,0.692,1,-7.682,1,0.1192,0.1718,0.03617,0.148,0.6917,92.171,US
0,274057,0.8871,0.66,0,-9.351,1,0.0029,0.3893,0.11065,0.1847,0.5056,119.856,JP
0,176131,0.6135,0.7251,2,-4.186,0,0.0512,0.4427,0.13278,0.2355,0.5306,123.453,JP
1,234859,0.7425,0.7898,10,-5.871,0,0.0911,0.0,0.06963,0.2549,0.8561,129.122,BR
0,164731,0.3997,0.8713,11,-10.118,0,0.0583,0.3288,0.03133,0.2387,0.4672,110.605,KR
0,249299,0.9773,0.7324,1,-4.314,1,0.045,0.3101,0.06705,0.0395,0.7022,93.916,KR
1,232546,0.5579,0.6598,11,-7.406,1,0.0174,0.3996,0.06955,0.0947,0.5484,97.749,KR
0,215097,0.4883,0.6503,1,-6.873,0,0.0135,0.3209,0,0.2755,0.3359,97.518,JP
0,147633,0.4041,0.8054,5,-6.87,1,0.0635,0.2558,0.1231,0.1156,0.4121,132.39,JP
1,165110,0.5923,0.6536,7,-10.807,0,0.0791,0.296,0,0.2883,0.4346,167.486,US
0,253466,0.5767,0.558,9,-4.946,1,0.0501,0.1803,0.09241,0.2332,0.4223,102.085,KR
1,284005,0.5855,0.734,0,-5.361,0,0.0428,0.4405,0.08522,0.055,0.4529,126.637,DE
0,228144,0.7508,0.8347,6,-2.474,0,0.0744,0.1515,0,0.1011,0.6824,118.329,KR
0,183034,0.5286,0.8722,7,-8.934,0,0.0822,0.1263,0.16733,0.2826,0.7112,145.07,US
0,204180,0.4548,0.6436,7,-6.404,0,0.0945,0.4618,0.06074,0.0646,0.3605,158.311,JP
0,195521,0.6487,0.6776,0,-4.08,0,0.0715,0.3002,0.00301,0.2019,0.5206,138.614,DE
1,255507,0.7476,0.7939,1,-3.759,1,0.0991,0.0962,0.03413,0.0148,0.4505,133.439,BR
0,170491,0.6066,0.6071,10,-6.19,1,0.0622,0.2388,0,0.2348,0.7895,139.743,KR
0,223744,0.5942,0.8788,1,-12.543,0,0.1534,0.1822,0,0.2602,0.7344,128.229,BR
0,148137,0.6045,0.7491,7,-8.922,1,0.197,0.3098,0.01894,0.1679,0.3409,115.901,DE
0,186207,0.9927,0.6274,5,-7.416,1,0.1328,0.2117,0,0.0585,0.6361,118.842,BR
1,227326,0.807,0.6753,6,-10.502,1,0.0425,0.3097,0,0.0095,0.927,91.216,BR
0,248719,0.647,0.8198,11,-6.183,0,0,0.4772,0.25157,0.2688,0.4493,107.137,DE
1,208538,0.5081,0.7178,6,-8.015,0,0.1011,0.0297,0.18821,0.1556,0.3087,114.21,US
1,134994,0.7344,0.5365,2,-5.401,1,0.0616,0.1796,0,0.1976,0.5469,123.768,US
1,189629,0.6924,0.7226,10,-3.639,1,0.1151,0.2691,0.032,0.0916,0.4272,99.287,KR
0,155629,0.5306,0.6034,8,-4.816,0,0.051,0.3379,0.07528,0.1085,0.5504,109.226,DE
0,193911,0.5384,0.8899,1,-6.016,1,0.0288,0.2085,0.12631,0.4393,0.3708,136.952,DE
0,184348,0.5942,0.5354,9,-8.779,1,0,0.4035,0.05071,0.0783,0.4842,75.598,JP
0,251627,0.9008,0.7318,3,-7.915,0,0.1579,0.1923,0.07553,0.2131,0.6992,86.124,BR
0,191139,0.8474,0.7787,5,-8.184,0,0.0331,0.0431,0,0.0544,0.4874,114.679,BR
0,159776,0.6643,0.8004,2,-9.425,1,0.0623,0.3637,0,0.2565,0.7433,152.667,KR
0,169225,0.8415,0.7109,3,-6.437,0,0.0252,0.1097,0.16374,0.223,0.6347,117.098,BR
1,163893,0.5628,0.7571,11,-5.699,1,0,0.1731,0.08497,0.1121,0.2559,152.888,DE
0,203040,0.5821,0.7695,0,-6.323,0,0.0212,0.1577,0.00616,0.061,0.6045,129.216,KR
0,256909,0.885,0.5682,2,-2.096,0,0,0.2723,0.07561,0.1611,0.5353,82.59,BR
0,252257,0.8333,0.688,1,-3.041,0,0,0.2848,0.21999,0.227,0.7663,89.502,BR
1,198785,0.5595,0.6451,1,-9.136,0,0.1085,0.2543,0.1262,0.011,0.615,129.075,US
0,231088,0.8497,0.6065,5,-6.786,0,0,0.2489,0.05264,0.0,0.5426,138.005,BR
0,191824,0.4322,0.5116,2,-9.366,1,0.202,0.3401,0,0.0985,0.4226,156.763,JP
0,162134,0.64,0.6049,11,-3.038,0,0.1102,0.3294,0,0.2546,0.5451,128.173,DE
0,252700,0.5886,0.4378,8,-7.273,1,0,0.3371,0.19154,0.1352,0.359,118.95,JP
0,244395,0.5165,0.7313,2,-4.334,1,0.0881,0.2378,0.13651,0.13,0.4137,137.949,DE
0,206978,0.52,0.7262,9,-4.223,0,0.1421,0.1041,0.07515,0.0408,0.5128,141.998,JP
1,242723,0.7624,0.859,8,-5.699,0,0.1,0.1725,0,0.1293,0.5412,151.5,US
0,204275,0.5866,0.8335,4,-7.254,0,0.0758,0.0251,0.23893,0.0522,0.68,129.31,KR
0,159020,0.5788,0.5948,0,-6.309,1,0.0858,0.1747,0,0.1747,0.5365,119.239,KR
1,151777,0.6325,0.4523,1,-9.44,1,0.0868,0.1722,0.09739,0.0303,0.4458,126.154,DE
0,181983,0.7835,0.556,10,-7.138,1,0.0734,0.3473,0,0.2865,0.4637,114.514,BR
0,259037,0.6536,0.5832,7,-0.863,1,0.0915,0.2178,0,0.1953,0.6851,113.189,US
0,217492,0.674,0.6717,4,-4.872,1,0.087,0.1151,0,0.0,0.5016,152.04,DE
0,218124,0.3705,0.7788,2,-9.746,1,0.2429,0.2091,0,0.0151,0.5206,115.987,JP
0,233697,0.4998,0.7463,5,-5.22,1,0.02,0.3393,0,0.2244,0.5109,111.739,JP
0,251668,0.4736,0.7025,11,-7.493,0,0.1045,0.3842,0.02314,0.2529,0.5519,143.656,BR
0,204454,0.3661,0.5844,4,-8.813,0,0.1117,0.332,0.00955,0.0,0.2121,105.54,JP
0,122087,0.8938,0.6954,9,-8.825,1,0.099,0.1949,0,0.2638,0.4441,127.58,US
1,209956,0.6737,0.7196,2,-9.551,0,0.0138,0.1162,0,0.1193,0.5773,134.985,BR
0,238249,0.4126,0.8107,11,-3.69,1,0.1348,0.2698,0.07358,0.0,0.527,145.461,JP
0,176260,0.8166,0.7138,11,-8.84,0,0.1347,0.3528,0,0.2399,0.6787,85.56,KR
0,201890,0.6983,0.6917,8,-6.755,1,0.0974,0.0448,0,0.0957,0.5324,98.876,US
0,131039,0.5774,0.6893,7,-7.881,0,0.0812,0.0452,0,0.1938,0.1748,137.18,DE
0,268289,0.7368,0.6614,11,-4.413,1,0.1267,0.1421,0.012,0.2945,0.5859,119.503,KR
0,208223,0.6651,0.6313,7,-8.978,0,0.0898,0.1444,0,0.3231,0.5541,122.327,JP
0,214323,0.6851,0.5543,2,-9.883,1,0.1313,0.19,0.02114,0.2263,0.6304,132.783,KR
0,220792,1.0,0.704,7,-7.582,0,0.1094,0.0995,0,0.2169,0.6513,97.423,BR
0,234503,0.9754,0.6478,2,-7.693,0,0.1014,0.2703,0.20302,0.1002,0.3711,160.841,BR
1,290358,0.76,0.6413,1,-5.52,1,0.1384,0.2119,0,0.283,0.767,125.008,BR
0,130049,0.6736,0.5284,1,2.576,1,0.0876,0.2849,0.20767,0.124,0.5341,126.702,JP
0,264322,0.6685,0.826,0,-4.828,0,0.0461,0.1732,0.04469,0.0769,0.4073,95.438,KR
1,317447,0.6588,0.689,2,-11.553,1,0.1009,0.1602,0.11138,0.26,0.5923,138.673,BR
0,220130,0.5849,0.8132,11,-6.498,0,0.0959,0.2809,0,0.2543,0.4189,128.334,JP
1,218015,0.8234,1.0,7,-4.336,1,0.126,0.063,0.1403,0.2617,0.4711,110.217,US
0,208287,0.8859,0.4085,10,-8.559,0,0,0.2277,0.08952,0.107,0.6741,124.316,BR
0,227464,0.6864,0.5338,1,-4.035,0,0.0857,0.2958,0.00187,0.0848,0.8052,113.643,KR
0,245339,0.6127,0.7464,5,-8.315,0,0,0.116,0.26246,0.2064,0.417,129.734,DE
0,273598,0.6753,0.7852,6,-8.584,1,0.1485,0.2301,0.09038,0.1097,0.8539,83.024,KR
0,223743,0.9432,0.6424,4,-7.356,1,0.014,0.4163,0.04398,0.3413,0.4839,116.803,BR
0,180141,0.8214,0.8256,10,-6.079,0,0.1104,0.1663,0.06584,0.2694,0.6856,136.634,US
0,181564,0.6877,0.4115,8,-8.946,0,0,0.4715,0.11584,0.1594,0.5531,119.236,JP
1,208134,0.5535,0.7489,8,-10.16,0,0.0977,0.0717,0.07975,0.4007,0.4169,118.639,US
0,151062,0.5219,0.7612,11,-1.289,0,0,0.1042,0,0.1909,0.902,136.362,US
1,307782,0.5929,0.8059,2,-8.739,1,0.1257,0.2002,0,0.1303,0.8308,103.468,BR
1,188797,0.7357,0.8097,3,-10.819,1,0.0996,0.0115,0,0.2015,0.5771,116.059,US
0,151037,0.6921,0.5262,3,-8.92,1,0.1101,0.3751,0,0.2858,0.3308,127.165,JP
0,189767,0.5345,0.8,7,-4.089,0,0.2307,0.3928,0.12732,0.1113,0.3924,178.999,DE
0,207835,0.9484,0.6349,11,-6.318,1,0.0823,0.1145,0.32709,0.3695,0.5092,100.289,BR
0,240888,0.4666,0.6418,0,-9.539,0,0.1122,0.2271,0.03696,0.0807,0.4982,151.432,JP
0,209668,0.8927,0.889,7,-6.679,0,0.0436,0.1564,0,0.1918,0.9219,114.429,BR
0,232807,0.6806,0.4286,6,-7.677,0,0.0156,0.1044,0.11715,0.0,0.5978,110.883,BR
0,164494,0.4304,0.6341,11,-5.82,0,0.0193,0.3931,0.12819,0.0555,0.2711,111.91,KR
0,267463,0.8049,0.9866,1,-6.087,1,0.1748,0.0968,0.02447,0.0,0.6543,148.239,BR
0,245372,0.5593,0.7023,11,-9.165,1,0.0841,0.2295,0,0.0883,0.3628,106.262,JP
0,234916,0.7047,0.7748,8,-5.767,0,0.0592,0.3937,0.08736,0.1376,0.3378,143.97,JP
0,236235,0.8856,0.6317,7,-6.793,1,0.0846,0.0,0.02854,0.2036,0.3332,98.622,KR
0,183805,0.5924,0.6249,1,-7.673,0,0.0482,0.0,0,0.0,0.5278,139.018,DE
0,228524,0.5533,0.892,4,-8.251,0,0.0608,0.3766,0.08458,0.0933,0.7467,176.687,JP
0,274292,0.4027,0.7225,10,-5.212,0,0.1108,0.2597,0.24255,0.1164,0.4003,124.03,US
0,167782,0.5687,0.7513,10,-9.693,1,0.0781,0.0621,0.22921,0.1395,0.4385,143.247,DE
0,139367,0.8964,0.8979,11,-3.292,0,0.1023,0.0686,0.23346,0.2874,0.8189,115.43,KR
0,231564,0.4671,0.6244,10,-10.905,0,0.0034,0.2839,0.1812,0.2056,0.3001,126.347,DE
1,148159,0.7153,0.8483,11,-8.732,0,0.1317,0.2638,0.12716,0.1374,0.5962,156.337,KR
0,139878,0.7108,1.0,3,-9.576,1,0.046,0.3525,0.0255,0.2285,0.5999,101.547,US
1,144042,0.7353,0.6945,9,-6.732,0,0.0667,0.0901,0.25101,0.348,0.5302,100.497,BR
0,210460,0.8228,0.7442,2,-8.569,0,0.0386,0.1068,0.08159,0.1895,0.7725,110.194,KR
0,172511,0.8724,0.7438,4,-8.302,1,0.108,0.3143,0.04945,0.2036,0.6538,127.019,BR
0,182502,0.4989,0.6817,0,-10.045,0,0.1008,0.2953,0.00754,0.2035,0.6674,124.991,JP
1,182047,0.902,0.6142,1,-8.005,0,0.1115,0.3348,0.07917,0.2238,0.39,152.16,US
0,125233,0.5466,0.6731,2,-11.953,0,0.1056,0.1003,0,0.0,0.7899,97.344,KR
0,195886,0.7922,0.6759,8,-5.719,0,0.137,0.0974,0,0.0,0.8392,101.561,US
0,232948,0.3384,0.6384,3,-7.803,1,0.1762,0.4866,0,0.1703,0.497,127.616,DE
0,269507,0.6788,0.7291,8,-7.966,0,0.0527,0.1097,0,0.1376,0.5226,111.409,BR
0,205066,0.6834,0.6685,10,-9.074,1,0.0319,0.3161,0,0.167,0.38,144.654,DE
0,287144,0.77,0.7243,8,-10.84,0,0.0898,0.248,0.17928,0.0559,0.5821,110.19,BR
0,196328,0.572,0.6547,8,-5.474,0,0.1207,0.137,0,0.2081,0.5975,112.576,JP
0,299647,0.8706,0.8677,1,-9.471,0,0.002,0.1846,0.02693,0.1402,0.3289,148.196,US
0,243354,0.7026,0.8081,2,-11.344,1,0.1068,0.0774,0.06586,0.1342,0.6162,132.517,US
0,158234,0.6527,0.7903,3,-9.649,1,0.0728,0.3093,0.09339,0.0729,0.5499,120.253,JP
1,278963,0.7921,0.8978,2,-5.892,0,0.1067,0.2254,0.14585,0.3088,0.8188,124.064,BR
0,207223,0.8412,0.8496,8,-8.064,1,0.0631,0.3722,0.08916,0.1918,0.7285,84.485,KR
0,186536,0.7008,0.855,1,-7.078,0,0.0952,0.405,0.11786,0.3154,0.5861,109.441,US
0,206443,0.4907,0.6812,8,-10.66,0,0.0912,0.0585,0.06628,0.1646,0.6092,155.203,DE
0,192279,0.6449,0.6062,2,-8.96,1,0.0372,0.297,0,0.0951,0.4943,125.991,JP
1,211464,0.9271,0.6375,5,-7.486,0,0.0968,0.2284,0.03135,0.1579,0.6186,86.61,BR
0,223069,0.6241,0.692,9,-4.563,0,0.12,0.1109,0.10209,0.2087,0.3752,113.273,JP
1,232953,0.578,0.6132,10,-8.072,1,0,0.242,0,0.0343,0.3157,166.241,US
0,249802,0.7014,0.7621,4,-8.223,0,0.1379,0.1726,0.04732,0.2191,0.6507,95.901,BR
0,141361,0.6271,0.5968,6,-7.462,0,0.11,0.2055,0.14767,0.1227,0.3021,144.466,JP
0,170210,0.8048,0.6675,8,-8.152,0,0.0824,0.3894,0,0.0587,0.6282,83.747,BR
0,137011,0.5192,0.5354,3,-5.041,1,0.0982,0.3447,0.00129,0.0909,0.6202,103.049,JP
0,222767,0.7235,0.7957,8,-9.341,1,0.1075,0.3676,0.01594,0.0673,0.3943,113.529,DE
0,172826,0.4983,0.6815,5,-8.357,1,0.0827,0.4465,0.05915,0.0449,0.2672,106.467,DE
0,258059,0.4933,0.6717,0,-8.03,0,0.0672,0.2954,0.13538,0.1208,0.4358,80.721,DE
0,145769,0.7794,0.485,7,-9.349,1,0.0657,0.2049,0.15322,0.2365,0.5653,123.967,JP
1,249046,0.7141,0.5436,11,-8.33,1,0.0322,0.0,0.19601,0.1379,0.7519,130.555,BR
1,177780,0.7797,0.7315,11,-6.559,1,0.1522,0.1131,0.13799,0.3527,0.883,113.915,US
0,199858,0.6627,0.6087,9,-5.861,1,0.021,0.0098,0.22926,0.3101,0.5399,123.064,DE
0,231004,0.3767,0.4697,7,-1.329,0,0.0222,0.1889,0.14521,0.155,0.4971,151.602,JP
0,248986,0.6354,0.7467,11,-3.863,1,0.0635,0.6488,0.00828,0.2281,0.6546,125.189,DE
1,299484,0.7477,0.7357,9,-7.163,0,0.067,0.2557,0,0.1785,0.5125,108.547,US
0,238913,0.5577,0.7261,5,-9.498,0,0.1695,0.1329,0,0.1226,0.6276,154.594,BR
0,286536,0.5764,0.7405,2,-7.328,0,0.0817,0.2549,0.16956,0.2117,0.5549,129.672,US
1,291331,0.7184,0.834,2,-9.524,1,0.0434,0.1011,0,0.0415,0.6218,125.4,US
1,206091,0.6484,0.5534,3,-5.445,0,0.0678,0.0638,0.00387,0.1136,0.6405,96.254,US
0,224504,0.871,0.5925,0,-11.474,1,0.0827,0.2124,0.07982,0.2193,0.7682,132.678,BR
0,204786,0.6144,0.7807,3,-4.968,0,0,0.3602,0.02017,0.2587,0.5377,108.237,KR
0,204945,0.433,0.5027,4,-12.425,1,0.0806,0.2561,0.13481,0.1953,0.4791,105.11,JP
1,216467,0.5904,0.8976,1,-6.689,1,0,0.0594,0,0.2756,0.6375,109.02,BR
0,192183,0.6825,0.7231,4,-9.231,1,0,0.7141,0.09875,0.2838,0.6259,134.452,JP
0,173843,0.9711,0.8148,7,-7.857,1,0.1364,0.3608,0,0.321,0.8326,92.343,BR
0,179352,0.6905,0.9116,10,-6.613,0,0.1645,0.4357,0.05374,0.1778,0.5504,117.479,BR
1,180169,0.724,0.8855,3,-7.877,0,0,0.2363,0,0.2594,0.7982,158.049,KR
1,297478,0.8833,0.6752,2,-10.291,0,0.0104,0.1635,0.07433,0.2736,0.7406,115.189,US
0,190821,0.4637,0.7256,4,-6.088,1,0.0628,0.085,0.11311,0.0876,0.5497,128.799,JP
0,212645,1.0,0.6004,5,-12.081,1,0.0975,0.0514,0,0.1182,0.685,123.819,BR
0,120971,0.4641,0.6372,3,-10.31,1,0,0.2022,0,0.35,0.4408,136.787,JP
0,148964,0.5893,0.9142,4,-10.989,0,0,0.3649,0.07062,0.0823,0.6691,157.337,JP
0,210586,0.7093,0.6166,8,-4.265,0,0.1116,0.0,0,0.1683,0.6195,113.946,US
0,191361,0.625,0.7196,3,-11.055,1,0.0806,0.3365,0,0.0,0.5718,129.614,KR
1,165794,0.4142,0.7981,2,-5.673,1,0.0263,0.1914,0,0.0663,0.5872,139.015,JP
0,181109,0.519,0.5893,0,-8.141,0,0.1305,0.3345,0,0.1679,0.5667,114.802,JP
0,182623,0.6042,0.6143,0,-2.786,1,0.0348,0.3603,0.16609,0.1893,0.5123,93.948,US
1,233488,0.8085,0.4182,3,-7.846,0,0.0847,0.0,0,0.2477,0.6609,94.037,BR
1,141255,0.7263,0.6084,1,-9.962,0,0.0518,0.2689,0.116,0.1189,0.4636,151.838,DE
1,166640,0.4749,0.6251,3,-6.902,0,0.1113,0.2316,0.00814,0.2497,0.3566,112.496,DE
0,143104,0.6287,0.6105,0,-9.987,0,0.0453,0.2061,0.0396,0.154,0.3949,103.319,DE
0,231571,0.4738,0.6884,10,-6.752,1,0.0743,0.4156,0,0.2824,0.5028,116.153,JP
0,208527,0.7203,0.7336,9,-6.41,1,0.0883,0.2763,0.01388,0.1909,0.6867,113.015,KR
0,189297,0.7951,0.6958,4,-3.73,1,0,0.2891,0.07659,0.3685,0.5043,115.529,DE
1,215953,0.7741,0.6489,11,-4.458,1,0.0675,0.0496,0,0.2661,0.6907,112.173,US
0,298503,0.6004,0.6615,0,-3.54,0,0,0.0887,0.26794,0.0843,0.4048,142.657,DE
0,245314,0.6859,0.4656,11,-12.275,1,0.1354,0.3074,0.21986,0.1841,0.5454,116.913,DE
0,327234,0.4382,0.7322,10,-7.647,0,0.1816,0.1099,0.0723,0.2035,0.4757,110.408,JP
0,208607,0.6454,0.62,11,-7.35,0,0.093,0.368,0.03025,0.1792,0.3071,134.295,DE
0,198035,0.6433,0.9297,4,-5.348,1,0.0722,0.1408,0.03383,0.3083,0.688,115.337,KR
0,223514,0.7791,0.4818,8,-8.907,1,0.1048,0.0163,0.04614,0.0779,0.7738,124.083,BR
0,142194,0.9648,0.6777,5,-10.084,1,0.0141,0.2872,0,0.3663,0.6686,104.886,BR
0,113919,0.9476,0.7785,2,-6.013,1,0.1569,0.1213,0,0.1979,0.5354,80.764,BR
0,250090,0.4503,0.5583,11,-8.813,0,0.1265,0.1739,0.22548,0.1347,0.5636,113.87,JP
0,266293,0.771,0.5441,4,-7.401,0,0.0741,0.0182,0.07722,0.0473,0.5383,145.473,BR
0,158001,0.6876,0.557,11,-4.954,1,0.0121,0.0,0.07175,0.302,0.6203,152.977,JP
0,303007,0.463,0.7833,1,-9.78,1,0.0831,0.3423,0.1069,0.0487,0.8111,136.843,KR
1,201302,0.7784,0.805,1,-10.336,1,0.0511,0.1977,0.18846,0.11,0.7385,123.612,US
0,222287,0.7026,0.5643,9,-8.524,0,0.009,0.0025,0,0.16,0.4942,150.378,JP
0,215849,0.6552,0.4887,10,-9.683,1,0.1386,0.196,0.21412,0.1209,0.7512,122.12,BR
1,198517,0.5122,0.8367,11,-8.291,1,0.0893,0.5246,0.13412,0.1784,0.5967,87.162,US
0,266491,0.7623,0.5902,0,-9.077,1,0.1144,0.2519,0.03002,0.2875,0.6549,96.853,KR
1,250100,0.7975,0.7805,2,-4.566,0,0.0665,0.2842,0.09476,0.1969,0.5987,111.767,US
1,153528,0.9089,0.6575,6,-8.283,0,0.0662,0.2808,0.13789,0.061,0.4387,116.189,BR
1,257389,0.8512,0.8658,7,-8.057,1,0.0178,0.3182,0.17104,0.1757,0.4813,98.026,US
1,257116,0.7269,0.7067,1,-7.889,1,0.1438,0.0568,0,0.1789,0.5636,163.239,US
0,240723,0.7927,0.6733,8,-9.336,1,0.016,0.1717,0.1937,0.1334,0.5396,113.593,KR
1,224461,0.7513,0.7146,0,-7.358,0,0.1475,0.2956,0.03854,0.1532,0.6055,115.327,US
0,219204,0.5864,0.6047,1,-6.549,0,0.0152,0.3301,0,0.1136,0.6443,125.451,KR
1,213386,0.4835,0.7065,2,-7.062,0,0.0367,0.1613,0,0.0,0.5173,109.779,DE
1,190678,0.8886,0.7682,5,-3.233,1,0,0.2708,0.08451,0.3755,0.3209,120.685,BR
0,164103,0.4601,0.7492,4,-4.178,1,0.0892,0.1236,0.08635,0.1672,0.7042,145.285,DE
0,245137,0.684,0.7065,5,-3.444,1,0.1222,0.0799,0.22193,0.0645,0.4409,121.913,KR
0,264391,0.5443,0.5768,7,-9.769,1,0.1385,0.3253,0,0.2609,0.3777,115.93,DE
0,252682,0.4658,0.7181,5,-1.338,0,0.0292,0.2552,0,0.3353,0.3567,127.946,JP
0,195943,0.5121,0.52,11,-9.867,1,0.1136,0.4698,0.02047,0.0366,0.544,149.247,JP
1,195379,0.3779,0.6075,10,-8.298,1,0.1154,0.4082,0,0.1614,0.3393,127.405,DE
0,191254,0.6973,0.7156,6,-6.436,1,0.1188,0.2516,0.25991,0.0678,0.0382,141.467,DE
0,163108,0.6113,0.6266,10,0.032,1,0.0236,0.1731,0.01177,0.1929,0.5056,141.473,DE
1,229399,0.7245,0.6589,1,-7.287,1,0.1153,0.4227,0.03714,0.1543,0.4475,143.468,US
0,211858,0.6645,0.5207,8,-9.53,1,0.0986,0.2421,0,0.1311,0.5477,162.001,JP
1,126699,0.5809,0.8656,4,-4.774,1,0.112,0.2636,0,0.2013,0.432,90.871,BR
0,277101,0.6636,0.5211,6,-5.033,1,0.0863,0.2737,0.18738,0.2378,0.3853,128.426,KR
0,210042,0.7541,0.7077,10,-8.686,1,0,0.2949,0.03879,0.1771,0.5214,114.153,BR
0,161026,0.914,0.5502,6,-9.296,0,0.0897,0.1206,0.00999,0.2537,0.6609,129.918,BR
0,292319,0.4479,0.68,10,-9.965,0,0,0.2836,0,0.2192,0.4807,132.226,KR
0,239210,0.8291,0.7154,4,-4.632,1,0.103,0.2707,0,0.0983,0.5693,112.705,BR
0,159825,0.8526,0.9455,1,-4.02,0,0.0798,0.3265,0.04816,0.2168,0.6443,136.966,US
0,189406,0.7947,0.746,0,-5.907,0,0.0639,0.3514,0,0.1881,0.955,122.947,KR
0,228982,0.6428,0.6909,1,-8.431,1,0.0256,0.2121,0.10335,0.2714,0.5452,155.189,DE
0,215537,0.4368,0.821,0,-6.615,1,0.0925,0.3283,0.07969,0.2042,0.6714,103.936,JP
0,161800,0.6509,0.6131,2,-10.83,0,0.1333,0.2978,0.16114,0.1604,0.5136,100.184,DE
0,195969,0.5313,0.5305,8,-6.249,1,0.0978,0.0466,0.10333,0.0731,0.657,157.308,BR
0,128652,0.6604,0.7835,5,-3.74,1,0.1772,0.3925,0,0.2168,0.76,121.109,KR
1,221761,0.5026,0.5675,11,-5.967,0,0.0499,0.098,0.05063,0.1782,0.5716,141.154,US
0,199977,0.6675,0.7178,0,-5.732,0,0.2011,0.1175,0.12402,0.121,0.808,121.596,BR
0,222599,0.7452,0.6393,8,-2.538,1,0.2439,0.2853,0.07148,0.1293,0.6009,128.529,BR
1,235245,0.6167,0.637,0,-8.923,0,0.0406,0.1654,0,0.1887,0.352,115.175,DE
0,261534,0.6255,0.7721,7,-5.121,1,0.0814,0.2676,0.07958,0.0012,0.4522,127.279,JP
0,162369,0.7824,0.5614,4,-5.523,0,0.1635,0.4276,0.13203,0.2144,0.5677,121.243,KR
1,241433,0.6726,0.7546,2,-2.796,1,0.0359,0.2732,0.05291,0.1583,0.7534,144.398,JP
0,217293,0.4979,0.7422,10,-7.765,1,0.1472,0.4174,0.08463,0.0752,0.4813,112.801,JP
0,207078,0.9333,0.869,5,-9.943,1,0,0.1702,0.11821,0.0452,0.5558,85.272,BR
0,261216,0.6792,0.6725,7,-4.371,1,0.1562,0.2709,0.07462,0.0868,0.68,97.53,KR
0,210774,0.9205,0.9059,8,-8.732,1,0.0283,0.2833,0,0.1258,0.6092,143.116,KR
0,223773,0.6816,0.614,6,-5.518,1,0.1336,0.1653,0,0.2224,0.062,127.327,US
0,137474,0.9109,0.6626,2,-3.656,1,0.1088,0.2899,0.02025,0.1891,0.8772,130.835,BR
1,123639,0.811,0.9153,11,-8.78,0,0.0839,0.1796,0.07353,0.2081,0.6831,120.241,US
0,233057,0.6177,0.6598,9,-5.933,0,0.1626,0.2877,0.07835,0.1011,0.5672,145.702,JP
1,158190,0.6882,0.4765,4,-7.77,0,0.1552,0.265,0.041,0.3033,0.6405,107.305,BR
1,200544,0.7373,0.6222,7,-5.735,1,0.0348,0.361,0.00764,0.3106,0.2435,145.008,DE
0,248204,0.5143,0.7727,11,-4.304,0,0.1003,0.2296,0.09001,0.1201,0.6727,117.896,KR
1,190371,0.7915,0.7293,6,-4.141,0,0.1606,0.104,0,0.0175,0.4787,148.759,US
0,180539,0.87,0.6786,4,-6.345,1,0.1073,0.3298,0,0.0756,0.6286,99.605,BR
0,207908,0.472,0.5755,9,-12.282,0,0.1848,0.2298,0.14944,0.1306,0.1836,122.419,KR
1,244308,0.7711,0.6432,3,-6.941,0,0,0.3216,0,0.044,0.642,101.465,KR
1,226045,0.3862,0.7403,10,-5.651,1,0,0.1314,0.18758,0.1545,0.4361,109.535,US
0,199074,0.5518,0.5245,0,-8.013,1,0.0496,0.2866,0,0.0331,0.2664,127.889,US
0,184711,0.7251,0.6361,7,-3.934,1,0.0529,0.3657,0.12008,0.1774,0.7484,107.208,BR
1,214148,0.6643,0.7185,0,-8.664,1,0.1028,0.3141,0.09068,0.0431,0.768,104.799,JP
0,286542,0.6373,0.6546,9,-8.647,0,0.001,0.1833,0,0.133,0.601,87.225,US
0,183231,0.9126,0.7561,1,-3.384,1,0,0.0,0.1023,0.1668,0.6596,101.088,BR
0,125599,0.712,0.7004,1,-5.566,1,0.0526,0.4397,0.01405,0.1486,0.7829,126.057,JP
0,280650,0.7829,0.7251,2,-8.981,0,0.0851,0.0716,0,0.1594,0.3865,117.359,US
0,206680,0.8292,0.7272,6,-9.264,0,0.0363,0.1744,0.27,0.1853,0.7433,84.885,BR
0,231562,0.7936,0.5382,3,-7.529,1,0.1808,0.1687,0,0.2333,0.3693,141.398,US
0,217388,0.5798,0.8028,7,-3.974,0,0.178,0.1504,0.168,0.0,0.5843,99.444,US
0,191254,0.7176,0.8272,0,-6.284,1,0.1682,0.219,0,0.2253,0.66,112.801,BR
0,284475,0.6978,0.5524,1,-8.798,0,0.0049,0.3253,0,0.1061,0.6865,152.449,JP
0,163891,0.5508,0.7353,4,-6.713,0,0.0432,0.0919,0.13117,0.1596,0.7316,88.867,JP
0,136286,0.6221,0.637,4,-6.682,1,0.0906,0.2987,0.12928,0.2527,0.3979,121.159,DE
1,206386,0.8077,0.7782,3,-8.024,0,0.0856,0.2759,0.11871,0.0539,0.282,112.852,US
0,248793,0.5103,0.8062,1,-9.033,1,0.0803,0.2154,0.14112,0.109,0.3894,114.069,DE
1,299816,0.8613,0.9728,0,-6.867,1,0.1024,0.066,0.09604,0.1966,0.8261,107.855,US
1,241927,0.8112,0.5214,10,-9.109,0,0,0.2559,0.1645,0.2769,0.6929,93.492,KR
0,264721,0.6648,0.7088,3,-2.599,1,0.0599,0.2076,0.08596,0.3038,0.6606,138.625,KR
0,255711,0.5597,0.5962,9,-7.936,0,0.0677,0.2113,0.04574,0.1567,0.6407,145.867,JP
0,136792,0.478,0.4053,3,-10.156,0,0.0695,0.2156,0.05,0.1909,0.6261,137.905,JP
0,212568,0.6659,0.7544,11,-5.826,0,0.0331,0.2768,0,0.1784,0.5571,110.601,KR
0,153977,0.6733,0.6249,3,-9.451,0,0.095,0.4079,0.18524,0.0159,0.415,112.205,JP
0,209363,0.7079,0.7937,0,-3.34,1,0.04,0.2877,0.11327,0.2126,0.4818,140.99,JP
0,211311,0.656,0.6222,3,-6.4,1,0.1164,0.4083,0.18715,0.0,0.5303,142.439,US
0,242700,0.7894,0.616,8,-6.845,0,0.154,0.3221,0,0.1389,0.632,141.131,BR
0,267762,0.5998,0.7468,4,-8.23,1,0.117,0.112,0,0.0489,0.3104,108.891,JP
0,123768,0.3827,0.9628,5,-6.866,1,0.077,0.2473,0.06668,0.2049,0.3675,154.699,DE
0,205874,0.6593,0.4919,9,-4.225,1,0.1358,0.377,0.07483,0.2307,0.6215,134.625,JP
0,158628,0.7516,0.5601,11,-5.646,0,0.1817,0.3542,0.07352,0.3593,0.7003,132.822,BR
1,266637,0.6903,0.7033,3,-8.731,0,0.0687,0.2038,0.18272,0.1698,0.6327,132.015,US
0,225606,0.5869,0.8064,1,-8.589,1,0.099,0.106,0,0.0373,0.6558,133.537,DE
1,213344,0.4264,0.7845,3,-8.296,1,0.101,0.2142,0,0.1583,0.4483,125.888,DE
0,211199,0.4271,0.7809,10,-3.483,0,0.0605,0.2319,0.08206,0.0944,0.5845,133.172,JP
0,205535,0.701,0.5817,0,-5.916,0,0.0654,0.0297,0,0.2849,0.6185,83.928,KR
1,299262,0.8799,0.6854,5,-6.949,0,0,0.1624,0.08748,0.1301,0.6687,102.633,BR
0,146008,0.7343,0.8354,11,-3.582,1,0.1065,0.174,0.17336,0.1578,0.2836,99.696,KR
1,235305,0.6686,0.6342,11,-3.874,0,0.0966,0.2948,0.0658,0.0493,0.8154,127.858,BR
0,218869,0.8448,0.7959,7,-7.382,1,0.1466,0.1347,0.04581,0.1063,0.4269,115.478,KR
0,210868,0.6987,0.8346,1,-9.434,0,0.0557,0.2078,0.00623,0.153,0.5876,140.657,KR
1,124308,0.6736,0.8754,11,-3.602,0,0,0.2011,0.19394,0.2293,0.3807,109.477,KR
0,150931,0.2378,0.6637,0,-6.447,0,0.0946,0.1184,0.15437,0.0384,0.5727,135.421,JP
1,190420,0.4929,0.704,8,-9.527,1,0.1593,0.3096,0.07244,0.1555,0.527,139.583,DE
0,224767,0.6435,0.6753,2,-4.987,0,0.0474,0.1807,0,0.0515,0.6206,136.283,BR
1,226738,0.6115,0.6945,6,-7.51,1,0.142,0.2122,0.18339,0.1822,0.6589,122.246,US
0,197327,0.6209,0.7243,2,-8.978,1,0.0579,0.2627,0,0.253,0.1731,113.964,KR
0,154272,0.746,0.7055,0,-9.366,0,0.066,0.272,0.07686,0.2592,0.6106,111.91,JP
0,287418,0.6184,0.7131,8,-13.085,0,0.0949,0.2802,0.12364,0.0,0.5208,115.706,DE
1,158117,0.5694,0.8281,4,-6.891,0,0.015,0.21,0.10532,0.1084,0.527,152.884,DE
0,242681,0.6972,0.7649,11,-6.239,1,0.0432,0.1517,0.11209,0.2744,0.4901,92.5,KR
1,301783,0.812,0.7026,11,-8.321,1,0.0916,0.3006,0.05732,0.1192,0.8421,91.121,BR
0,192214,0.5284,0.7895,4,-7.803,0,0.121,0.495,0.03268,0.0656,0.4133,126.876,JP
0,218290,0.6462,0.8407,6,-5.767,1,0.1269,0.1109,0.16908,0.1294,0.6258,116.072,KR
0,171170,0.7726,0.6648,4,-7.01,1,0.0751,0.1563,0,0.0614,0.5411,103.444,KR
0,292421,0.6631,0.6988,3,-1.443,1,0.1051,0.4378,0,0.0521,0.6627,150.184,JP
0,269877,0.7614,0.6109,1,-6.214,0,0.0487,0.1705,0,0.0819,0.6314,129.917,KR
0,222727,0.7799,0.6734,1,-6.632,0,0.1519,0.1188,0,0.1548,0.595,130.803,BR
0,259218,0.618,0.6728,0,-9.995,0,0.1149,0.1567,0.22991,0.1903,0.5517,106.634,BR
1,252120,0.8965,0.7799,6,-7.857,1,0,0.2324,0.04288,0.2414,0.7301,113.804,BR
0,260189,0.6579,0.572,5,-4.843,0,0.098,0.1686,0,0.0497,0.7976,96.355,BR
0,178774,0.599,0.5509,0,-5.283,0,0.0825,0.1274,0.12666,0.3007,0.6285,117.179,DE
1,212233,0.7161,0.6349,4,-6.149,0,0.0402,0.027,0.01698,0.2765,0.2562,142.427,DE
0,217151,0.4728,0.5597,6,-6.88,0,0.0532,0.2935,0.04758,0.0546,0.6887,95.038,JP
0,297970,0.7451,0.6622,9,-5.073,0,0.1223,0.0348,0,0.2596,0.8983,136.845,KR
1,224259,0.7352,0.83,6,-8.408,0,0.0535,0.2425,0,0.0778,0.6165,92.211,KR
0,294477,0.6372,0.6626,1,-0.783,0,0.0546,0.3639,0.12887,0.0,0.6242,101.81,KR
0,181691,0.5284,0.791,0,-7.839,0,0.0859,0.3356,0.04458,0.1273,0.5236,100.893,KR
0,251221,0.7338,0.5471,4,-8.545,1,0,0.0541,0.0258,0.0528,0.5416,154.649,US
0,192886,0.6185,0.5561,9,-10.034,1,0.1399,0.0718,0.11925,0.0346,0.6738,85.252,BR
1,185039,0.7706,0.733,10,-10.217,0,0.1267,0.3235,0.00262,0.3254,0.7981,99.805,BR
0,226652,0.6235,0.8557,3,-10.842,1,0.0998,0.0161,0,0.2149,0.6456,116.521,KR
0,260832,0.6115,0.6119,6,-6.252,0,0.0567,0.1923,0.0773,0.2855,0.5507,125.568,DE
1,180605,0.4771,0.602,8,-5.573,0,0.0376,0.1214,0.23371,0.1803,0.4476,127.379,DE
0,227112,0.5409,0.7957,9,-3.993,1,0.0389,0.4272,0.08288,0.1141,0.3888,120.862,JP
0,202079,0.8689,0.6535,6,-5.359,0,0.1172,0.1812,0,0.0911,0.8151,137.635,KR
0,223740,0.5625,0.5987,1,-2.151,1,0.1375,0.0468,0.00433,0.1938,0.3945,101.782,KR
0,281168,0.4803,0.6956,3,-8.301,0,0.1972,0.2596,0,0.2,0.4878,121.727,DE
1,254170,0.6849,0.7347,3,-6.017,1,0.1298,0.0,0.28802,0.1984,0.5164,126.315,US
0,197980,0.5459,0.6769,6,-7.833,0,0.1275,0.1894,0.21929,0.0,0.3767,110.314,JP
0,216716,0.7956,0.8595,7,-6.692,1,0.0639,0.2063,0.24492,0.0869,0.5143,91.804,US
0,175982,0.7173,0.6504,7,-7.375,1,0.2002,0.0733,0.17828,0.1454,0.7074,112.245,BR
1,272149,0.5102,0.6544,3,-0.391,0,0.0551,0.3148,0.20561,0.3314,0.2972,162.388,JP
0,230945,0.646,0.6932,0,-7.281,0,0.1552,0.0116,0.07375,0.1997,0.5966,117.669,KR
1,135876,0.8056,0.8241,7,-7.28,1,0,0.0861,0.00376,0.2057,0.2709,134.288,US
0,208690,0.658,0.8929,5,-8.206,0,0.1181,0.3432,0,0.1427,0.5431,134.084,DE
1,219548,0.7874,0.8286,1,-5.32,0,0.1616,0.0692,0,0.1603,0.5977,118.384,US
0,278787,0.4838,0.5493,1,-9.486,0,0.0703,0.4965,0,0.2229,0.4586,146.583,KR
0,214469,0.3794,0.6857,3,-2.382,0,0.1017,0.1888,0.01348,0.0804,0.5493,128.364,DE
0,288155,0.8102,0.5376,6,-9.106,1,0,0.0,0,0.2046,0.3895,139.387,BR
0,128836,0.635,0.7535,0,-7.34,1,0.0556,0.2073,0.08403,0.1069,0.5141,106.36,KR
1,138285,0.8115,0.6014,8,-3.769,1,0.1644,0.1496,0.0028,0.1921,0.7823,129.548,KR
1,173803,0.6141,0.6338,9,-5.348,0,0.0106,0.1675,0.0196,0.0934,0.4751,102.254,KR
0,232430,0.6018,0.8641,0,-9.387,0,0.0407,0.1222,0.18338,0.1389,0.39,106.016,DE
0,191715,0.7363,0.7735,8,-9.823,0,0.0505,0.2217,0,0.1974,0.2536,138.583,JP
0,170547,0.7406,0.8299,6,-2.209,1,0.0494,0.2303,0.06751,0.0148,0.741,126.082,US
0,264785,0.6579,0.6462,7,-10.623,1,0.0263,0.2106,0,0.1086,0.3662,121.292,JP
0,258421,0.9672,0.6329,7,-4.034,0,0.0986,0.0569,0.04849,0.1567,0.5285,93.614,BR
0,178698,0.4258,0.6153,6,-11.306,1,0.0725,0.1133,0.02308,0.1675,0.5605,108.338,KR
1,208049,0.3853,0.6512,8,-5.423,1,0.0218,0.2794,0.16898,0.3045,0.3814,118.569,DE
0,247203,0.7699,0.6556,6,-7.911,0,0.1063,0.1612,0.26993,0.1042,0.717,111.437,KR
0,169916,0.4152,0.8188,11,-3.099,1,0.1433,0.4799,0,0.3289,0.7595,156.36,KR
0,219582,0.8052,0.7628,3,-9.356,0,0.0244,0.176,0,0.3438,0.4909,118.915,KR
0,202548,0.7723,0.6406,10,-4.387,1,0.0994,0.1238,0.09834,0.2921,0.8131,133.482,BR
0,285901,0.7223,0.7991,2,-8.741,0,0.1157,0.4656,0.0132,0.2235,0.466,118.649,DE
0,195871,0.6796,0.5777,5,-6.362,0,0.1558,0.421,0,0.3154,0.5655,111.355,JP
1,224792,0.4954,0.6511,9,-6.59,1,0.1127,0.23,0.16846,0.0244,0.3999,156.169,DE
1,179818,0.8053,0.502,1,-11.04,1,0.0042,0.1184,0.13564,0.015,0.6824,122.72,US
0,122587,0.6204,0.6986,2,-5.785,1,0,0.1264,0.06678,0.0576,0.8688,108.087,KR
0,222918,0.4934,0.5655,2,-6.252,0,0.0256,0.255,0,0.3002,0.3651,106.352,DE
0,172251,0.6337,0.8215,9,-10.268,1,0.0938,0.3567,0.26209,0.1027,0.7509,123.349,JP
0,313179,0.8243,0.734,2,-6.972,1,0.0498,0.2622,0.00631,0.1019,0.7317,112.537,BR
0,221550,0.6666,0.8293,0,-6.92,0,0.0377,0.086,0.03874,0.009,0.5258,136.392,US
0,165627,0.7269,0.7993,7,-7.089,0,0,0.3694,0.08851,0.0053,0.4117,143.924,DE
1,283834,0.414,0.6428,4,-12.373,0,0.1017,0.1658,0.08611,0.3397,0.483,90.468,US
0,215931,0.7403,0.7405,10,-5.678,0,0.0214,0.0599,0.20262,0.2193,0.6775,107.636,US
1,248283,0.9412,0.6741,2,-6.873,1,0.0027,0.3065,0.01829,0.1063,0.7148,130.15,BR
0,209147,0.666,0.6041,6,-9.068,0,0.1732,0.0,0,0.2835,0.4186,112.865,BR
0,191679,0.7054,0.7317,2,-6.505,1,0.1637,0.1574,0.09984,0.2587,0.693,134.003,BR
0,144285,0.4008,1.0,5,-8.534,0,0.1168,0.3591,0,0.1037,0.5836,80.879,KR
0,230114,0.5328,0.5724,3,-8.823,0,0.0831,0.2522,0,0.0321,0.5563,145.618,US
1,173742,0.5845,0.539,10,-5.57,1,0.07,0.0025,0.08533,0.3383,0.3673,167.602,DE
0,249190,0.5021,0.7948,11,-7.853,0,0.1076,0.3683,0.13998,0.0,0.3665,130.342,DE
0,231174,0.7516,0.6593,8,-9.915,1,0.0719,0.1383,0.0018,0.0,0.8222,151.782,KR
1,258701,0.797,0.6609,5,-8.139,1,0.0674,0.0585,0.1109,0.1816,0.491,127.273,DE
0,235547,0.4505,0.5213,9,-6.366,1,0.0559,0.317,0.04017,0.0041,0.3331,141.565,DE
0,110220,0.6005,0.8218,0,-12.392,0,0.2448,0.256,0.05853,0.2587,0.7589,129.566,KR
0,169754,0.6474,0.8664,11,-11.475,0,0.1138,0.2598,0,0.079,0.4264,102.259,DE
0,235046,0.6239,0.639,8,-2.043,0,0.1847,0.3779,0.16141,0.0909,0.5581,129.633,JP
0,192731,0.5825,0.5239,11,-4.88,0,0.1063,0.2966,0.20197,0.0,0.5893,121.414,DE
1,151372,0.5374,0.7897,6,-6.35,0,0.106,0.2751,0.16593,0.2702,0.3882,127.515,KR
0,237233,0.5872,0.521,0,-9.823,1,0.0226,0.1943,0,0.2658,0.3676,109.224,DE
0,270857,0.7037,0.669,4,-5.873,0,0.1025,0.1238,0.01116,0.121,0.4903,132.037,JP
0,231719,0.6599,0.8385,9,-3.536,0,0.0625,0.1908,0.20663,0.1277,0.5276,124.375,JP
0,224712,0.8736,0.6683,11,-7.744,1,0.1263,0.0,0.06456,0.269,0.6072,131.111,US
0,166827,0.5507,0.685,0,-8.317,1,0.1972,0.2098,0.05406,0.1376,0.8224,127.418,JP
1,171276,0.6898,0.6094,2,-7.713,0,0,0.2671,0.1406,0.2139,0.5385,104.975,BR
0,197217,0.8305,0.8293,4,-8.332,0,0.1228,0.0591,0.00556,0.1049,0.5717,103.698,KR
1,252511,0.6721,0.9887,9,-10.517,1,0,0.4065,0.03689,0.1942,0.4029,127.517,KR
0,185314,0.6135,0.6834,1,-4.144,0,0.1037,0.222,0.00567,0.1795,0.2744,119.57,JP
1,231646,0.8296,0.6497,3,-9.57,0,0.0342,0.2802,0.15858,0.1195,0.4133,128.447,DE
0,235585,0.5348,0.6557,0,-6.544,0,0.1724,0.1498,0,0.175,0.6983,127.211,US
1,200590,0.5551,0.9555,4,-7.892,1,0.2262,0.1642,0,0.1633,0.5441,123.183,KR
1,183853,0.6298,0.5958,5,-7.606,1,0.0232,0.2771,0.04942,0.1845,0.6107,119.294,KR
0,235785,0.4638,0.6852,7,-7.908,1,0.1464,0.0059,0,0.182,0.5692,123.22,KR
0,194054,0.5306,1.0,6,-5.601,1,0.0338,0.2667,0,0.2768,0.608,85.966,KR
1,159696,0.7121,0.7484,11,-7.355,1,0.0154,0.103,0.08501,0.1465,0.4985,92.443,US
0,183452,0.7435,0.6525,2,-9.105,0,0.0771,0.4643,0.17971,0.1915,0.3857,110.653,JP
0,161462,0.8804,0.8709,10,-7.231,0,0.1054,0.352,0,0.0,0.5282,130.479,BR
0,304042,0.4166,0.7623,0,-4.687,1,0.0332,0.3119,0.05648,0.2215,0.4609,140.283,JP
0,160808,0.5307,0.9969,7,-11.333,0,0.1818,0.3412,0.03164,0.3665,0.6521,89.326,DE
1,156962,0.6895,0.8036,2,-9.823,0,0.0971,0.2414,0.13057,0.2841,0.8487,123.566,KR
0,305860,0.4615,0.8817,3,-8.551,1,0.0399,0.1167,0,0.1015,0.6827,109.277,JP
0,225023,0.7499,0.676,8,-6.818,1,0.1443,0.1373,0.12791,0.0,0.9757,107.391,BR
0,258949,0.7343,0.4443,5,-5.448,0,0.0217,0.2442,0,0.1554,0.5859,130.802,JP
1,258839,0.7395,0.6675,2,-6.815,0,0.0615,0.2146,0.01387,0.1352,0.5149,115.956,US
0,127047,0.6604,0.7308,10,-5.509,1,0.0138,0.1679,0,0.1981,0.1402,86.174,KR
0,222708,0.791,0.5841,4,-3.872,0,0.0957,0.078,0.03167,0.1838,0.8221,99.774,BR
0,172487,0.4661,0.6592,11,-7.584,1,0.0166,0.3855,0,0.2042,0.6704,92.77,KR
1,150369,0.5878,0.867,4,-8.739,1,0.0462,0.2605,0.0372,0.297,0.8118,118.17,BR
0,185663,0.6039,0.6178,2,-4.899,1,0.0408,0.2568,0,0.1014,0.4965,129.864,JP
0,216338,0.5272,0.51,3,-4.733,0,0.1038,0.2054,0.04388,0.2741,0.6837,124.223,DE
0,218645,0.7905,0.7258,1,-7.937,0,0.1094,0.1995,0.30498,0.0,0.6622,141.481,BR
0,253262,0.8103,0.6946,3,-4.546,0,0.0193,0.2691,0.11427,0.1602,0.4527,166.291,DE
0,243547,0.6403,0.6922,2,-7.461,1,0.1203,0.2462,0.03203,0.2129,0.5449,135.745,JP
0,258564,0.4473,0.6488,6,-2.647,1,0.1181,0.1882,0.03707,0.0,0.5468,127.234,JP
1,206946,0.769,0.6632,8,-10.527,0,0.1246,0.1505,0.00716,0.1457,0.5476,132.863,DE
0,235533,0.6725,0.6246,6,-5.583,1,0.1513,0.2009,0,0.0769,0.4857,113.177,DE
0,174354,0.5324,0.7665,4,-8.039,0,0.0427,0.3914,0.22883,0.1361,0.5186,128.825,DE
0,203299,0.6223,0.6876,5,-9.632,0,0.0608,0.1088,0.01836,0.0725,0.6512,121.117,KR
1,148052,0.5862,0.6069,6,-7.852,1,0.0815,0.5075,0.02246,0.1233,0.4404,114.338,US
1,195772,0.6235,0.5154,4,-9.023,0,0.0318,0.5549,0.04996,0.191,0.8965,94.677,DE
0,206597,0.4272,0.5508,0,-5.834,1,0.0914,0.2093,0.22609,0.1759,0.4453,147.535,JP
0,157648,0.6322,0.8091,4,-6.501,1,0.1183,0.2828,0,0.1545,0.407,136.079,JP
0,173618,0.6464,0.7958,6,-4.406,1,0.0739,0.2619,0,0.2146,0.4215,121.838,JP
1,253108,0.6476,0.7571,2,-7.989,1,0.1227,0.3645,0,0.2368,0.3472,125.567,US
0,215375,0.4152,0.6367,2,-6.255,1,0.073,0.2467,0,0.3524,0.1495,129.048,JP
0,118740,0.328,0.9198,8,-6.792,0,0.1422,0.3507,0.16383,0.1471,0.271,126.791,DE
0,238200,0.8029,0.8614,0,-7.969,1,0,0.3479,0,0.2025,0.7315,146.232,KR
1,230698,0.7462,0.7461,11,-5.178,1,0.0452,0.2865,0,0.0074,0.6653,105.484,US
0,273066,0.752,0.6362,8,-5.558,0,0.0687,0.2573,0,0.1011,0.3725,114.196,BR
0,245291,0.5681,0.963,4,-5.82,1,0.0518,0.2194,0,0.1936,0.6851,104.621,JP
1,234470,0.6763,0.6898,8,-9.65,1,0.0455,0.0278,0.06687,0.1214,0.3266,133.712,US
0,192612,0.8255,0.7332,0,-9.895,0,0.1314,0.1071,0.00567,0.2019,0.7425,127.018,KR
0,290885,0.7866,0.627,3,-8.537,0,0.0771,0.37,0.08386,0.2529,0.9386,120.219,US
0,184832,0.5787,0.6184,3,-8.269,1,0.1982,0.3176,0.16497,0.0266,0.4898,108.395,JP
0,155955,0.7753,0.8152,2,-5.926,1,0.0766,0.4675,0.12487,0.1385,0.4249,129.806,BR
0,259802,0.5337,0.5752,7,-6.459,0,0.1709,0.2378,0.05637,0.0,0.5496,106.308,KR
1,98684,0.5504,0.5681,8,-7.151,1,0.1058,0.1034,0,0.2199,0.3691,125.05,DE
1,249070,0.6156,0.6036,7,-7.634,0,0.0701,0.3796,0.11315,0.234,0.5091,127.769,DE
0,278997,0.5771,0.689,3,-5.814,0,0.0501,0.2108,0.06182,0.289,0.7544,155.656,DE
0,145482,0.7589,0.8056,2,-8.12,0,0.0617,0.1013,0.06324,0.2145,0.5171,128.493,DE
0,216247,0.646,0.6975,6,-9.305,1,0.179,0.3937,0,0.153,0.5153,97.739,KR
0,250907,0.8847,0.7321,6,-8.475,0,0.0477,0.46,0.06176,0.2864,0.8427,103.683,BR
0,212540,0.4893,0.6854,8,-2.689,0,0.0975,0.2771,0.139,0.0608,0.672,94.329,US
1,194805,0.3144,0.527,2,-5.887,0,0.0044,0.3408,0.28144,0.0741,0.4224,111.825,US
1,221330,0.6789,0.4866,6,-4.818,1,0.0772,0.2267,0.13264,0.1038,0.3561,148.23,US
0,293665,0.5197,0.7267,7,-7.012,1,0.1468,0.2778,0.16821,0.0973,0.5721,101.935,US
0,171159,0.7341,0.7027,3,-4.548,1,0.0249,0.2111,0.03032,0.0326,0.335,136.009,DE
0,154788,0.7539,0.5642,10,-8.08,0,0,0.2672,0,0.0625,0.5597,103.725,BR
0,171472,0.6293,0.7667,6,-9.697,0,0.0646,0.2173,0.09224,0.166,0.3021,141.661,JP
0,263234,0.5468,0.453,6,-8.841,0,0.0721,0.3459,0.15352,0.0262,0.6809,127.121,JP
0,219023,0.549,0.4206,1,-7.44,1,0.0304,0.2283,0.19006,0.2491,0.4623,119.306,KR
0,265270,0.7623,0.8172,4,-9.727,0,0.0176,0.1187,0.14946,0.1206,0.6342,126.896,KR
0,168112,0.7114,0.7929,4,-11.788,1,0.0767,0.2635,0.09101,0.0774,0.6162,134.994,BR
1,214312,0.6387,0.7572,5,-8.143,1,0.1258,0.0148,0.21177,0.1784,0.6803,129.046,US
0,257526,0.5394,0.6956,7,-5.688,0,0,0.2948,0,0.0257,0.5853,120.384,JP
1,102378,0.6634,0.7511,11,-8.45,1,0.0709,0.0929,0.11837,0.2388,0.2992,148.853,US
1,282373,0.6648,0.841,0,-8.256,0,0.1231,0.3772,0.11261,0.1604,0.2525,137.361,JP
1,142969,0.7877,0.8297,7,-6.358,0,0.094,0.1214,0.15721,0.1903,0.6188,99.521,US
1,112633,0.7264,0.8042,8,-10.19,1,0.0306,0.1396,0.00126,0.3358,0.6648,140.036,US
0,180691,0.7517,0.769,9,-8.794,1,0.0677,0.3334,0.19227,0.2863,0.8267,128.242,BR
0,239941,0.6086,0.6043,3,-4.116,0,0.1326,0.2739,0.14818,0.302,0.3768,110.316,DE
1,234317,0.608,0.8962,5,-9.993,1,0.0761,0.4238,0.09061,0.0789,0.7275,108.774,KR
1,201856,0.8492,0.8433,3,-6.359,0,0.2811,0.154,0.22907,0.0137,0.3738,121.519,US
0,224069,0.9279,0.7901,4,-10.37,1,0.1444,0.1439,0.03394,0.1889,0.7296,80.339,KR
1,171382,0.7342,0.9877,2,-3.931,0,0,0.1034,0.07626,0.1616,0.8285,107.012,US
0,140247,0.5877,0.6584,9,-10.675,0,0.1011,0.2648,0.08978,0.183,0.5602,87.828,JP
0,200338,0.6387,0.7839,7,-10.667,1,0.1681,0.2422,0.06079,0.1791,0.5223,105.038,US
0,241143,0.6143,0.9092,0,-8.383,0,0.061,0.154,0.19255,0.0579,0.7066,108.059,KR
1,258403,0.5438,0.7079,5,-7.767,0,0.0177,0.3841,0.24728,0.0679,0.4066,148.393,US
0,168358,0.4961,0.7558,7,-6.593,0,0.0888,0.0635,0.11247,0.0675,0.1428,112.961,DE
0,148447,0.4114,0.5469,0,-11.067,0,0.1291,0.2392,0.0193,0.0973,0.3754,153.132,DE
0,206930,0.6556,0.5764,3,-2.196,1,0.1592,0.2666,0.13054,0.1458,0.7063,124.645,KR
0,341951,0.5188,0.5739,2,-4.046,1,0.0233,0.4145,0.17816,0.0779,0.4269,130.64,DE
1,317952,0.8926,0.5572,10,-8.386,0,0.0292,0.276,0.20991,0.0641,0.8242,123.175,BR
0,276745,0.8306,0.7072,4,-4.149,0,0.0488,0.0,0,0.0493,0.6152,138.035,BR
0,254565,0.5954,0.4845,2,-5.912,1,0.0602,0.3742,0,0.0208,0.5868,135.5,JP
0,240685,0.8671,0.6703,4,-4.297,0,0.0066,0.1168,0,0.0492,0.6779,102.56,BR
0,220573,0.6241,0.7375,0,-7.635,1,0.0898,0.1886,0.05511,0.3023,0.7725,112.168,KR
0,211137,0.8487,0.7423,6,-7.616,1,0.0861,0.2638,0.12304,0.1242,0.5068,74.242,BR
0,251291,0.6719,0.7373,5,-10.031,0,0.1486,0.2843,0,0.1018,0.6814,119.821,BR
0,219429,0.5889,0.9245,7,-6.795,1,0.0566,0.2813,0.03951,0.4459,0.7662,100.311,KR
1,191525,0.6778,0.7002,11,-5.766,0,0.1068,0.3357,0.09403,0.1479,0.6632,90.217,KR
1,255743,0.5792,0.851,7,-4.702,0,0.0499,0.0773,0,0.2296,0.5035,117.756,KR
0,140796,0.5193,0.794,7,-9.209,1,0.1256,0.4597,0,0.2416,0.4403,101.008,JP
0,134032,0.6072,0.6058,1,-11.692,1,0.053,0.2561,0.14596,0.0979,0.5783,148.968,JP
0,204424,0.6169,0.7987,2,-5.297,1,0.0904,0.3341,0,0.1163,0.309,124.243,JP
0,224803,0.6459,0.8223,4,-5.931,0,0.0639,0.0,0.156,0.0323,0.946,137.598,KR
0,192837,0.3992,0.5891,11,-10.612,0,0.1392,0.4222,0.12982,0.1492,0.4823,120.02,JP
0,170636,0.7024,0.9076,1,-8.633,0,0.0525,0.2764,0.18561,0.0595,0.4544,117.607,KR
1,207285,0.7056,0.7611,11,-7.084,0,0.1393,0.1286,0,0.1853,0.3841,109.466,US
0,218740,0.6712,0.8252,6,-4.128,0,0.0226,0.2422,0,0.0353,0.7258,143.183,KR
1,220281,0.61,0.664,8,-0.517,1,0.1342,0.2984,0.11786,0.2703,0.48,114.502,DE
1,225201,0.7036,0.5129,6,-4.102,1,0,0.2293,0.1261,0.0978,0.4511,82.501,US
0,224246,0.5928,0.867,4,-5.777,1,0.044,0.0725,0,0.2765,0.4741,99.503,US
0,172359,0.6146,0.6872,2,-3.777,1,0.1229,0.4359,0,0.2304,0.6304,111.308,KR
0,224866,0.4869,0.9121,10,-8.982,1,0.0764,0.2884,0,0.0,0.3715,84.151,KR
0,267371,0.5694,0.6391,9,-8.049,1,0.1067,0.3211,0,0.3319,0.6135,138.369,DE
1,222401,0.884,0.7043,4,-5.662,1,0.1181,0.1875,0.02712,0.1857,0.562,112.463,BR
0,221365,0.57,0.6621,11,-7.933,1,0.1227,0.18,0,0.2141,0.4738,113.035,JP
0,156834,0.8967,0.636,7,-9.622,1,0,0.0678,0.07323,0.0845,0.7017,76.62,BR
0,188673,0.6483,0.5867,4,-4.949,1,0.0067,0.4266,0.06652,0.0632,0.552,112.096,JP
0,226321,0.6683,0.8638,0,-6.464,1,0.2058,0.1724,0.12418,0.1174,0.6091,138.603,JP
0,162686,1.0,0.5927,7,-8.152,0,0.183,0.3768,0.25131,0.1772,0.643,128.143,BR
0,205632,0.7377,0.7499,10,-7.837,1,0.0336,0.1211,0.05293,0.3733,0.6903,113.982,DE
0,233539,0.5254,0.7282,6,-9.555,0,0.0436,0.1889,0.22302,0.2929,0.5284,127.473,JP
0,168553,0.6783,0.8586,1,-1.975,1,0.0718,0.0505,0.1603,0.0958,0.5101,133.211,US
0,252206,0.8051,0.5467,4,-7.096,1,0.1471,0.3423,0.01272,0.1133,0.3461,103.445,JP
0,175145,0.7582,0.7166,7,-8.411,1,0.0047,0.2259,0,0.2119,0.6095,140.723,US
1,288043,0.7854,0.8706,5,-8.599,0,0.1342,0.0,0.26148,0.2482,0.4137,141.268,US
1,255473,0.6341,0.6401,1,-10.684,1,0.1061,0.3033,0.08758,0.1059,0.3799,133.068,US
0,201808,0.6024,0.9175,8,-9.079,0,0.0441,0.2225,0.0997,0.1711,0.507,129.497,KR
0,134217,0.8255,0.9102,9,-6.397,1,0.0917,0.1123,0,0.0,0.4226,148.485,KR
0,225336,0.7151,0.6631,3,-11.301,0,0.144,0.1189,0.08769,0.2332,0.7293,95.972,KR
0,214946,0.745,0.6121,0,-5.68,1,0,0.3777,0,0.1249,0.4614,116.715,KR
0,248756,0.878,0.828,6,-2.889,0,0.1368,0.2811,0.07554,0.1981,0.4481,79.965,BR
1,275877,0.5781,0.6085,1,-8.173,1,0.0221,0.0507,0,0.2225,0.4289,161.56,DE
0,176088,0.9594,0.756,3,-5.742,0,0.1024,0.2553,0.04564,0.1421,0.8104,130.225,BR
0,132120,0.8811,0.7774,11,-9.514,0,0.1456,0.5727,0,0.2147,0.5839,107.478,JP
0,156243,0.3659,0.6925,11,-1.675,1,0.1096,0.2324,0.08028,0.121,0.6323,136.176,JP
1,212374,0.7681,0.6578,8,-8.575,1,0.0921,0.0271,0.0426,0.1748,0.6071,104.294,BR
1,181565,0.6587,0.6722,9,-4.543,1,0.0473,0.1012,0.01857,0.2341,0.5289,117.546,BR
0,242224,0.3114,0.6182,6,-9.021,1,0.1497,0.3678,0.12974,0.1151,0.4767,131.448,JP
0,117388,0.944,0.6095,7,-8.48,1,0.0871,0.1402,0.11015,0.0,0.6346,123.246,US
0,291496,0.7641,0.6751,10,-6.967,0,0.0938,0.2578,0.0723,0.2313,0.5363,79.729,KR
0,146343,0.5854,0.5312,8,-5.2,1,0.0877,0.3204,0,0.1668,0.6166,137.757,DE
0,171046,0.5131,1.0,11,-5.881,1,0.0428,0.1192,0.06142,0.302,0.6516,142.536,KR
0,197653,0.5223,0.6994,6,-6.273,1,0.0746,0.278,0,0.1474,0.3385,118.329,DE
0,231924,0.6773,0.9491,5,-4.975,1,0.0969,0.1305,0.02076,0.2999,0.6351,103.991,KR
0,257032,0.7009,0.6084,4,-7.942,1,0.0296,0.1823,0,0.1952,0.4283,161.866,US
0,178691,0.853,0.6885,5,-7.61,0,0.1244,0.213,0.02207,0.2248,0.7186,137.786,BR
0,152832,0.714,0.826,1,-7.623,1,0.1402,0.3407,0.06157,0.2269,0.5961,92.288,BR
1,194332,0.7577,0.7857,3,-4.81,1,0.0254,0.5179,0.13343,0.0501,0.7185,109.399,US
0,215225,0.4555,0.6033,10,-5.345,1,0.082,0.5715,0.05476,0.0,0.5588,120.675,DE
0,209185,0.7067,0.8715,6,-9.079,0,0.0808,0.1306,0,0.0,0.5753,137.451,KR
0,204310,0.7823,0.9413,10,-6.546,0,0.0914,0.2498,0.00075,0.2521,0.4743,105.394,KR
0,182937,0.5306,0.7588,4,-10.014,0,0.0801,0.2761,0.26169,0.1706,0.5336,113.916,KR
0,196721,0.6648,0.6207,8,-2.256,1,0.1098,0.3784,0.07062,0.066,0.4169,122.09,KR
1,248064,0.6665,0.5271,6,-8.975,0,0.1291,0.3524,0,0.0844,0.7443,140.845,KR
0,215468,0.5003,0.7508,6,-8.7,1,0.0007,0.271,0.0984,0.283,0.3142,105.195,JP
0,136188,0.7923,0.8655,1,-8.6,1,0.0591,0.0336,0.10755,0.3031,0.4712,129.705,US
1,168171,0.6698,0.7955,2,-8.387,0,0.0967,0.1182,0.0242,0.1125,0.6079,112.772,US
1,207084,0.8616,0.7792,10,-5.674,1,0.0661,0.0787,0.04195,0.0103,0.5266,88.706,BR
0,288008,0.6633,0.8337,11,-7.26,0,0.0358,0.209,0.05519,0.0,0.5949,152.674,DE
0,257590,0.6777,0.6898,3,-4.272,0,0.043,0.3981,0.11721,0.1859,0.6224,89.14,US
1,234532,0.549,0.6974,2,-4.556,1,0.081,0.0,0.05412,0.0,0.5736,131.144,US
0,212479,0.7246,0.8207,1,-5.106,0,0.0824,0.2363,0.11566,0.1691,0.4734,128.577,KR
0,165350,0.7581,0.7361,6,-7.15,0,0.0933,0.0176,0,0.3101,0.5513,151.902,US
0,199523,0.6897,0.809,3,-7.553,1,0.0948,0.1528,0.12816,0.1744,0.8159,102.256,KR
1,205182,0.7432,0.876,11,-7.573,0,0.1603,0.2831,0.19208,0.1212,0.5808,126.354,US
1,238323,0.4034,0.7603,8,-7.972,1,0.0607,0.0,0.10585,0.0609,0.3926,114.12,JP
0,148845,0.4224,0.7501,4,-7.624,0,0.0152,0.4123,0.07873,0.3609,0.2701,141.551,JP
0,161341,0.986,0.7642,9,-6.43,0,0.1059,0.0495,0.01259,0.0687,0.6659,100.376,BR
0,205977,0.5131,0.6815,3,-5.108,1,0,0.1731,0.06263,0.1159,0.8362,155.395,JP
0,222877,0.6926,0.6082,8,-13.72,1,0.1149,0.0,0.26185,0.2288,0.6042,120.94,US
0,141105,0.7177,0.8027,9,-12.544,0,0.032,0.3077,0,0.1081,0.4342,141.21,US
0,221635,0.7587,0.6013,4,-6.879,0,0.0922,0.3098,0.09889,0.241,0.5309,131.746,US
1,180533,0.6154,0.6835,6,-1.873,0,0.1627,0.0932,0.17454,0.1612,0.7885,161.349,BR
0,271084,0.4216,0.6025,7,-2.489,1,0.1469,0.3099,0.05483,0.1464,0.3507,149.394,JP
0,279122,0.7087,0.5782,7,-2.939,1,0.0757,0.4365,0.09395,0.256,0.4048,117.101,DE
0,179504,0.6687,0.5254,5,-6.134,0,0.1103,0.3455,0.10927,0.2456,0.5478,115.03,DE
1,201543,0.6826,0.589,2,-4.052,0,0.055,0.1471,0,0.3396,0.6798,114.009,US
1,178723,0.884,0.6832,6,-9.417,0,0,0.2238,0.10805,0.2445,0.6539,96.45,US
1,180889,0.7357,0.7317,10,-4.0,1,0.1133,0.2665,0.16412,0.2508,0.6026,112.838,KR
0,229129,0.5113,0.7069,10,-7.718,0,0.0953,0.3617,0.10857,0.1409,0.7066,143.803,JP
0,262739,0.4935,0.4247,8,-8.204,1,0,0.1674,0.04614,0.1724,0.4558,117.353,DE
0,166514,0.5524,0.8793,10,-7.292,0,0.1374,0.3315,0,0.1097,0.6379,121.989,JP
0,236866,0.4933,0.7094,10,-13.253,1,0.056,0.4877,0.04884,0.0,0.5599,139.063,DE
0,198085,0.611,0.9153,2,-2.535,0,0.114,0.2547,0.03755,0.1942,0.5588,142.186,KR
1,246041,0.6033,0.517,9,-6.73,0,0.1809,0.3782,0,0.2216,0.2904,139.712,DE
0,202613,0.5696,0.7587,1,-3.721,0,0.1946,0.3358,0.03183,0.1697,0.4178,115.893,DE
1,192822,0.7649,0.7775,8,-5.078,1,0.0902,0.23,0.03656,0.1877,0.5907,108.705,US
0,207351,0.6177,0.5473,6,-3.984,0,0.0385,0.1194,0.02319,0.1374,0.2764,142.628,DE
0,214138,0.3808,0.787,8,-8.217,0,0.1322,0.1244,0.16698,0.0668,0.67,109.835,KR
0,208987,0.6376,0.5355,8,-10.887,1,0.1093,0.3185,0.05173,0.2867,0.7255,113.124,BR
1,168956,0.518,0.7459,9,-5.296,0,0.1408,0.2673,0,0.1465,0.4974,131.394,US
0,257227,0.6729,0.6071,11,-11.105,0,0,0.392,0.00537,0.162,0.6763,134.146,DE
0,241803,0.7277,0.8137,10,-8.219,1,0.0804,0.3474,0.14511,0.2581,0.5672,127.58,JP
0,173798,0.7488,0.53,3,-8.479,1,0.0386,0.3639,0.04821,0.1418,0.4021,97.451,DE
0,182140,0.5698,0.5008,9,-7.897,1,0.0562,0.1758,0.01982,0.2205,0.5205,98.838,BR
0,215949,0.7545,0.5833,7,-5.591,1,0.1397,0.1168,0,0.092,0.5459,110.831,KR
0,80570,0.4002,0.7789,9,-5.966,1,0.0032,0.2651,0,0.1158,0.376,151.439,DE
0,175446,0.3649,0.6594,8,-5.038,0,0.1151,0.0958,0.07797,0.1199,0.3876,133.512,JP
0,189049,0.7206,0.6842,8,-10.083,0,0.13,0.1983,0.02945,0.148,0.6551,117.456,BR
1,158039,0.4525,0.7359,2,-8.564,0,0.1703,0.0,0.0782,0.207,0.314,130.645,DE
0,217008,0.5667,0.5884,4,-7.546,1,0,0.2741,0.25482,0.1607,0.4186,124.818,JP
1,181946,0.9073,0.5618,11,-8.095,1,0.0712,0.415,0.17689,0.1559,0.3077,140.159,US
1,286822,0.6476,0.7522,3,-7.395,0,0.039,0.0069,0.05624,0.0586,0.3136,102.121,US
0,238636,0.8728,0.7731,1,-7.76,1,0.0842,0.1722,0,0.2072,0.6895,80.49,DE
0,282159,0.8449,0.927,10,-9.838,0,0.045,0.1863,0.18012,0.035,0.8539,119.956,BR
0,227620,0.6204,0.7722,4,-1.436,1,0.1347,0.3387,0.1608,0.1909,0.4232,79.42,KR
0,128543,0.776,0.8052,6,-1.899,0,0.0873,0.1894,0.00902,0.2422,0.2175,105.031,DE
0,184837,0.6939,0.8103,9,-7.591,0,0.0595,0.2928,0,0.0497,0.5682,119.63,KR
0,241076,0.7204,0.6495,5,-2.742,0,0.037,0.1369,0.20327,0.2661,0.6714,127.775,BR
0,231284,0.7321,0.6647,1,-4.996,0,0.0442,0.0,0.04328,0.1554,0.5504,131.41,US
0,225302,0.641,0.7122,10,-9.767,0,0.0352,0.1205,0.14487,0.3035,0.4287,112.92,KR
0,143264,0.5951,0.694,2,-5.003,1,0.1353,0.4221,0.17628,0.3125,0.6558,123.309,KR
0,197245,0.657,0.7592,0,-6.081,0,0.027,0.3729,0.04425,0.2699,0.4378,138.929,DE
0,194586,0.6319,0.5437,11,-5.841,1,0.1607,0.4372,0,0.1826,0.4213,160.974,JP
0,204544,0.8522,0.6338,3,-7.412,1,0.0652,0.248,0.09145,0.2757,0.1993,143.385,DE
0,214206,0.8722,1.0,6,-10.437,0,0.009,0.1684,0.19062,0.0431,0.4277,116.134,US
0,203811,0.6626,0.7998,5,-9.362,0,0.0681,0.2765,0.01317,0.0643,0.6476,107.157,KR
0,129017,0.6037,0.6246,9,-7.086,0,0.0235,0.4434,0.08074,0.2349,0.4559,135.223,JP
0,190585,0.8293,0.758,1,-10.106,1,0.0976,0.4171,0.13909,0.2631,0.6541,132.467,BR
1,222295,0.758,0.5642,0,-8.735,0,0.1363,0.2958,0,0.1219,0.5077,104.638,BR
0,193403,0.5599,0.7818,9,-6.407,1,0.0543,0.1349,0.01616,0.301,0.424,136.748,KR
0,187914,0.8113,0.8052,11,-9.17,1,0.0241,0.1859,0,0.0834,0.5817,92.195,DE
0,141991,0.4932,0.7816,1,-4.844,0,0.0899,0.3417,0.04663,0.0486,0.3004,123.613,JP
0,192914,0.8425,0.5523,7,-11.186,0,0,0.2446,0.05047,0.0373,0.6444,114.915,US
0,229872,0.3731,0.7183,2,-4.183,1,0.1081,0.2936,0.07894,0.2238,0.6686,134.091,JP
0,222896,0.532,0.7585,7,-6.076,0,0.059,0.564,0,0.0634,0.7467,134.547,JP
0,220587,0.6691,0.6235,5,-6.845,0,0.0213,0.2033,0,0.1918,0.51,110.393,DE
0,201070,0.5741,0.6263,0,-13.274,1,0.1103,0.469,0.21388,0.1807,0.575,139.267,JP
1,210770,0.8569,0.7703,7,-4.683,1,0.1599,0.4299,0.00627,0.2205,0.2862,136.465,DE
0,189727,0.6079,0.5985,4,-7.018,1,0.11,0.2742,0.07617,0.2681,0.2033,148.904,DE
0,176906,0.7038,0.7019,11,-7.516,1,0,0.2402,0,0.1315,0.4598,150.963,DE
0,92254,0.6097,0.9479,6,-7.704,0,0,0.4025,0,0.1831,0.3875,92.995,US
1,181226,0.7861,0.5597,1,-2.796,1,0.065,0.3161,0.03724,0.1334,0.771,130.995,BR
0,214475,0.6861,0.8278,10,-4.182,1,0.0336,0.279,0.05025,0.2224,0.8209,134.13,KR
1,197000,0.4612,0.7351,11,-6.744,1,0.1313,0.2729,0.12016,0.1032,0.638,111.618,JP
0,198017,0.9049,0.7123,10,-7.158,0,0.1908,0.5525,0.10542,0.1629,0.3716,139.114,JP
0,207091,0.7126,0.6523,9,-5.769,0,0,0.1334,0.16719,0.1017,0.4122,123.519,DE
0,179833,0.5558,0.6115,11,-9.876,0,0.0465,0.1686,0,0.115,0.8147,106.905,BR
0,211155,0.4685,0.7344,5,-8.449,1,0.1259,0.4051,0,0.2203,0.8638,136.289,JP
0,289014,0.6002,0.6709,4,-11.774,0,0.1223,0.5284,0,0.0689,0.5855,113.537,DE
0,140054,0.7296,0.8227,3,-7.422,0,0,0.3344,0,0.2187,0.7847,133.981,KR
1,301809,0.4713,0.5761,10,-4.565,1,0.1178,0.2352,0.08716,0.1985,0.4423,136.831,DE
0,289451,0.7962,0.7767,1,-8.385,0,0.0709,0.0689,0.03822,0.1629,0.5526,115.342,US
0,149812,0.7053,0.7044,3,-8.099,0,0.0527,0.5967,0.05779,0.2863,0.7237,133.429,US
0,307959,0.5437,0.7196,7,-5.415,0,0,0.1479,0,0.1862,0.7289,122.148,DE
0,227691,0.726,0.8902,2,-7.246,0,0.0684,0.3413,0.16104,0.0682,0.4827,144.286,DE
0,201284,0.6777,0.6699,1,-4.13,1,0.0948,0.3129,0.1097,0.2414,0.5208,111.68,US
0,249855,0.6815,0.7715,6,-9.402,0,0.1313,0.2684,0,0.2276,0.7249,121.188,KR
0,229834,0.7901,0.7045,9,-4.75,0,0.1459,0.2217,0.01758,0.1313,0.6606,110.223,BR
1,235312,0.825,0.7598,11,-9.982,1,0.1455,0.0839,0,0.1618,0.9176,120.235,BR
0,200929,0.4859,0.6311,7,-6.331,0,0.0116,0.2361,0.08761,0.1583,0.5779,112.887,JP
0,327555,0.6902,0.772,4,-10.76,0,0.0936,0.3612,0.03946,0.1459,0.4467,140.467,JP
0,307196,0.7674,0.812,0,-8.903,1,0.0421,0.4602,0.08358,0.0517,0.5323,148.585,DE
0,154604,0.7404,0.7056,2,-5.367,1,0.0067,0.3143,0,0.1092,0.2521,101.196,KR
0,171198,0.8124,0.6438,6,-8.175,0,0.0993,0.2618,0.00647,0.0838,0.7673,107.904,KR
1,126046,0.8056,0.9069,11,-7.162,1,0.0775,0.3328,0.10591,0.0,0.4041,120.382,US
0,308267,0.6586,0.645,7,-7.002,1,0.1787,0.2495,0,0.2153,0.9797,110.714,KR
0,147531,0.7097,0.6737,4,-7.434,0,0.1542,0.2286,0.03164,0.0387,0.6827,87.919,US
0,271261,0.6202,0.8456,3,-10.795,1,0.0106,0.1841,0.01923,0.3985,0.6796,120.563,KR
0,171186,0.6417,0.6782,0,-6.411,0,0.1131,0.2491,0.04524,0.0438,0.6736,114.173,KR
1,166060,0.9168,0.7205,0,-7.157,0,0.0243,0.1449,0.09433,0.001,0.7038,121.262,US
1,264199,0.6244,0.4726,1,-8.89,0,0.0792,0.3725,0.18164,0.1622,0.488,119.766,DE
0,152071,0.46,0.7501,7,-4.763,1,0.0748,0.0839,0,0.2407,0.4374,110.877,DE
0,247908,0.5876,0.628,3,-6.758,0,0.2085,0.2647,0.15788,0.0,0.3384,119.419,US
0,265650,0.5377,0.7447,1,-4.286,0,0.0432,0.3807,0,0.1273,0.5905,139.197,KR
0,166200,0.9202,0.6947,10,-5.201,0,0.1168,0.2837,0.0564,0.0796,0.3209,136.374,DE
0,183298,0.7232,0.5371,6,-8.922,1,0,0.2683,0.15438,0.2314,0.6386,140.722,BR
0,194827,0.5562,0.8397,2,-5.382,0,0,0.1665,0.07809,0.0,0.7242,152.54,US
1,156351,0.8659,0.5567,2,-6.925,1,0.0988,0.4824,0.00741,0.1103,0.4703,158.945,KR
0,204385,0.6644,0.8825,8,-5.189,0,0.0289,0.1856,0,0.1139,0.7823,108.421,KR
0,276182,0.5999,0.7261,0,-7.772,0,0.0439,0.3163,0.14913,0.196,0.5585,131.119,JP
1,221902,0.66,0.8684,2,-4.254,0,0.1111,0.2436,0.02858,0.0,0.3332,133.388,DE
1,299855,0.4959,0.7361,11,-7.372,1,0.0311,0.2621,0.21532,0.1128,0.5539,69.846,KR
0,191601,0.265,0.6544,2,-5.53,1,0.0432,0.3411,0,0.0867,0.5651,128.205,JP
1,262874,0.7061,0.7132,3,-10.503,1,0.046,0.1835,0.06213,0.2873,0.4065,131.866,US
0,230421,0.8697,0.8454,7,-4.754,0,0,0.4178,0,0.1486,0.6202,97.932,BR
0,233002,0.29,0.7396,1,-8.581,1,0.1259,0.218,0,0.1261,0.6382,103.616,JP
0,241900,0.425,0.5289,5,-8.684,0,0.2387,0.3741,0.14261,0.2355,0.3391,129.922,JP
0,237487,0.6538,0.6687,0,-5.302,1,0.0615,0.0563,0.05309,0.0341,0.5757,126.665,JP
0,178661,0.6175,0.6717,5,-9.34,1,0.0471,0.2666,0.19425,0.1324,0.4811,144.482,JP
0,267020,0.8121,0.6409,8,-6.928,0,0.0143,0.1539,0.19862,0.1624,0.5604,134.794,US
0,120110,0.6193,0.7267,8,-10.763,1,0.0265,0.1851,0.15085,0.1748,0.4353,156.993,DE
0,267540,0.2347,0.7096,5,-5.653,1,0.1132,0.4884,0.18993,0.2395,0.5006,134.39,JP
1,125404,0.5903,0.5015,3,-4.856,1,0.1394,0.3479,0,0.0677,0.7059,117.037,BR
1,203305,0.6064,0.5273,9,-5.459,0,0.1754,0.3252,0.06597,0.1633,0.5026,158.405,KR
1,210070,0.5594,0.9015,10,-4.293,1,0.1757,0.2364,0.17604,0.0484,0.6108,115.033,US
0,154269,0.4459,0.8155,1,-6.064,1,0.1281,0.1591,0.08876,0.0796,0.4873,131.862,JP
1,249668,0.6716,0.6822,1,-5.718,0,0.0443,0.1924,0,0.1242,0.333,132.314,US
1,135458,0.8205,0.6706,6,-9.741,0,0.0118,0.2676,0,0.1469,0.399,121.404,BR
0,168962,0.4389,0.4368,4,-10.902,1,0.0496,0.2237,0.07921,0.2462,0.6223,137.395,KR
0,286404,0.9402,0.7408,0,-5.129,1,0.0944,0.0688,0.07485,0.1553,0.7121,127.143,BR
0,213524,0.4974,0.6191,1,-6.018,1,0,0.1921,0,0.2587,0.4035,141.299,JP
1,205472,0.7592,0.7571,5,-10.594,0,0,0.2709,0.05501,0.3546,0.7745,106.216,BR
1,230975,0.6801,0.6559,2,-5.835,1,0.1416,0.2806,0.11624,0.164,0.919,130.315,KR
0,230522,0.5763,0.7685,11,-10.172,0,0,0.0854,0,0.1212,0.5518,109.195,DE
1,203197,0.7142,0.5453,1,-4.936,0,0.0625,0.2991,0.10762,0.2366,0.7435,126.864,KR
0,179895,0.2281,0.641,3,-9.411,0,0.0105,0.0556,0.09727,0.1047,0.441,127.538,JP
1,265996,0.7176,0.7867,2,-8.371,1,0,0.2924,0.0956,0.0,0.6139,144.147,JP
0,206527,0.3541,0.7755,1,-4.98,1,0.1249,0.1912,0.10951,0.2024,0.325,142.666,DE
1,193079,0.673,0.7643,10,-9.834,1,0.1319,0.4155,0.13313,0.1699,0.3874,155.252,DE
0,165628,0.6423,0.7513,7,-5.174,0,0.1199,0.3138,0.10188,0.0611,0.3365,154.881,JP
0,189459,0.7127,0.6782,1,-7.764,1,0.011,0.503,0,0.1275,0.7498,105.28,BR
0,170161,0.6978,0.6467,0,-6.598,0,0.0302,0.1386,0.06291,0.0607,0.1613,113.09,US
1,172170,0.7697,0.8195,4,-6.265,0,0.1671,0.2113,0.00118,0.2075,0.6081,115.918,BR
0,224717,0.8062,0.8599,11,-8.356,0,0.0605,0.2683,0.13317,0.0939,0.4411,117.493,KR
1,204742,0.6738,0.6977,8,-1.421,1,0.0432,0.1325,0.13443,0.1919,0.4796,131.582,US
1,264197,0.7233,0.8242,7,-10.711,0,0,0.0873,0.13583,0.1362,0.6399,106.851,US
0,183240,0.747,0.6706,0,-9.567,1,0,0.2997,0,0.1601,0.4956,149.266,JP
0,231740,0.6323,0.7382,2,-8.901,1,0.0951,0.298,0.10748,0.0659,0.5633,128.075,US
0,177966,0.552,0.7772,7,-6.388,1,0.0395,0.1067,0,0.0,0.6658,124.698,KR
0,242201,0.5024,0.6246,6,-2.379,0,0.1165,0.3151,0.13368,0.2237,0.416,124.185,JP
0,269928,0.5416,1.0,8,-7.23,0,0.2178,0.409,0.03475,0.3099,0.5693,151.588,KR
1,227109,0.7073,0.4756,0,-5.847,0,0.0885,0.1339,0.14643,0.11,0.6023,84.926,US
0,202340,0.7771,0.8108,2,-2.647,1,0.1306,0.1218,0.05801,0.2083,0.5796,112.08,US
0,179430,0.6164,0.5394,9,-8.059,0,0.0746,0.0987,0.03389,0.1916,0.642,113.069,JP
0,189467,0.6022,0.5037,3,-9.48,0,0.0458,0.2666,0.05321,0.097,0.5032,117.859,DE
1,178328,0.692,0.9713,9,-4.993,1,0.1852,0.3326,0.02843,0.0524,0.2912,99.372,DE
0,173810,0.7466,0.8582,4,-7.475,1,0.1751,0.2282,0,0.1555,0.6567,116.276,BR
0,211936,0.5477,0.7359,0,-6.897,0,0,0.1083,0.06456,0.1872,0.682,121.668,BR
0,297453,0.4952,0.6823,4,-6.358,0,0.0481,0.2624,0.18861,0.3692,0.5015,141.104,JP
0,233734,0.6885,0.6173,5,-4.419,1,0.0927,0.1866,0,0.0507,0.7141,117.013,KR
1,165940,0.78,0.5751,11,-8.074,0,0.0083,0.0388,0.05563,0.3639,0.5209,135.009,US
0,265447,0.822,0.8925,11,-6.463,0,0.1614,0.3776,0.0902,0.0,0.8428,137.941,KR
1,179603,0.8404,0.6256,9,-2.301,0,0.1087,0.1619,0.05535,0.277,0.6014,141.532,US
0,207114,0.6235,0.7558,4,-6.852,0,0,0.1953,0,0.4048,0.561,135.531,JP
0,203990,0.7273,0.5664,2,-4.123,1,0.1094,0.1241,0,0.2949,0.3475,112.803,BR
0,229887,0.5401,0.845,1,-6.447,1,0.0956,0.2194,0.18405,0.1638,0.3455,98.762,JP
0,220381,0.6124,0.7085,5,-5.977,0,0.1158,0.2135,0.01715,0.2324,0.4855,120.307,JP
0,189595,0.7892,0.8831,7,-5.51,1,0.0497,0.179,0.00894,0.128,0.4123,113.191,DE
0,257036,0.7434,0.7161,10,-8.85,1,0.0571,0.0777,0.09873,0.2,0.6154,117.035,KR
0,260659,0.656,0.5442,3,-4.796,0,0.0838,0.0902,0.15563,0.1508,0.6848,146.591,DE
1,154878,0.7307,0.6883,0,-4.419,1,0.0111,0.0207,0,0.2547,0.6316,149.565,US
0,189279,0.7762,0.7575,2,-8.296,0,0.0769,0.1258,0,0.1763,0.624,101.204,KR
0,184415,0.58,0.5927,6,-3.863,0,0.0453,0.1948,0.05898,0.1504,0.67,125.095,KR
1,238172,0.712,0.7581,9,-4.729,1,0.1433,0.0822,0.25332,0.2902,0.688,101.972,BR
0,184723,0.5484,0.6997,11,-6.97,1,0,0.4395,0,0.1787,0.4123,138.359,JP
0,266118,0.6314,0.6105,7,-6.322,1,0.073,0.2814,0.05455,0.1992,0.4953,122.465,JP
0,214572,0.5112,0.7712,7,-5.672,0,0.1487,0.3034,0.04204,0.1673,0.9471,131.507,KR
1,197645,0.6229,0.5618,10,-5.514,1,0.0898,0.2148,0.24975,0.1292,0.3739,133.998,DE
0,205288,0.6364,0.5988,3,-4.52,1,0.0223,0.3101,0,0.1854,0.4615,134.619,DE
0,258531,0.7736,0.7646,11,-8.867,0,0.1294,0.1979,0.19692,0.1004,0.5137,127.285,KR
0,209644,0.4468,0.5086,6,-6.176,1,0.018,0.3183,0.07211,0.1476,0.5604,120.451,JP
0,261910,0.8745,0.7835,1,-11.675,1,0.0543,0.3966,0,0.1521,0.7661,129.571,JP
0,184565,0.7508,0.6887,2,-7.686,1,0.0195,0.1518,0.04178,0.2384,0.6699,104.15,BR
0,225485,0.37,0.5609,4,-7.015,1,0,0.1229,0.15308,0.3356,0.5191,112.881,JP
0,213252,0.5354,0.6513,7,-7.839,0,0.1006,0.3412,0.04016,0.1252,0.9506,121.43,KR
0,169186,0.6194,0.7636,4,-8.887,0,0.1611,0.3549,0.06697,0.3332,0.2383,105.321,DE
0,220286,0.8457,0.7106,4,-4.368,1,0.1285,0.0399,0.04322,0.0769,0.2134,134.394,US
0,213426,0.6578,0.6531,7,-8.026,1,0.1134,0.1861,0,0.2177,0.3905,109.895,DE
0,296186,0.5422,0.7631,4,-9.345,0,0,0.193,0.04717,0.0299,0.6737,114.137,KR
0,253178,0.9802,0.8444,5,-6.79,0,0.0518,0.0355,0.10159,0.076,0.6344,127.797,BR
0,173229,0.8273,0.8828,7,-6.111,1,0.1491,0.1181,0.05064,0.1834,0.5101,117.061,BR
1,152289,0.7652,0.7862,2,-7.821,0,0.0741,0.0952,0.13653,0.0864,0.4985,111.389,KR
0,216524,0.5695,0.6432,3,-9.118,1,0.0313,0.0,0.15799,0.1926,0.5902,139.899,US
0,236331,0.7061,0.5082,7,-10.274,1,0.1943,0.3348,0.09303,0.0242,0.656,101.703,JP
0,224479,0.6261,0.59,8,-6.461,1,0.0896,0.0967,0,0.1317,0.4943,125.639,JP
1,250455,0.6075,0.6415,10,-6.141,0,0,0.2458,0,0.1298,0.7991,85.594,BR
0,159016,0.6395,0.7526,2,-5.934,1,0.0341,0.0,0.071,0.0,0.5564,129.795,US
0,226955,0.6075,0.7105,4,-4.459,0,0.1737,0.216,0,0.0772,0.3587,80.489,US
0,213164,0.8064,0.654,11,-10.297,0,0.1229,0.2537,0,0.0491,0.1252,139.882,US
1,148208,0.4711,0.653,4,-6.941,0,0.1262,0.2254,0,0.1149,0.4831,99.953,DE
0,184468,0.4617,0.6628,1,-11.358,1,0.0754,0.1623,0,0.1954,0.7984,118.895,KR
0,191899,0.481,0.5833,0,-9.604,0,0,0.4607,0.14754,0.0712,0.4868,120.187,JP
1,316576,0.6226,0.6691,0,-8.218,0,0.037,0.3029,0.02043,0.1704,0.6434,130.921,DE
0,301967,0.5177,0.7848,2,-6.41,0,0.0299,0.1066,0.14302,0.3394,0.5164,136.548,US
0,272447,0.5618,0.7273,8,-6.83,1,0.1165,0.227,0,0.0474,0.5738,135.932,DE
1,191626,0.6679,0.514,1,-10.111,0,0.0989,0.0634,0.13598,0.2544,0.2865,115.454,US
0,148454,0.7062,0.8694,6,-14.566,0,0.0219,0.0006,0.03658,0.2289,0.6449,101.328,KR
0,182464,0.7859,0.7999,0,-9.594,0,0.1224,0.3964,0.0087,0.3014,0.5355,105.325,KR
0,160955,0.4891,0.7448,3,-7.547,1,0.0747,0.3121,0,0.1351,0.2516,140.08,JP
1,155580,0.842,0.9886,4,-6.973,0,0.0573,0.2252,0.06426,0.0077,0.6765,126.399,US
1,211710,0.5939,0.7844,4,-11.05,0,0.2,0.1556,0.08709,0.0895,0.7799,100.007,BR
0,251150,0.5493,0.8308,5,-7.023,1,0.1363,0.1747,0.08823,0.2142,0.7032,131.633,KR
0,134247,0.827,0.8207,9,-7.477,0,0.1344,0.315,0,0.113,0.9084,95.115,BR
0,242922,0.6888,0.6461,2,-8.514,1,0.051,0.1955,0,0.2272,0.9336,108.836,KR
0,252125,0.8472,0.4105,9,-1.929,0,0,0.147,0.09159,0.0027,0.4516,141.826,DE
0,240105,0.5291,0.472,7,-7.365,0,0.0074,0.4005,0.10073,0.1639,0.4474,137.078,DE
0,243774,0.3816,0.6808,3,-8.034,0,0.1602,0.2257,0.07924,0.2029,0.4632,126.105,DE
1,328960,0.8023,0.6318,2,-12.464,0,0.1293,0.1524,0.00859,0.1014,0.6619,125.099,US
1,207423,0.6409,0.5039,5,-7.34,0,0.174,0.1155,0.02448,0.1649,0.3365,113.476,DE
0,190222,0.6272,0.7436,2,-12.777,1,0.125,0.2417,0.19207,0.1325,0.5835,133.914,JP
0,312509,0.6339,0.8067,1,-7.111,1,0.0021,0.2398,0.2165,0.3267,0.744,117.614,JP
0,221725,0.6158,0.775,8,-7.185,0,0.0984,0.2152,0.00929,0.0968,0.5903,118.228,DE
0,254001,0.7305,0.6314,10,-4.522,1,0.0841,0.1887,0.05311,0.3968,0.5892,115.53,BR
0,274156,0.621,0.5744,6,-6.612,0,0.15,0.2312,0,0.1637,0.9831,142.428,KR
1,143834,0.6784,0.6856,0,-8.567,0,0.0415,0.0863,0.04518,0.0277,0.4675,106.303,JP
0,213213,0.6533,0.6372,4,-5.479,1,0.0697,0.3793,0.04876,0.1596,0.4305,144.958,DE
0,121893,0.7282,0.716,1,-9.15,0,0.0558,0.0736,0,0.3162,0.4688,95.1,BR
0,176545,0.4825,0.7714,11,-7.17,0,0.1151,0.1624,0,0.138,0.5345,139.592,US
1,232496,0.4388,0.6761,5,-6.893,0,0.0656,0.084,0,0.3313,0.4852,158.59,JP
0,169374,0.7417,0.7497,10,-5.31,1,0.0819,0.2421,0.02091,0.2899,0.6461,105.734,DE
0,188793,0.7183,1.0,3,-7.773,0,0.1272,0.4951,0.11769,0.1703,0.3226,150.72,JP
1,152217,0.8605,0.5484,4,-8.279,0,0.0403,0.0547,0.14941,0.1678,0.669,145.27,US
0,159022,0.8243,0.6993,3,-8.646,0,0.0457,0.2843,0.12164,0.3809,0.4256,109.607,US
0,156473,0.5772,0.8739,6,-5.591,1,0.1723,0.3506,0,0.0895,0.685,125.279,JP
0,196959,0.5414,0.6078,11,-9.065,1,0.0962,0.1436,0.11122,0.3472,0.6351,136.155,US
1,154398,0.6648,0.618,6,-7.855,0,0.0918,0.2357,0,0.1034,0.5067,141.03,US
0,186300,0.8098,0.726,7,-6.945,1,0.0483,0.2934,0,0.1792,0.6694,83.201,KR
0,224541,0.6301,0.7404,11,-9.066,0,0.1146,0.0797,0.03291,0.03,0.3815,133.167,KR
0,241032,0.8707,0.7021,9,-3.104,1,0.1304,0.1469,0.10386,0.1519,0.4883,134.623,BR
1,152113,0.7364,0.6909,6,-7.15,1,0.2114,0.3825,0.1196,0.1835,0.4178,138.067,JP
1,248087,0.8072,0.6105,6,-9.795,1,0.1238,0.0369,0.03736,0.1522,0.5588,127.267,US
0,278971,0.7711,0.6772,2,-8.066,0,0.0376,0.1113,0,0.0018,0.4194,126.304,US
0,150562,0.956,0.5002,6,-9.103,0,0.1707,0.2584,0.00159,0.1826,0.7869,111.569,BR
0,191674,0.7013,0.6753,2,-3.512,0,0.0382,0.3806,0.12909,0.1411,0.6325,130.696,BR
1,150581,0.5602,0.7697,6,-4.832,1,0.0293,0.1431,0.0102,0.3469,0.4242,141.769,DE
1,249480,0.9656,0.6576,9,-6.07,1,0.168,0.2601,0,0.2101,0.6846,107.246,BR
0,192736,0.8971,0.6048,10,-6.323,0,0.0863,0.0,0.00595,0.1895,0.3879,161.099,BR
0,252955,0.5997,0.6835,7,-6.778,0,0.0434,0.1462,0.14892,0.2229,0.6221,140.505,JP
0,170874,0.5292,0.7238,3,-5.085,0,0.0367,0.2445,0.01885,0.146,0.4223,139.947,JP
0,193178,0.4847,0.9288,9,-9.091,0,0.0519,0.4208,0,0.0881,0.5173,88.276,JP
0,141913,0.6989,0.6006,9,-3.217,0,0.0262,0.3009,0.10239,0.2111,0.6124,106.663,DE
1,186085,0.663,0.6865,10,-7.086,1,0.1166,0.2234,0.0574,0.3254,0.5028,117.778,BR
0,210174,0.7131,0.6233,2,-9.511,0,0.0292,0.1027,0.0533,0.2248,0.6381,96.877,US
0,225831,0.7968,0.7657,6,1.649,1,0.0778,0.3269,0.00033,0.1401,0.4552,136.748,DE
0,249631,0.6988,0.5807,2,-9.255,1,0.1145,0.3171,0.06933,0.3917,0.7805,139.228,BR
0,241781,0.6056,0.7447,4,-4.02,0,0.1562,0.3663,0.07471,0.3372,0.3839,128.47,JP
0,192789,0.6615,0.6826,9,-7.769,0,0.1012,0.0888,0.1346,0.0,0.5477,130.554,KR
0,133441,0.7511,0.5598,11,-6.055,0,0.1254,0.5899,0.05618,0.1661,0.6221,102.42,JP
0,253698,0.8308,0.5867,2,-5.558,0,0.0127,0.2261,0.09676,0.392,0.4067,132.874,KR
0,179078,0.7585,0.4491,7,-6.22,0,0.0951,0.2896,0.06342,0.3382,0.4882,135.427,US
0,188786,0.7795,0.8527,10,-4.632,1,0.0929,0.1525,0.25156,0.2306,0.4234,152.784,DE
0,212891,0.6376,0.5873,5,-5.859,0,0.1147,0.0934,0.15317,0.3223,0.6644,133.329,BR
0,155773,0.8021,0.7046,4,-9.366,1,0.0735,0.153,0,0.188,0.2648,128.145,DE
0,222104,0.8563,0.7428,11,-10.741,1,0.1243,0.0444,0.16948,0.2232,0.5097,103.716,US
0,273164,0.4784,0.7573,11,-6.819,0,0.1188,0.3475,0.10834,0.0997,0.6111,147.386,DE
0,192530,0.6632,0.7435,11,-4.373,0,0.0098,0.0271,0.01047,0.2324,0.5419,120.693,DE
1,271289,0.781,0.5485,2,-5.505,0,0.1732,0.0611,0.20349,0.1329,0.4951,141.911,US
0,234114,0.6293,0.6332,8,-5.334,1,0.1462,0.2765,0,0.1596,0.6926,115.354,KR
0,200787,0.5867,0.483,4,-12.597,0,0.0654,0.2747,0,0.0,0.5194,153.439,DE
0,168975,0.6986,0.821,4,-7.434,1,0.1694,0.2778,0,0.1454,0.3207,109.676,DE
1,195428,0.6997,0.8671,7,-6.919,0,0.1126,0.4066,0.16885,0.1992,0.5911,110.559,BR
1,223834,0.7405,0.6063,11,-2.175,1,0.0554,0.0677,0.02957,0.2758,0.8541,102.63,US
0,215119,0.329,0.4591,2,-0.837,1,0.0328,0.3179,0.14875,0.1643,0.3397,137.216,JP
0,233036,0.7017,0.7432,6,-6.66,1,0.079,0.2569,0.08491,0.2287,0.6429,121.425,BR
0,172859,0.6374,0.8042,3,-3.189,0,0,0.2016,0.06851,0.1598,0.4926,92.184,DE
0,203866,0.6493,0.8187,0,-7.663,1,0.0974,0.1119,0.15371,0.0998,0.5867,120.88,BR
0,138940,0.5306,0.7372,4,0.043,0,0.1007,0.4733,0.22099,0.173,0.3312,104.436,JP
0,278187,0.5814,0.8947,2,-10.133,1,0.0621,0.2591,0.04195,0.2281,0.5747,124.161,BR
1,253158,0.6313,0.595,11,-3.595,1,0.0582,0.3164,0.17978,0.1466,0.3501,122.28,US
0,168196,0.4348,0.5945,8,-8.78,0,0.1886,0.4837,0.20894,0.1611,0.5995,128.155,KR
0,251278,0.6786,0.4001,2,-8.291,1,0,0.1587,0.1275,0.0785,0.5952,113.381,US
1,207534,0.4827,0.5944,7,-6.444,1,0,0.0295,0.11493,0.2163,0.4532,116.397,KR
0,182140,0.4031,0.7225,11,-4.189,0,0.108,0.2107,0,0.0021,0.4161,99.238,JP
0,180428,0.6232,0.6875,6,-8.51,0,0.0753,0.1869,0,0.1122,0.5036,119.173,JP
0,195675,0.9195,0.9772,3,-2.878,0,0.0517,0.2506,0,0.0813,0.5273,93.781,BR
0,248710,0.3284,0.6956,8,-8.038,0,0.0706,0.3649,0,0.2242,0.4351,143.16,JP
0,263896,0.3803,0.7391,7,-7.803,0,0.0927,0.3836,0,0.1963,0.1044,101.838,DE
0,184766,0.5186,0.954,6,-5.976,1,0.1346,0.0021,0.01888,0.0229,0.4023,126.612,KR
0,162157,0.6477,0.6188,10,-5.262,1,0.0342,0.2998,0.08585,0.2766,0.7368,123.409,DE
0,175854,0.4078,0.6591,1,-9.787,1,0.0343,0.1973,0,0.0833,0.3958,146.339,DE
0,190990,0.5679,0.6982,4,-8.521,1,0.0179,0.3277,0.21293,0.0,0.3941,109.33,DE
0,192596,0.6941,0.8675,10,-4.672,0,0.0435,0.1402,0.22458,0.2681,0.5223,114.974,KR
0,147394,0.5771,0.7806,1,-10.584,0,0.0856,0.2245,0.05556,0.1495,0.269,142.51,DE
1,246459,0.7095,0.7528,2,-4.889,0,0.0176,0.3564,0.05957,0.2396,0.3942,100.448,DE
0,171351,0.6975,0.8819,0,-5.868,1,0.0135,0.2077,0,0.0291,0.7176,79.744,BR
0,207314,0.6417,0.6522,1,-6.848,0,0.127,0.0715,0.08346,0.1285,0.5054,140.363,KR
0,245017,0.5166,0.5893,9,-9.394,0,0,0.2803,0.0443,0.1897,0.3875,145.869,JP
0,224506,0.6801,0.9644,10,-10.979,0,0.0822,0.0,0.22583,0.1353,0.6551,108.351,KR
0,257762,0.7306,0.4403,8,-3.381,0,0.0768,0.0915,0,0.2372,0.3217,110.908,DE
0,290156,0.6241,0.6615,8,-8.688,1,0.0662,0.5472,0,0.1224,0.9644,90.283,KR
0,176018,0.8246,0.8265,2,-6.639,1,0,0.2256,0,0.1574,0.7956,131.175,BR
0,202809,0.7117,0.8507,10,-8.993,1,0.0874,0.3424,0.21751,0.1189,0.67,119.823,BR
0,188883,0.7203,0.6316,2,-9.046,0,0.0874,0.3503,0,0.3804,0.3266,142.3,DE
0,140330,0.4731,0.813,3,-6.58,1,0.0647,0.4142,0,0.1739,0.5318,138.237,JP
0,206109,0.6687,0.5939,9,-8.414,0,0.0223,0.3091,0,0.3682,0.4948,121.678,DE
1,148593,0.6447,0.9566,1,-8.852,0,0.0919,0.0815,0.03322,0.273,0.5347,116.064,US
0,146011,0.5494,0.6969,11,-8.911,0,0,0.146,0.12189,0.2322,0.2062,73.419,DE
0,235382,0.6723,0.9053,11,-7.844,0,0.003,0.1414,0,0.2828,0.819,143.326,KR
0,151044,0.8207,0.6107,6,-5.198,0,0.2869,0.2039,0.04526,0.0,0.6154,147.37,BR
1,223727,0.649,0.5782,4,-13.283,0,0.2412,0.3376,0.00851,0.0,0.2718,109.446,US
0,208792,0.7268,0.8089,5,-9.599,0,0.0483,0.1274,0,0.2056,0.7427,116.814,BR
0,180611,0.7672,0.896,6,-11.388,1,0.1495,0.3883,0.06877,0.1155,0.4791,131.931,KR
0,264516,0.7245,0.7405,10,-11.075,1,0.1467,0.1146,0,0.2924,0.4965,102.053,KR
0,270245,0.6306,0.689,3,-6.277,1,0.1177,0.2012,0.0792,0.0731,0.6079,65.488,BR
0,240857,0.5383,0.5491,2,-7.873,0,0.0345,0.2553,0.05792,0.0,0.7917,146.538,JP
0,208693,0.5299,0.6413,3,-8.917,0,0.0615,0.3462,0.0062,0.0342,0.3451,126.72,JP
0,255751,0.7167,0.641,4,-3.794,0,0,0.3632,0,0.2146,0.6626,137.052,JP
0,277087,0.6505,0.3771,1,-8.449,1,0.0869,0.3485,0.08067,0.18,0.5213,150.445,JP
1,274157,0.9108,0.5493,8,-6.721,1,0.1479,0.2952,0,0.2283,0.5948,119.385,BR
0,162794,0.8638,0.7349,6,-8.182,0,0.0838,0.4181,0.2646,0.2645,0.7593,141.786,BR
1,238042,0.7258,0.7763,5,-4.29,1,0.0899,0.1674,0,0.3272,0.6631,147.761,US
1,236099,0.8002,0.6644,1,-6.857,1,0.0461,0.3249,0.07819,0.1948,0.6437,107.416,US
0,208473,0.5941,0.7828,0,-5.98,0,0.1235,0.2152,0.10235,0.1525,0.5778,113.185,KR
1,322861,0.8326,0.6863,1,-11.199,0,0.0824,0.1078,0.02517,0.2267,0.7411,122.676,BR
0,98428,0.6281,0.802,3,-5.836,1,0.0191,0.4244,0.01129,0.0787,0.6187,129.283,KR
1,230593,0.6249,0.6892,4,-6.891,1,0.0372,0.2406,0.04535,0.0,0.5461,106.547,BR
0,176689,0.6771,0.884,4,-9.608,1,0.1099,0.3217,0.06146,0.2612,0.6793,98.943,BR
0,255504,0.6461,0.8005,1,-9.958,1,0,0.2394,0.14313,0.1364,0.6047,143.708,KR
0,177088,0.7508,0.6982,5,-2.655,0,0.0806,0.4133,0.03109,0.1042,0.725,100.377,US
0,153622,0.6984,0.6256,8,-8.969,1,0.1393,0.422,0.06261,0.034,0.4436,141.566,JP
0,273920,0.473,0.4721,2,-3.337,1,0.1343,0.3823,0.11123,0.2521,0.2997,96.86,JP
0,179294,0.6351,0.7017,4,-1.12,1,0.0126,0.1776,0,0.224,0.8421,123.158,KR
0,244998,0.9037,0.6257,9,-7.986,0,0.0316,0.257,0.08843,0.3988,0.7813,124.0,BR
0,203400,0.5715,0.6646,3,-4.07,1,0.0942,0.2806,0,0.0,0.4988,83.376,DE
0,164219,0.6436,0.5015,8,-8.31,0,0.0436,0.3629,0.06387,0.2113,0.5824,140.27,JP
0,187041,0.8575,0.6554,4,-5.666,0,0.0784,0.0,0,0.0865,0.5622,102.188,KR
1,234452,0.6317,0.507,9,-5.968,1,0.14,0.2086,0,0.1077,0.4338,65.858,BR
1,125236,0.8364,0.6896,1,-10.173,1,0,0.2338,0,0.2705,0.5702,137.858,US
1,245352,0.693,0.7616,9,-3.16,0,0.1585,0.3859,0.05264,0.2956,0.4457,121.306,DE
1,223867,1.0,0.7778,6,-1.545,1,0.0575,0.1122,0.00142,0.0465,0.5845,125.243,US
0,203017,0.5718,0.7026,6,-6.635,1,0.0666,0.2304,0.26865,0.1517,0.569,135.866,DE
0,193648,0.4085,0.7034,4,-6.72,0,0.0932,0.2791,0,0.1251,0.3738,139.292,JP
1,198794,0.6915,0.9593,9,-8.12,0,0.0807,0.247,0.2145,0.112,0.5354,160.196,US
0,208168,0.6497,0.7779,1,-6.194,1,0.1434,0.3515,0.09475,0.1556,0.6676,94.758,JP
1,194921,0.6887,0.6585,11,-4.442,0,0.0875,0.1223,0.17502,0.0379,0.7231,137.701,US
0,193437,0.8265,0.7679,8,-8.098,0,0.0726,0.2386,0.10965,0.0665,0.4674,110.405,US
0,302303,0.9056,0.7295,8,-4.395,1,0.03,0.2058,0,0.2191,0.6773,146.656,BR
1,185170,0.6228,0.8927,6,-7.672,0,0.1244,0.0,0.11953,0.2852,0.6339,132.001,US
1,217956,0.9689,0.7278,9,-6.204,1,0.1176,0.1636,0.16518,0.2111,0.5998,106.985,US
0,168887,0.4165,0.686,10,-7.099,1,0.0603,0.4875,0.19392,0.2223,0.3367,117.808,JP
0,112572,0.5777,0.5139,8,-5.472,0,0.0949,0.2465,0.28975,0.3483,0.4111,110.349,DE
0,186383,0.6759,0.5616,4,-3.756,0,0.1028,0.1385,0.02252,0.1276,0.7393,130.219,BR
0,253623,0.5991,0.7056,0,-6.973,0,0.0193,0.7271,0.0927,0.1369,0.5709,182.179,JP
0,255233,0.7455,0.7147,11,-6.349,1,0.0849,0.145,0.31273,0.1685,0.8032,112.729,BR
0,147071,0.304,0.6784,2,-8.083,0,0.1413,0.2559,0.10672,0.3092,0.6541,151.183,DE
0,225888,0.7131,0.7716,0,-5.707,1,0,0.2636,0,0.1447,0.4519,103.037,KR
1,270603,0.8058,0.5959,1,-7.917,0,0.0069,0.3299,0,0.0,0.5303,125.624,US
0,315651,0.5211,0.7447,10,-7.659,0,0.0866,0.2931,0.12466,0.1246,0.29,97.555,JP
0,197801,0.5679,0.6884,0,-10.042,0,0.09,0.2901,0.24047,0.2537,0.5923,138.889,JP
0,245820,0.6303,0.692,8,-11.387,0,0.1224,0.26,0,0.1795,0.2819,138.311,JP
0,239161,0.8133,0.6142,3,-12.073,0,0.0042,0.3528,0,0.1632,0.3702,81.136,KR
0,190830,0.6297,0.7917,10,-5.594,1,0.0795,0.4882,0.06048,0.3193,0.5808,116.297,KR
0,306422,0.5102,0.7143,4,-10.272,0,0.0334,0.2731,0,0.085,0.5959,108.879,JP
0,246089,0.8105,0.8142,8,-8.873,1,0.1022,0.2041,0.13563,0.1869,0.5612,118.289,BR
0,224705,0.5491,0.6259,1,-4.537,0,0.013,0.3756,0,0.3641,0.6229,136.095,JP
0,234654,0.8807,0.667,9,-7.985,1,0.0656,0.2774,0.06757,0.0438,0.6542,113.428,US
0,194908,0.6206,0.7777,3,-5.531,1,0,0.1642,0.03353,0.2688,0.5976,128.202,US
0,252411,0.5371,0.7955,5,-5.059,1,0.0502,0.5947,0.13861,0.1171,0.5908,109.995,JP
1,202563,0.8934,1.0,3,-3.814,0,0.034,0.0606,0,0.2752,0.4555,147.257,BR
1,130238,0.6485,0.6351,4,-7.284,0,0.108,0.1453,0,0.1853,0.6929,105.124,US
1,240579,0.7586,0.7562,2,-5.86,0,0.0603,0.2962,0,0.1158,0.6593,112.47,US
0,245719,0.5907,0.7991,0,-2.213,1,0.0856,0.2813,0.03412,0.1805,0.6576,151.594,KR
1,263209,0.6614,0.7645,2,-7.9,0,0.1058,0.265,0.00921,0.1359,0.457,139.418,DE
0,158105,0.5892,0.6739,10,-7.097,0,0.112,0.4449,0.02509,0.1984,0.6631,157.47,JP
0,179088,0.613,0.8812,5,-5.394,1,0.1456,0.202,0.23278,0.1571,0.6627,115.431,BR
0,234155,0.5708,0.7102,10,-0.628,1,0,0.3451,0.05944,0.0787,0.392,143.569,JP
0,136237,0.6523,0.754,5,-5.584,0,0.0392,0.1328,0.08242,0.185,0.343,136.367,JP
0,187838,0.8731,0.606,6,-10.036,0,0.1542,0.3485,0.07277,0.1959,0.6221,99.923,BR
1,167864,0.4375,0.6106,3,-8.029,0,0.0529,0.1435,0,0.0526,0.3208,132.361,DE
0,219538,0.8665,0.806,1,-3.914,1,0.0601,0.1763,0.16953,0.301,0.5461,113.447,BR
0,219680,0.7585,0.8611,9,-4.588,1,0.0861,0.2821,0.1195,0.132,0.5664,98.857,DE
0,114498,0.5982,0.7933,11,-5.5,0,0.0924,0.3097,0,0.2815,0.4631,117.756,KR
1,284212,0.5834,0.5696,7,-7.426,0,0.1023,0.1166,0.02884,0.1922,0.7463,122.503,DE
1,274871,0.7364,0.6452,6,-7.539,1,0.1127,0.3586,0.02176,0.2624,0.6406,98.49,DE
1,227610,0.6402,0.6268,3,-1.118,0,0,0.3157,0.00944,0.0832,0.5017,105.178,JP
1,175011,0.8161,0.6357,9,-6.326,1,0.0506,0.0,0.15125,0.1739,0.6698,116.483,BR
0,256088,0.7571,0.4953,1,-3.148,0,0.0884,0.1636,0.00418,0.1846,0.5223,121.087,BR
1,279411,0.7129,0.651,9,-10.294,0,0.0743,0.4456,0.07601,0.131,0.5546,108.037,BR
0,240971,0.7744,0.6429,8,-4.189,0,0.0673,0.4074,0,0.1659,0.5477,122.394,JP
0,193141,0.8693,0.6417,10,-6.57,0,0.1348,0.2531,0,0.0,0.6277,121.058,US
0,153160,0.4643,0.6446,11,-12.355,1,0.0412,0.3944,0,0.2221,0.5973,115.255,KR
0,214686,0.7249,0.958,8,-12.291,1,0.089,0.2759,0.25672,0.145,0.615,114.248,KR
0,199826,0.5576,0.6251,6,-7.042,1,0.0976,0.0,0.14047,0.4611,0.6135,156.041,US
0,260761,0.5732,0.8304,9,-8.445,1,0,0.2515,0.10842,0.1949,0.5764,126.892,DE
0,199206,0.7049,0.7354,8,-7.673,1,0.1222,0.2517,0.04291,0.1281,0.5527,122.515,JP
0,276019,0.4257,0.7653,10,-8.023,0,0.1935,0.3701,0.03749,0.2066,0.2813,157.925,DE
0,315603,0.7891,0.704,11,-10.263,0,0.0609,0.3468,0.08301,0.1734,0.5565,138.644,US
0,173268,0.9345,0.7392,10,-8.408,0,0.0668,0.3708,0,0.1757,0.6331,119.613,BR
0,311399,0.7205,0.6156,4,-7.224,1,0.1686,0.3266,0,0.1837,0.8192,144.339,US
1,113538,0.7616,0.9246,8,-3.791,0,0.0522,0.1857,0.12947,0.2129,0.6823,113.715,US
0,254303,0.7213,0.4375,7,-6.116,1,0,0.1596,0.06981,0.2236,0.3135,136.555,DE
0,236743,0.6189,0.8011,3,-7.224,1,0.0337,0.2971,0,0.105,0.4759,125.793,US
0,337041,0.4743,0.5382,8,-8.588,0,0.068,0.4165,0.02603,0.1225,0.6801,114.353,JP
0,246822,0.6236,0.7886,6,-12.286,1,0.0476,0.2499,0.11852,0.0011,0.7466,131.288,JP
0,250713,0.5021,0.5629,9,-6.676,0,0.0793,0.3456,0,0.2787,0.614,135.932,JP
0,203423,0.6742,0.6756,7,-2.5,0,0.0869,0.2446,0.24613,0.0458,0.6084,146.375,DE
0,213119,0.615,0.8732,7,-10.618,1,0,0.2319,0.09723,0.1447,0.6695,107.351,US
0,192030,0.5312,0.6207,0,-7.062,0,0.2107,0.2342,0.06901,0.185,0.7741,145.601,KR
0,186371,0.5361,0.9768,5,-11.163,1,0.1335,0.0702,0,0.1968,0.6123,83.912,KR
0,183950,0.6374,0.5849,11,-6.616,1,0.0445,0.298,0.06259,0.0586,0.8457,121.242,BR
0,213596,0.8784,0.6977,11,-6.533,1,0.161,0.4301,0.17857,0.0,0.7964,113.5,BR
0,180911,0.6005,0.6586,1,-8.226,0,0.0829,0.2105,0.03835,0.1485,0.7133,133.684,JP
0,142852,0.8765,0.5928,9,-3.2,0,0.2053,0.3432,0.20141,0.196,0.7955,119.926,BR
0,221387,0.6659,0.6148,11,-5.137,0,0.0238,0.0175,0.16385,0.0875,0.8051,87.517,KR
0,197131,0.7971,0.7773,1,-4.196,0,0.1408,0.3178,0.00692,0.1677,0.5986,131.413,KR
0,254346,0.6088,0.6125,2,-2.385,0,0.0988,0.2132,0.16681,0.1563,0.5819,146.163,DE
0,214463,0.7147,0.6156,9,-5.597,0,0.1503,0.1898,0.055,0.1652,0.7398,89.468,BR
1,198872,0.6842,0.6736,0,-3.097,1,0.0914,0.2336,0.05797,0.0794,0.6733,99.173,KR
1,167851,0.5418,0.8543,3,-9.657,0,0.0532,0.2934,0.01084,0.102,0.3564,104.326,US
0,223189,0.6821,0.7124,8,-10.285,0,0.1394,0.2723,0.05636,0.1655,0.8555,105.116,KR
0,239895,0.7729,0.7629,4,-7.721,0,0.0169,0.4629,0,0.123,0.3702,103.099,DE
1,207504,0.7445,0.6217,3,-6.086,1,0.0217,0.3117,0,0.0664,0.6287,108.814,KR
0,194902,0.6792,0.8849,9,-10.992,1,0.1037,0.0,0.22005,0.14,0.7622,88.058,KR
1,284466,0.289,0.8483,8,-6.476,0,0.0348,0.0445,0.18758,0.1672,0.5058,118.214,KR
0,203832,0.8437,0.368,11,-9.623,1,0.1201,0.2968,0.08936,0.5224,0.6464,98.205,BR
0,275402,0.8333,0.5552,1,-5.309,1,0,0.2123,0.13684,0.2471,0.5863,110.316,US
0,144349,0.6312,0.7078,10,-6.164,1,0.156,0.0757,0.16997,0.353,0.6388,127.34,KR
0,130397,0.8582,0.5448,11,-7.303,0,0.0229,0.2391,0.3369,0.066,0.6191,125.332,BR
0,183676,0.3139,0.7596,9,-6.991,0,0.1078,0.1054,0.11945,0.2147,0.335,111.67,DE
0,294467,0.6236,0.7203,3,-6.616,1,0.1516,0.1828,0,0.3673,0.8905,96.994,KR
0,121558,0.672,0.7006,8,-9.194,0,0,0.1707,0.21118,0.3525,0.6834,102.556,JP
0,162565,0.5522,0.5426,4,-10.852,1,0.1982,0.3597,0.03082,0.1829,0.4824,118.759,JP
0,174735,0.4683,0.4645,7,-5.454,1,0,0.0119,0,0.0576,0.528,106.246,JP
1,206959,0.6321,0.6909,8,-7.676,1,0.0883,0.152,0.02944,0.2886,0.6892,118.474,US
0,236747,0.618,0.7328,3,-9.062,0,0.0729,0.2341,0.06438,0.1855,0.4833,105.292,DE
1,232998,0.7305,0.7952,11,-4.82,1,0.14,0.363,0,0.1173,0.3562,124.067,KR
0,196985,0.4791,0.8172,10,-9.547,1,0.0308,0.5728,0.14286,0.1368,0.2969,147.036,JP
1,199576,0.6325,0.6181,10,-6.924,1,0.0789,0.3159,0.04558,0.3205,0.6208,140.785,BR
0,185543,0.5133,0.7895,10,-8.322,1,0,0.2412,0,0.0857,0.2807,91.058,DE
0,149489,0.4482,0.7013,6,-8.516,1,0.0358,0.2402,0.195,0.187,0.3206,130.19,DE
1,148410,0.7718,0.7082,10,-2.697,1,0.0911,0.0368,0.08703,0.3443,0.6588,128.458,BR
0,177023,0.5558,0.7258,11,-6.892,1,0.0712,0.2382,0.07544,0.1591,0.7104,127.695,BR
1,216433,0.7451,0.7241,9,-5.547,0,0,0.1241,0,0.2327,0.5827,115.624,BR
0,142735,0.4167,0.502,0,-12.726,0,0.0666,0.239,0,0.2027,0.5175,125.607,DE
0,186122,0.5417,0.686,10,-4.818,0,0.1058,0.1665,0.06797,0.2295,0.8314,137.585,US
0,182830,0.456,0.6694,7,-5.231,1,0.1207,0.4484,0.04276,0.1145,0.5783,146.518,DE
1,237170,0.6172,0.5034,4,-2.952,0,0,0.1771,0.00354,0.2035,0.4165,118.406,DE
0,154834,0.7038,0.5499,5,-8.251,1,0.0666,0.2211,0,0.0817,0.7342,128.236,US
0,201828,0.7433,0.5824,5,-11.885,1,0.045,0.3483,0,0.0165,0.6793,113.374,US
1,236271,0.6772,0.7402,6,-4.432,0,0.113,0.199,0.1247,0.2054,0.3042,122.06,BR
0,209041,0.7155,0.7406,4,-7.604,0,0,0.2053,0,0.181,0.3243,95.768,KR
0,283505,0.894,0.7127,3,-2.59,1,0.141,0.1602,0.01505,0.1613,0.5468,139.402,BR
0,112569,0.5535,0.7876,11,-4.341,1,0,0.3156,0.09991,0.1962,0.4576,111.43,DE
0,153737,0.6304,0.8394,5,-7.57,0,0.0323,0.0746,0.13988,0.1938,0.657,101.324,KR
1,185531,0.4424,0.6995,3,-8.796,1,0.1183,0.3841,0,0.2307,0.5765,152.647,JP
0,207348,0.7257,0.6996,1,-5.113,0,0.0526,0.1076,0.12158,0.0952,0.6007,118.163,US
0,251009,0.5604,0.6014,10,-8.467,0,0.0536,0.291,0.02992,0.1149,0.477,104.098,US
0,218254,0.5529,0.861,2,-5.923,0,0.0981,0.1645,0,0.0514,0.5808,97.283,KR
1,256430,0.7075,0.4545,5,-3.768,1,0.0934,0.3806,0.05861,0.1116,0.5249,127.643,DE
0,161540,0.6303,0.599,11,-2.295,0,0.0523,0.3068,0.04764,0.2474,0.8663,129.486,DE
1,165017,0.5429,0.5674,8,-7.417,0,0.1552,0.0508,0.01623,0.2458,0.7269,130.233,US
0,210987,0.5828,0.6377,0,-7.627,0,0.0668,0.4304,0,0.1834,0.3276,110.174,DE
0,162609,0.7254,0.9816,8,-5.55,0,0.0582,0.2353,0.10992,0.0973,0.6045,132.604,KR
1,200518,0.7633,0.841,8,-5.204,0,0.0516,0.2473,0.17393,0.1849,0.6242,149.574,US
0,199445,0.6115,0.7399,3,-2.278,0,0.0245,0.0501,0.21344,0.1501,0.5333,103.127,BR
0,192026,0.7499,0.6233,0,-6.914,1,0.1118,0.3172,0.01444,0.0,0.7528,117.688,DE
1,213101,0.9337,0.7196,10,-7.428,1,0.1133,0.2511,0.14627,0.1639,0.6868,77.935,BR
0,152052,0.4708,0.6291,5,-5.172,1,0.0538,0.2092,0,0.2155,0.5336,104.13,DE
0,252666,0.8409,0.6785,11,-11.541,1,0.0801,0.0,0.05557,0.2534,0.8408,133.392,BR
0,180555,0.8107,0.8126,3,-6.624,1,0.1413,0.2873,0.1182,0.0687,0.5601,170.026,BR
0,223352,0.8315,0.6791,10,-13.104,1,0.1294,0.1956,0.09857,0.0,0.666,134.902,KR
1,230765,0.6426,0.7826,1,-9.437,1,0.1211,0.379,0,0.2193,0.6276,142.14,KR
0,237074,0.882,0.6579,4,-6.414,1,0.0511,0.3877,0,0.1064,0.7119,102.299,DE
0,102967,0.5496,0.8369,3,-6.962,1,0.0248,0.0,0.07243,0.32,0.5792,111.22,KR
0,256521,0.8485,0.7146,9,-10.85,0,0.0608,0.2383,0.14025,0.121,0.4075,121.547,JP
0,280549,0.761,0.6578,1,-10.023,1,0.1146,0.3064,0.04011,0.2105,0.5711,129.207,US
1,93097,0.5199,0.6878,7,-6.515,1,0.0476,0.0485,0.02508,0.0,0.4442,120.226,US
0,196503,0.7817,0.6308,2,-7.602,0,0.1042,0.2883,0.01428,0.3528,0.5547,74.267,DE
0,261779,0.6737,0.4771,0,-13.937,1,0.1166,0.3384,0.11156,0.0,0.5804,118.308,JP
1,139175,0.7833,0.8056,5,-4.58,1,0.0444,0.2438,0.11926,0.0831,0.4959,125.521,KR
1,255877,0.7065,0.8947,3,-4.473,0,0,0.4082,0.06557,0.187,0.6772,89.259,BR
0,163064,0.7628,0.7886,2,-3.488,0,0,0.3188,0.01212,0.0625,0.744,145.577,US
0,235834,0.6178,0.5428,0,-8.981,1,0.0376,0.0,0.05688,0.3093,0.3627,104.181,US
0,194013,0.6543,0.5918,3,-12.088,0,0.1469,0.492,0.1201,0.1596,0.447,122.55,JP
0,226568,0.5444,0.6965,9,-7.887,0,0.0255,0.5221,0.1997,0.2268,0.8389,124.9,JP
0,274781,0.3905,0.727,11,-7.669,0,0.0635,0.1821,0.20014,0.1959,0.3559,144.343,JP
0,235118,0.6272,0.6929,3,-8.885,0,0.0636,0.3774,0.12045,0.1842,0.6985,110.137,JP
0,188433,0.5275,0.6956,9,-7.201,1,0.0629,0.1534,0.14701,0.0711,0.2575,131.563,DE
0,209714,0.5364,0.7457,7,-5.934,0,0.0113,0.435,0.143,0.1131,0.4981,121.655,US
0,188789,0.6057,0.7139,11,-6.739,0,0.1436,0.341,0,0.0,0.5761,107.075,KR
0,165541,0.5045,0.7902,9,-7.376,0,0.088,0.1804,0.01537,0.0934,0.5846,98.902,KR
0,256830,0.6639,0.6186,4,-8.733,0,0.0338,0.6073,0.10534,0.103,0.3991,106.62,JP
0,212879,0.8884,0.6148,4,-4.146,1,0.0008,0.3186,0.09636,0.141,0.5869,99.115,KR
0,178831,0.7481,0.6006,1,-9.13,1,0.0408,0.1825,0,0.1219,0.6755,109.843,US
0,185092,0.5034,0.6559,10,-6.013,0,0,0.2879,0.02007,0.1862,0.6987,111.882,JP
0,193569,0.7957,0.6985,9,-2.865,0,0.2267,0.2461,0.05502,0.258,0.4137,138.123,US
0,219277,0.6261,0.7152,1,-3.913,1,0.0984,0.2243,0.12706,0.0033,0.7352,140.27,BR
0,218015,0.5198,0.6278,2,-3.535,1,0.1431,0.2517,0.12253,0.3085,0.4385,137.636,DE
0,178421,0.5591,0.6861,5,-5.294,0,0.171,0.2267,0,0.3065,0.4989,134.96,JP
0,186007,0.8554,0.6586,2,-3.062,1,0.2155,0.1001,0,0.1292,0.5701,118.776,BR
0,140127,0.9655,0.8222,8,-9.832,1,0,0.0242,0.21946,0.0684,0.6203,111.824,US
0,119745,0.5932,0.6829,9,-5.323,0,0.1161,0.0856,0.01353,0.2282,0.7853,131.032,BR
1,216075,0.4459,0.7051,8,-5.858,1,0.0913,0.3135,0.01491,0.3179,0.4728,96.903,KR
0,155747,0.6884,0.589,0,-8.244,1,0.0598,0.1236,0.13673,0.0458,0.6451,100.007,DE
0,240115,0.8275,0.6538,0,-6.621,0,0.094,0.111,0.20129,0.1123,0.7213,112.179,BR
0,179834,0.8791,0.62,1,-3.769,1,0.1657,0.1367,0,0.2579,0.6403,152.489,BR
0,169202,0.362,0.5706,6,-3.144,1,0.2431,0.2584,0.12922,0.1205,0.7698,104.014,KR
0,188946,0.5752,0.7143,0,-4.727,0,0.1252,0.022,0.04439,0.2223,0.6098,112.396,BR
0,275325,0.4926,0.8753,2,-2.55,1,0.1922,0.3319,0.12887,0.0638,0.8091,77.63,DE
0,213208,0.5356,0.5817,1,0.447,1,0.083,0.1093,0,0.056,0.6679,96.62,BR
0,195878,0.5503,0.5755,11,-7.135,0,0.1042,0.2566,0.05954,0.0529,0.2826,114.499,DE
0,186343,0.6476,0.7298,8,-10.581,1,0.1526,0.3731,0.02113,0.0529,0.3165,117.404,US
0,174608,0.7808,0.7948,6,-6.476,0,0.0779,0.3611,0.08239,0.2905,0.35,139.96,US
0,203607,0.6944,0.5252,2,-7.868,0,0.0912,0.3272,0,0.2138,0.8253,82.523,BR
0,259341,0.5674,0.6235,7,-2.244,1,0.1079,0.1515,0.00374,0.188,0.6644,132.96,BR
0,270048,0.6623,0.8844,9,-9.988,1,0.0983,0.1633,0,0.1646,0.3713,136.198,DE
0,290194,0.4968,0.6649,5,-8.327,0,0.0172,0.3442,0.0456,0.3469,0.7307,135.177,JP
0,153858,0.6927,0.7215,2,-5.076,0,0.1463,0.1845,0.00989,0.1684,0.4932,108.443,KR
0,189215,0.7036,0.7346,0,-2.821,0,0.1008,0.1328,0.23689,0.2162,0.4819,97.974,JP
0,206141,0.5124,0.6738,5,-11.0,0,0,0.252,0,0.2866,0.415,142.321,JP
0,225705,0.6124,0.4471,10,-3.214,0,0.0906,0.1949,0,0.2012,0.5488,114.872,KR
0,233676,0.5539,0.7225,6,-9.368,0,0.1608,0.2671,0,0.0853,0.526,88.053,US
1,285352,0.8495,0.5205,7,-7.062,1,0.0605,0.2077,0.03599,0.0481,0.4949,125.609,US
0,192188,0.695,0.5458,6,-6.208,1,0.0476,0.1801,0,0.0521,0.6282,98.22,BR
0,202906,0.5686,0.6518,11,-7.729,0,0.0523,0.1244,0.11308,0.1614,0.4536,109.778,JP
0,175621,0.7899,0.609,6,-10.164,0,0.0992,0.2771,0.08512,0.1726,0.6225,114.383,JP
1,160945,0.7927,0.7061,1,-3.835,1,0,0.2564,0.00848,0.2258,0.6238,129.552,BR
1,193605,0.7428,0.9607,11,-3.52,0,0.1171,0.1769,0,0.1559,0.8295,70.386,KR
0,178717,0.4369,0.574,7,-5.804,1,0.0669,0.3267,0.26989,0.1172,0.636,138.445,DE
1,180426,0.693,0.9785,5,-10.877,0,0,0.4191,0.209,0.092,0.494,130.198,US
0,176943,0.634,0.6002,9,-9.422,1,0.0553,0.0064,0.26984,0.123,0.725,117.873,US
0,240502,0.5654,0.7573,7,-7.204,1,0.0819,0.125,0,0.1034,0.741,122.276,BR
0,159004,0.554,0.6527,0,-7.708,0,0.1013,0.2392,0.04492,0.2585,0.4375,154.024,DE
0,247952,0.813,0.8518,11,-9.291,0,0.1952,0.1881,0.13775,0.0225,0.6407,121.88,KR
0,241078,0.5234,0.7803,6,-7.13,0,0.0883,0.3474,0.11949,0.0969,0.5156,135.652,JP
1,225209,0.7101,0.7139,7,-6.664,0,0.067,0.1315,0.4465,0.2818,0.542,105.008,US
0,214471,0.5153,0.4688,6,-4.357,0,0.0798,0.1475,0.13482,0.1536,0.4976,97.009,DE
0,247484,0.731,0.5436,4,-10.557,1,0.1158,0.3221,0,0.0,0.8193,101.883,KR
1,264874,0.813,0.593,11,-4.592,0,0.2067,0.2076,0.19862,0.0342,0.521,96.668,US
0,259197,0.8069,0.6853,8,-6.22,0,0.0945,0.261,0.08483,0.0729,0.5446,109.607,KR
0,169911,0.7309,0.7895,10,-4.564,1,0,0.2046,0.00725,0.0001,0.8411,116.63,BR
0,142289,0.4574,0.8456,2,-7.758,0,0.0172,0.1781,0.0331,0.1039,0.9489,126.706,KR
0,205544,0.8887,0.637,3,-6.945,1,0.1111,0.175,0.00098,0.2278,0.7467,141.346,BR
1,303481,0.6935,0.7285,2,-7.511,1,0.1384,0.1917,0.04429,0.1834,0.6178,89.153,US
1,228050,0.3524,0.7509,6,-8.28,1,0.1563,0.3409,0.04812,0.2017,0.2739,129.511,JP
0,156508,0.7348,0.6751,6,-5.936,1,0.0408,0.1696,0.07402,0.0936,0.2894,117.995,DE
0,240330,0.5441,0.5741,9,-12.204,0,0.1333,0.3035,0.1504,0.1335,0.6725,155.697,DE
1,227351,0.6486,0.6486,6,-8.622,0,0.1407,0.1853,0,0.0814,0.1762,138.122,DE
0,211834,0.6415,0.5632,11,-3.29,1,0.1253,0.136,0.10021,0.0,0.4273,103.116,DE
0,273519,0.7042,0.7559,9,-5.076,0,0.1222,0.2267,0,0.2068,0.2038,106.325,DE
0,156713,0.6091,0.6585,10,-5.459,1,0,0.209,0.04561,0.2795,0.4044,111.462,BR
0,140835,0.7308,0.5314,9,-4.483,0,0.0204,0.381,0,0.0342,0.5074,118.403,DE
0,271817,0.5419,0.8046,3,-5.875,1,0.0961,0.3445,0,0.1543,0.4851,114.68,KR
0,165661,0.8556,0.9909,4,-6.293,1,0.0935,0.1201,0.21052,0.1331,0.4244,99.681,BR
0,247169,0.834,0.7862,5,-1.391,1,0.0418,0.0276,0.00238,0.1255,0.4646,114.535,BR
0,175091,0.6056,0.7228,10,-7.188,1,0.1382,0.2783,0.22452,0.0106,0.3885,136.904,JP
0,164052,0.527,0.6274,5,-8.784,0,0.073,0.3017,0.05893,0.1224,0.424,142.047,US
0,172896,0.4967,0.6081,11,-8.072,0,0.0964,0.2802,0.13936,0.1343,0.4108,129.689,JP
1,214466,0.731,0.7258,7,-9.223,0,0.1028,0.2661,0.10695,0.2179,0.3263,114.336,US
0,168428,0.4992,0.6479,10,-6.577,1,0,0.3724,0.22347,0.1095,0.762,95.999,JP
1,238156,0.8324,0.6362,5,-7.319,0,0.0386,0.3336,0.08381,0.0424,0.312,147.501,JP
0,193441,0.7849,0.8008,9,-8.567,0,0.0935,0.1583,0.13895,0.0869,0.5248,151.698,US
0,225771,0.8294,0.5625,6,-10.016,1,0.0646,0.1696,0.0032,0.1263,0.2719,105.25,BR
0,162248,0.6502,0.7374,0,-9.249,0,0.2026,0.1708,0.30129,0.077,0.6134,80.467,BR
0,253213,0.5223,0.5055,8,-5.547,0,0.1099,0.2576,0.08197,0.2307,0.726,111.865,KR
0,202032,0.9782,0.854,0,-6.949,1,0.092,0.1565,0.07511,0.0339,0.6018,111.504,BR
1,166956,0.6321,0.7632,4,-3.913,1,0.1223,0.3083,0.06747,0.0707,0.3803,109.165,DE
0,243266,0.7621,0.6891,10,-10.012,1,0.0445,0.1835,0,0.1993,0.4109,140.861,JP
0,185325,0.7779,0.5882,11,-9.353,0,0.047,0.1015,0.15581,0.1493,0.3897,125.832,US
0,218734,0.5094,0.6856,9,-6.858,1,0.0932,0.0641,0.14613,0.1938,0.5988,125.826,JP
1,177988,0.8033,0.7474,0,-6.428,0,0.1186,0.2554,0.04844,0.2701,0.5654,136.696,US
0,295889,0.6909,0.6684,2,-3.909,0,0.0457,0.3915,0.13804,0.1385,0.4971,142.79,JP
0,203874,0.4422,0.8025,10,-5.26,1,0,0.3337,0.02113,0.2278,0.5823,143.566,JP
0,287275,0.603,0.6798,5,-11.388,1,0.079,0.1984,0,0.1776,0.6173,140.632,JP
1,254365,0.6117,0.862,1,-8.901,0,0.0425,0.2272,0.04236,0.0143,0.6654,118.421,US
1,176562,0.7199,0.8634,7,-15.004,0,0.0753,0.5136,0,0.0586,0.6445,90.931,US
0,239593,0.7384,0.6938,0,-4.934,0,0.031,0.2204,0.02717,0.0611,0.6228,120.844,KR
0,224603,0.6486,0.5557,10,-3.928,0,0.0832,0.1213,0.14591,0.1816,0.2689,114.544,DE
1,142635,0.5703,0.7243,5,-4.24,0,0.005,0.362,0.18795,0.2739,0.2351,111.191,DE
0,251904,0.5616,0.5858,3,-5.903,1,0.0357,0.2574,0.17927,0.0374,0.3955,102.857,DE
0,186951,0.7181,0.6275,1,-7.473,0,0.0868,0.2896,0.1015,0.2007,0.6615,122.658,US
0,242824,0.645,0.6168,9,-6.899,0,0,0.2768,0.12677,0.1196,0.497,93.799,US
0,216903,0.741,0.6503,0,-9.847,0,0.0462,0.0,0.06154,0.1506,0.8065,121.324,BR
0,217299,0.5329,0.5948,6,-3.557,0,0,0.1921,0,0.3635,0.55,106.415,KR
0,276537,0.7173,0.7205,8,-8.314,1,0.0083,0.2684,0.09413,0.1874,0.724,123.589,BR
1,190999,0.6083,0.8853,1,-10.359,0,0,0.1115,0,0.1078,0.6761,130.912,KR
0,150284,0.7446,0.5311,10,-1.147,1,0.0384,0.3306,0.07128,0.2546,0.4977,112.754,DE
1,273336,0.8188,0.4911,11,-7.982,1,0.1306,0.2401,0,0.1969,0.6764,123.875,US
1,239532,0.5467,0.85,7,-5.025,1,0,0.163,0,0.1107,0.7642,89.524,US
0,217100,0.6014,0.8377,3,-5.339,0,0.0821,0.3945,0.09214,0.1766,0.534,140.04,JP
0,212555,0.6605,0.5333,4,-6.502,1,0.0955,0.1998,0,0.0235,0.515,100.442,KR
0,214031,0.8338,0.8206,0,-4.32,1,0.0194,0.2456,0.12497,0.0391,0.5745,129.343,US
1,126568,0.5945,0.7099,4,-6.512,0,0,0.2186,0.06237,0.2305,0.6387,108.535,KR
0,219847,0.4914,0.5887,9,-6.096,0,0.0369,0.3616,0.18897,0.0671,0.478,127.682,JP
0,104182,0.4491,0.6417,10,-11.09,0,0.0841,0.363,0.18897,0.0,0.4476,106.715,JP
1,291444,0.8008,0.6687,6,-7.413,0,0.0211,0.1157,0.1304,0.1655,0.6428,132.912,US
1,210627,0.9183,0.712,5,-11.318,0,0.0759,0.2258,0.09809,0.2533,0.5778,87.869,KR
0,133273,0.6788,0.594,9,-7.125,0,0.1401,0.6123,0,0.1129,0.4928,115.611,DE
0,252654,0.623,0.6745,1,-2.501,1,0.0294,0.4988,0,0.2088,0.4028,110.59,DE
0,206250,0.5983,0.8906,2,-9.34,0,0.109,0.325,0,0.3418,0.4107,111.722,US
1,225043,0.8343,0.7456,7,-9.093,1,0.1403,0.3178,0.0754,0.1643,0.32,136.492,DE
0,202185,0.7597,0.877,0,-9.073,1,0.1299,0.2462,0,0.1416,0.4318,104.85,US
0,155467,0.6291,0.7947,6,-4.885,1,0,0.3391,0.0586,0.1493,0.4775,145.24,JP
0,148640,0.6675,0.7862,10,-11.027,1,0.0812,0.2138,0.06187,0.2374,0.5096,97.095,DE
0,211640,0.6388,1.0,5,-8.01,0,0.0894,0.0999,0.02618,0.2811,0.7747,119.103,BR
0,214592,0.8386,0.7921,0,-5.736,1,0.1001,0.141,0.17737,0.2027,0.8313,84.161,BR
0,202454,0.4809,0.4557,1,-6.329,0,0.2209,0.394,0,0.1141,0.5974,118.404,JP
0,157698,0.6146,0.6972,6,-8.388,0,0.0645,0.4044,0.19153,0.1073,0.5095,106.323,JP
0,252393,0.5884,0.7842,0,-10.197,1,0.0219,0.3605,0,0.0301,0.6634,117.814,DE
1,106576,0.7462,0.7271,9,-9.787,1,0.1737,0.0309,0,0.1962,0.8573,121.664,BR
0,221464,0.5604,0.6829,2,-4.23,1,0.1753,0.3393,0.15094,0.1965,0.4596,142.889,DE
0,184642,0.6975,0.7727,10,-9.463,0,0.0716,0.2898,0.13413,0.383,0.6126,149.653,KR
0,240959,0.6206,0.5869,11,-3.97,0,0.1549,0.0,0,0.3611,0.5946,130.884,KR
1,196772,0.7528,0.6393,6,-4.389,1,0.0945,0.0204,0.15011,0.2238,0.5605,150.504,US
1,130982,0.8916,0.714,8,-1.794,1,0.0641,0.3133,0.12093,0.1355,0.687,137.811,US
0,208411,0.7337,0.9131,8,-8.246,0,0.0072,0.5405,0,0.3294,0.5812,122.851,DE
0,280301,0.4723,0.5576,7,-8.114,1,0.1173,0.193,0.06783,0.2924,0.5989,128.706,US
0,304213,0.7548,0.5822,5,-9.745,1,0.2123,0.1199,0.21491,0.108,0.4582,102.924,US
0,214435,0.7103,0.8059,11,-8.931,0,0.0796,0.2703,0.01524,0.2483,0.5059,127.803,BR
0,187510,0.5963,0.6805,3,-4.492,0,0.0848,0.0304,0,0.1554,0.6062,122.885,US
1,169214,0.7084,0.9693,2,-4.175,0,0.0694,0.006,0.21023,0.1637,0.4326,123.035,US
1,201592,0.7191,0.8359,1,-3.197,0,0.1122,0.2301,0,0.2636,0.4028,156.759,JP
1,153592,0.8012,0.6288,0,-6.347,0,0.1208,0.0907,0,0.1857,0.4258,146.602,US
0,171032,0.6088,0.8034,3,-7.408,0,0.0047,0.3326,0.08162,0.1621,0.6924,125.324,KR
0,223783,0.833,0.6056,10,-6.819,1,0.0525,0.1999,0.04214,0.1512,0.5118,136.618,BR
0,142569,0.4726,0.5964,9,-6.861,0,0.0339,0.3762,0.2361,0.2156,0.5765,149.855,DE
0,213711,0.6475,0.4686,4,-8.909,0,0.082,0.1408,0,0.1553,0.6382,143.456,JP
0,216704,0.5353,0.7984,10,-10.764,1,0.1505,0.3813,0.26354,0.1242,0.242,137.055,JP
0,302672,0.4782,0.9592,4,-8.272,1,0.1168,0.0594,0.07874,0.2043,0.5241,102.091,BR
1,244406,0.6632,0.3669,7,-10.117,1,0.0923,0.5213,0,0.2309,0.1629,130.659,DE
0,190306,0.5202,0.8568,9,-10.317,1,0.0442,0.2915,0.14594,0.1445,0.3743,132.398,JP
0,229008,0.7115,0.521,0,-7.436,0,0.0209,0.0979,0.0558,0.0886,0.8418,103.655,BR
0,121585,0.6236,0.8434,11,-7.851,0,0.0725,0.2932,0.1919,0.2223,0.3413,132.197,JP
0,231801,0.7624,0.7737,2,-10.782,0,0.0264,0.3402,0.1125,0.1271,0.6202,105.217,KR
0,202857,0.5271,0.817,1,-12.932,1,0.1066,0.3217,0.09613,0.1431,0.199,134.261,DE
0,257910,0.8361,0.7837,0,-8.947,0,0.0315,0.0912,0.14655,0.2576,0.7262,164.271,BR
0,205983,0.4895,0.6357,8,-5.625,0,0.1576,0.0,0,0.0894,0.3241,135.266,DE
0,215460,0.7324,0.5558,0,-3.021,0,0.1316,0.3776,0.09377,0.2325,0.6462,101.903,BR
1,205265,0.5145,0.5351,11,-8.256,0,0,0.3952,0,0.2708,0.4273,117.965,JP
0,210268,0.9763,0.6578,0,-5.272,1,0.1003,0.2811,0,0.2282,0.7956,137.082,BR
0,169938,0.7401,0.9092,3,-11.58,0,0.0651,0.2617,0,0.0999,0.5034,156.777,US
0,227596,0.4427,0.7216,11,-4.498,0,0.0598,0.3188,0.13723,0.0,0.5306,133.393,DE
0,214519,0.8088,0.5622,3,-10.46,0,0.0983,0.2587,0,0.3395,0.6856,146.816,US
1,170576,0.5305,0.6507,0,-9.701,0,0.0823,0.3361,0.13724,0.109,0.6832,153.705,JP
0,279560,0.6134,0.6051,8,-5.245,1,0.1553,0.3533,0.18864,0.1303,0.4643,116.368,JP
0,237891,0.4962,0.8532,1,-7.827,0,0.0509,0.1811,0.1259,0.0,0.669,127.637,KR
0,212309,0.6529,0.7964,11,-5.974,1,0.1257,0.1166,0.04281,0.0,0.4186,164.624,US
0,225317,0.6589,0.6355,5,-11.618,1,0.0495,0.1815,0.14679,0.1158,0.593,167.123,US
0,202882,0.6721,0.7528,6,-8.237,0,0.0933,0.181,0,0.0515,0.375,150.942,KR
1,272100,0.9595,0.8284,1,-6.987,1,0.1135,0.2179,0,0.2782,0.4686,136.585,BR
0,192494,0.7918,0.7309,6,-5.38,0,0.1408,0.1259,0.04593,0.026,0.7038,119.619,BR
0,192427,0.6067,0.7597,2,-6.46,1,0.1157,0.1723,0,0.1162,0.5303,144.095,JP
0,184686,0.8389,0.5785,8,-7.368,1,0.0544,0.0116,0.20655,0.2574,0.5717,129.984,BR
1,202888,0.6459,0.5691,6,-8.222,0,0.0527,0.3011,0.16158,0.1844,0.5402,143.312,DE
0,231842,0.6939,0.6027,7,-11.364,0,0.0352,0.0819,0.00138,0.2254,0.4527,124.704,US
0,223502,0.9021,0.4846,8,-10.739,1,0.1167,0.2357,0.18534,0.1403,0.594,141.21,US
1,152415,0.7186,0.8299,8,-7.844,1,0.0585,0.1941,0,0.0964,0.5959,117.312,US
0,274194,0.6302,0.7429,3,-11.448,1,0.0807,0.5,0,0.1547,0.4465,119.756,JP
1,250870,0.6825,0.7962,5,-8.984,0,0.0841,0.3549,0,0.1858,0.6929,119.389,KR
0,189834,0.7598,0.7469,1,-11.682,1,0.0658,0.3344,0.16121,0.3208,0.7883,135.882,BR
0,245789,0.6325,0.6639,5,-3.698,1,0.0672,0.2038,0.20941,0.1535,0.5061,97.358,KR
0,162063,0.5618,0.6,8,-8.349,1,0.1186,0.3377,0.03733,0.1703,0.522,96.467,DE
0,212214,0.6184,0.788,3,-6.81,1,0.1083,0.3059,0.31929,0.0471,0.2229,120.525,KR
0,268093,0.5718,0.6155,4,-8.705,1,0.081,0.231,0,0.0553,0.3922,146.916,JP
1,184377,0.8926,0.643,0,-4.75,0,0.0915,0.2238,0.08965,0.4049,0.7933,119.281,BR
0,274378,0.5374,0.7195,5,-6.072,0,0.0928,0.1505,0,0.1454,0.6831,93.805,BR
1,169181,0.7664,0.6659,2,-11.349,0,0.019,0.1138,0,0.1035,0.3575,124.196,US
0,224333,0.5015,0.5972,9,-4.488,1,0.1322,0.0577,0.10008,0.0959,0.4421,128.939,DE
0,206574,0.8125,0.739,6,-3.866,0,0.0727,0.1314,0,0.1867,0.5873,122.985,KR
0,278814,0.5082,0.7877,10,-6.717,1,0.0055,0.0188,0.20439,0.0752,0.4661,113.709,US
0,202554,0.6379,0.459,1,-5.761,0,0.1336,0.0575,0.09622,0.0297,0.4222,91.306,DE
0,198866,0.7203,0.6541,8,-4.278,0,0.0412,0.5064,0.05747,0.1997,0.8558,131.706,BR
1,373046,0.46,0.6081,0,-7.446,1,0.1618,0.1623,0.06011,0.2464,0.6627,150.368,DE
1,159395,0.7434,0.5858,4,-5.325,0,0.1252,0.0,0,0.1843,0.6139,103.823,US
1,221288,0.7487,0.8117,6,-10.97,1,0.0677,0.277,0.06011,0.0498,0.5163,100.719,KR
0,175886,0.6064,0.7208,7,-2.135,1,0.0756,0.4684,0,0.0,0.3188,137.606,JP
0,235434,0.7137,0.7339,4,-16.214,0,0.1132,0.3757,0.08732,0.1513,0.6129,115.121,KR
0,225163,0.5561,0.9139,8,-8.427,0,0.0013,0.4435,0.01591,0.1859,0.6298,111.659,KR
0,186738,0.5411,0.6766,3,-8.465,1,0.2149,0.3147,0.13048,0.1708,0.4071,147.135,DE
0,241389,0.6982,0.5953,8,-9.491,1,0.0077,0.192,0,0.2036,0.6657,147.699,BR
0,253714,0.6372,0.5231,7,-6.178,1,0.1771,0.1165,0.07008,0.2727,0.4423,115.037,US
0,252223,0.4037,0.6874,1,-6.599,1,0.1533,0.3362,0.02104,0.1752,0.7886,123.664,KR
0,205753,0.7594,0.9457,5,-8.549,1,0.0392,0.2478,0.06543,0.3065,0.5409,139.937,KR
0,248885,0.7277,0.7818,1,-4.248,1,0.0823,0.1726,0.06767,0.2309,0.6603,115.904,BR
1,189670,0.5502,0.7916,5,-3.824,0,0.0617,0.0,0.18293,0.1234,0.4573,106.101,US
0,222196,0.852,0.6782,2,-4.507,1,0,0.1721,0.17898,0.3429,0.618,90.283,US
0,181346,0.6553,0.5593,2,-11.031,1,0.0478,0.2001,0.00783,0.1728,0.3705,77.298,JP
0,217061,0.7189,0.7654,6,-12.558,1,0.1388,0.1711,0,0.2559,0.8286,139.717,KR
0,275511,0.7553,0.7269,0,-6.065,1,0.0541,0.1489,0,0.0085,0.4246,140.19,JP
0,233591,0.4455,0.6625,4,-7.251,1,0.0762,0.3091,0.14499,0.0637,0.5164,156.407,JP
0,281785,0.7585,0.8203,11,-7.228,0,0.0598,0.2475,0.12263,0.035,0.5668,137.032,BR
0,223309,0.6724,1.0,1,-3.956,0,0.1262,0.2733,0.08418,0.1771,0.5213,111.981,KR
0,283096,0.5402,0.6453,1,-7.739,0,0.1697,0.3014,0,0.1411,0.5149,107.937,JP
0,168368,0.6904,0.8519,11,-5.805,1,0.0407,0.3109,0.0856,0.1438,0.4906,143.992,JP
0,305873,0.4857,0.8053,6,-7.594,1,0.1746,0.1432,0.09938,0.1833,0.7901,119.634,US
0,216708,0.6029,0.6713,11,-5.996,1,0.0933,0.195,0,0.2547,0.2949,105.454,DE
1,144502,0.8056,0.6729,3,-9.491,1,0.0277,0.1756,0,0.065,0.4163,132.336,US
1,211248,0.6657,0.6403,9,-7.438,0,0,0.0225,0.18679,0.3252,0.673,160.288,JP
0,233693,0.7407,0.7679,9,-8.199,1,0.0136,0.097,0,0.339,0.7717,108.921,BR
0,208261,0.7215,0.4589,3,-7.536,1,0.0902,0.057,0.00506,0.1794,0.5185,124.434,DE
0,212377,0.6164,0.6723,8,-3.596,0,0.0497,0.4276,0.12755,0.206,0.4447,106.906,JP
0,268808,0.6003,0.7886,7,-4.517,0,0.1066,0.2793,0.09687,0.1932,0.5248,108.206,US
0,188081,0.7919,0.7836,6,-3.383,1,0.0734,0.1172,0.09371,0.2709,0.8843,129.119,BR
0,174948,0.7981,0.6132,3,-8.198,1,0.1852,0.1801,0.1132,0.3375,0.8711,112.871,KR
0,314764,0.706,0.7172,7,-8.754,1,0.0703,0.2573,0,0.169,0.2542,155.644,JP
1,184877,0.6882,0.5347,7,-2.033,1,0.1082,0.2232,0.12867,0.1334,0.6059,112.136,US
0,168923,0.6696,0.7495,8,-7.173,0,0.0481,0.1459,0.04754,0.3024,0.6505,137.488,US
0,259292,0.6931,0.7091,1,-9.981,0,0.0517,0.1544,0,0.2015,0.7537,107.078,KR
0,204908,0.6624,0.5683,8,-10.242,1,0.1238,0.3229,0.06818,0.1267,0.5657,108.324,KR
0,212329,0.538,0.6248,9,-6.435,1,0.0641,0.2918,0.04514,0.1414,0.4124,131.589,DE
1,191534,0.7607,0.6577,6,-5.688,0,0.0849,0.2862,0.05367,0.1742,0.3798,128.822,DE
1,208550,0.4328,0.94,10,-6.904,1,0.0297,0.0758,0.00764,0.109,0.2554,138.733,JP
1,156150,0.6824,0.75,9,-9.599,0,0.1451,0.1134,0.0689,0.263,0.5693,114.833,DE
0,143533,0.8124,0.7814,0,-6.901,1,0,0.3875,0.06794,0.1677,0.773,125.499,BR
0,265554,0.6489,0.6112,8,-3.058,0,0.1585,0.3638,0.13459,0.2175,0.6607,159.908,DE
0,177730,0.6081,0.7497,0,-6.812,1,0,0.0,0,0.2419,0.6102,108.906,KR
0,161537,0.7934,0.7188,8,-8.261,0,0.0285,0.4242,0.08861,0.2634,0.4878,123.188,KR
0,203091,0.2821,0.7407,6,-8.722,0,0.172,0.225,0,0.0396,0.5636,132.472,JP
0,223640,0.4818,0.6429,2,-3.551,1,0.0093,0.2306,0,0.1358,0.6224,172.6,US
0,242947,0.5904,0.6708,8,-0.561,0,0.0584,0.145,0.14251,0.2444,0.7675,145.506,JP
0,251871,0.7008,0.7699,11,-8.493,1,0.1793,0.2485,0,0.0794,0.5309,126.235,JP
0,164276,0.6257,0.4032,1,-11.166,0,0.0356,0.1092,0.22832,0.1481,0.5364,157.878,JP
0,257845,0.557,0.6799,10,-2.732,0,0.1307,0.3624,0,0.075,0.7138,91.599,JP
0,286322,0.5519,0.746,2,-5.535,0,0.1103,0.3043,0,0.2437,0.4583,119.716,DE
1,144295,0.6667,0.8219,10,-5.404,0,0.2589,0.2658,0,0.1626,0.5049,131.536,DE
0,142159,0.5717,0.4931,9,-6.323,0,0,0.2555,0.18921,0.0934,0.8836,102.235,KR
0,176810,0.4814,0.8729,2,-9.538,1,0.0644,0.0,0,0.1085,0.4381,133.825,KR
0,208303,0.7077,0.5528,3,-8.145,0,0.0496,0.0017,0.05902,0.1605,0.465,149.873,DE
0,149938,0.4846,0.6292,4,-11.615,1,0,0.3101,0,0.0,0.4252,134.098,DE
0,136363,0.5896,0.7175,10,-8.348,1,0.0705,0.2652,0.07195,0.0,0.6172,121.647,US
1,220838,0.6917,0.6057,8,-3.943,0,0.1435,0.1311,0.18663,0.1201,0.8091,92.475,BR
0,193298,0.6301,0.5713,5,-5.722,1,0.0374,0.196,0.00785,0.0811,0.534,87.215,BR
1,62498,0.6345,0.7405,0,-4.904,1,0.1299,0.0248,0.15135,0.1978,0.4277,93.425,US
0,139351,0.94,0.607,5,-11.562,0,0.0773,0.1932,0,0.1565,0.5914,109.865,BR
0,173331,0.6594,0.7467,9,-5.387,1,0.1323,0.3311,0.0377,0.1329,0.6229,125.091,KR
0,191734,0.5505,0.7846,5,-4.391,1,0.0978,0.1284,0,0.1839,0.5667,107.188,KR
0,192363,0.6653,0.5933,0,-5.416,0,0.0672,0.119,0,0.2508,0.9088,115.159,KR
1,166987,0.7317,0.8517,4,-5.839,1,0.1783,0.1379,0,0.0903,0.6207,109.676,KR
0,115142,0.5529,0.4936,2,-10.586,1,0.0354,0.0393,0.15371,0.1693,0.8242,123.436,KR
0,222494,0.7596,0.8921,10,-7.489,0,0.0468,0.2556,0,0.2349,0.5501,123.685,US
0,162292,0.8342,0.646,6,-7.393,0,0.0626,0.1779,0,0.1602,0.2555,122.154,JP
0,223597,0.7491,0.4436,3,-6.633,0,0.071,0.5228,0.1681,0.1867,0.4104,98.441,JP
0,186612,0.443,0.8488,6,-12.23,0,0.1169,0.367,0.12598,0.2641,0.5705,126.577,BR
1,150757,0.7428,0.4623,7,-4.542,0,0.0994,0.1579,0.02421,0.2002,0.6426,124.951,US
0,171997,0.5744,0.5335,1,-10.09,1,0.0897,0.2628,0,0.0374,0.608,84.794,KR
0,220720,0.5832,0.5303,6,-8.867,0,0.1689,0.4018,0.06837,0.2729,0.6191,160.076,DE
0,228689,0.6627,0.7735,7,-5.558,1,0.0797,0.104,0.066,0.0744,0.4599,111.061,US
0,184451,0.6446,0.5957,6,-7.412,0,0.1339,0.3997,0,0.1421,0.4333,80.382,DE
0,196848,0.6416,0.7082,6,-4.493,1,0.0269,0.2178,0.04534,0.0807,0.3734,136.915,KR
0,238345,0.6243,0.9223,7,-11.025,0,0.0643,0.113,0.08721,0.0763,0.5967,124.623,BR
0,209798,0.7602,0.7375,7,-8.081,0,0.1145,0.0773,0.03762,0.2466,0.2129,132.193,DE
0,293575,0.8345,0.5567,2,-7.299,1,0.121,0.3007,0.06529,0.1081,0.5728,112.296,US
0,268303,0.8546,0.6565,0,-6.123,0,0.0146,0.4017,0.15749,0.2144,0.5477,122.446,BR
0,240101,0.7853,0.5862,6,-12.985,1,0.0568,0.3274,0.18059,0.0208,0.6087,107.42,BR
0,284144,0.4717,0.6879,2,-15.433,1,0.0843,0.3656,0.03361,0.1217,0.4285,128.036,DE
0,266780,0.5981,0.6582,7,-6.502,0,0.1073,0.2247,0.1702,0.1609,0.4269,108.038,DE
1,258966,0.733,0.9531,7,-3.308,1,0.1201,0.2107,0,0.2175,0.4443,135.935,US
0,267473,0.9957,0.5478,5,-5.051,0,0.195,0.3492,0.04713,0.1586,0.6398,109.79,BR
0,209117,0.6715,0.7715,2,-4.84,1,0.0406,0.0466,0.13772,0.3051,0.3973,101.945,US
1,328568,0.7988,0.7813,7,-2.252,1,0.1675,0.1301,0,0.1841,0.3568,102.677,DE
0,241867,0.4874,0.5151,7,-9.335,1,0.0772,0.5027,0,0.2408,0.4156,107.602,JP
0,228466,0.6642,0.6315,11,-6.308,0,0.0642,0.3124,0.0906,0.0146,0.2992,158.78,JP
0,328918,0.5285,0.7663,6,-12.005,1,0.0745,0.0141,0.00784,0.0596,0.3742,111.782,KR
0,265287,0.7844,0.5865,7,-3.449,1,0.0649,0.1785,0,0.2238,0.6321,93.607,BR
1,199807,0.6832,1.0,5,-4.761,1,0.1266,0.3518,9e-05,0.0638,0.5468,126.176,US
0,183647,0.6495,0.5971,2,-5.67,1,0.0776,0.1925,0.08546,0.1347,0.7496,116.828,DE
0,203952,0.5769,0.5395,6,-7.548,1,0,0.1237,0.13336,0.2034,0.3879,121.815,DE
1,171001,0.4982,0.7706,8,-5.099,0,0.0923,0.1962,0.13127,0.2815,0.5292,123.111,KR
0,105579,0.6282,0.894,4,-6.735,0,0.1119,0.12,0.13602,0.0836,0.5225,91.241,DE
1,279783,0.6995,0.5962,4,-0.457,1,0.024,0.2889,0.01331,0.2872,0.7744,108.097,DE
0,269469,0.6913,0.946,1,-7.43,1,0.02,0.2567,0,0.1607,0.7063,99.578,BR
0,247708,0.5841,0.8909,9,-10.598,1,0.0166,0.1399,0,0.1873,0.5664,133.502,KR
0,216253,0.2677,0.681,9,-6.77,0,0.0662,0.1441,0.0253,0.0953,0.8121,128.668,JP
0,146328,0.6535,0.4967,11,-0.34,0,0.0791,0.5552,0.02663,0.1577,0.5647,141.943,JP
0,193056,0.777,0.4735,5,-4.925,1,0.172,0.4202,0.15194,0.1479,0.4749,116.805,DE
0,216019,0.9149,0.9542,0,-7.966,1,0.0566,0.2987,0.1356,0.1765,0.6154,135.452,KR
0,112985,0.7449,0.7422,7,-6.177,0,0.1277,0.0,0.00293,0.0,0.7319,125.646,KR
0,121738,0.7259,0.5321,1,-4.56,0,0.051,0.1616,0.01304,0.0497,0.7028,99.187,KR
0,239047,0.5307,0.6091,4,-5.899,1,0.0285,0.1001,0,0.1517,0.5846,127.72,BR
1,234479,0.5493,0.7907,2,-9.992,1,0.1706,0.5176,0.15473,0.0979,0.3557,125.199,JP
0,165212,0.9709,0.6974,11,-3.698,1,0.1119,0.3064,0.13529,0.2878,0.4374,118.99,US
1,227576,0.7134,0.7534,9,-3.32,1,0.162,0.2858,0.09532,0.1085,0.5639,124.788,US
0,85305,0.7317,0.7907,11,-5.068,1,0.0488,0.1818,0.19641,0.107,0.6756,103.623,BR
0,201043,0.3217,0.7282,8,-8.402,1,0.0392,0.2472,0.01907,0.4229,0.6163,117.415,KR
0,214480,0.7442,0.6682,10,-8.757,1,0.0255,0.2335,0,0.1896,0.4377,89.138,KR
0,207233,0.7481,0.6976,8,-5.271,1,0.0614,0.07,0.09811,0.1794,0.4349,121.991,BR
0,152832,0.8862,0.4896,4,-5.238,0,0.0842,0.186,0.04165,0.1031,0.5365,130.477,KR
0,199697,0.5957,0.7267,7,-3.76,1,0.0504,0.1194,0.14036,0.2292,0.4034,102.436,BR
1,154562,0.6141,0.7997,10,-8.903,1,0.0864,0.2988,0.09659,0.0,0.5354,123.76,US
0,241673,0.5386,0.6129,3,-9.587,0,0.0944,0.3695,0.19964,0.0,0.5912,149.283,JP
0,142812,0.6198,0.8532,6,-6.335,0,0.0856,0.4654,0.17293,0.1113,0.2756,110.961,JP
0,255496,0.6845,0.6343,3,-9.537,0,0.204,0.3669,0.23945,0.2179,0.6053,139.54,KR
1,259800,0.6525,0.7982,8,-8.799,0,0.0809,0.3061,0,0.098,0.734,101.824,US
1,159722,0.4423,0.6639,7,-5.69,1,0.1009,0.1121,0.03298,0.1718,0.4494,107.167,US
0,56233,0.7631,0.8424,6,-8.07,1,0,0.2821,0.00864,0.0872,0.7239,113.986,KR
0,180329,0.6634,0.7623,10,-8.4,0,0.0576,0.1901,0,0.1054,0.3891,135.323,JP
0,245617,0.5537,0.7564,5,-6.198,0,0.0682,0.2409,0.17878,0.0,0.7021,162.815,JP
0,219587,0.6091,0.4928,1,-7.017,1,0.0641,0.1563,0.17852,0.2176,0.7069,128.934,BR
0,200305,0.4779,0.7555,10,-6.377,0,0.0216,0.3196,0,0.1056,0.5494,150.634,JP
1,237725,0.5965,0.6358,3,-10.757,0,0.0756,0.1981,0.20224,0.431,0.5328,115.761,DE
0,258196,0.6589,0.6839,0,-2.396,1,0.1704,0.3352,0.15756,0.2269,0.8163,124.915,KR
0,156416,0.5909,0.766,7,-6.781,1,0.1715,0.3338,0,0.0,0.5351,134.391,KR
0,117113,0.5332,0.7361,4,-8.655,0,0.0747,0.3214,0.02472,0.188,0.6031,151.962,US
0,232483,0.7393,0.611,7,-7.31,0,0.0721,0.3109,0.05645,0.1032,0.4783,101.253,DE
0,222755,0.6587,0.6809,8,-2.204,0,0.1182,0.3451,0,0.0836,0.4644,95.607,KR
0,140210,0.7346,0.6928,9,-5.956,0,0.0258,0.0337,0.10637,0.173,0.4063,115.67,DE
0,200022,0.5967,0.9519,3,-3.477,1,0.1417,0.0856,0,0.1813,0.8778,110.349,BR
0,286544,0.8208,0.7505,9,-3.915,0,0,0.01,0.08061,0.05,0.8,129.346,US
1,196344,0.4938,0.9682,3,-6.25,1,0.1249,0.1525,0.03397,0.1775,0.4424,122.601,US
0,197958,0.6463,0.6317,11,-9.685,0,0.0053,0.435,0,0.1781,0.5574,99.11,DE
0,239312,0.6729,0.5679,11,-6.943,0,0.2142,0.3971,0,0.0,0.8261,128.438,KR
0,319869,0.7261,0.7095,6,-10.257,0,0.1362,0.2449,0.03389,0.164,0.5655,106.874,BR
0,254356,0.5958,0.4712,2,-10.036,0,0.0932,0.3808,0.09703,0.1687,0.3786,106.116,DE
0,130841,0.584,0.8806,8,-5.535,1,0.0923,0.2522,0,0.3441,0.5934,104.489,US
0,185098,0.8589,0.5183,3,-7.792,0,0.0822,0.3583,0.02862,0.0,0.3726,126.445,DE
0,223110,0.5237,0.4768,11,-2.704,1,0,0.649,0.15577,0.2504,0.6381,145.521,JP
0,308381,0.7194,0.6284,3,-7.182,1,0.0031,0.2042,0.09279,0.3115,0.7565,149.777,BR
0,210495,0.6822,0.7355,4,-5.171,1,0.046,0.2981,0,0.2453,0.3722,114.811,KR
0,219197,0.7833,0.7629,1,-5.154,1,0.0172,0.5188,0,0.108,0.6057,133.246,JP
0,188251,0.6153,0.6751,1,-8.884,1,0.0102,0.3059,0.00767,0.0082,0.3642,89.692,DE
1,194677,0.7378,0.6972,3,-6.59,1,0.1442,0.2466,0.13333,0.3037,0.6747,124.245,US
0,195255,0.8974,0.7429,6,-7.834,0,0.0069,0.4376,0.26326,0.0512,0.926,119.892,JP
0,291410,0.7645,0.7783,10,-2.146,1,0.0447,0.1231,0.24372,0.1501,0.5724,129.676,BR
1,210637,0.7941,0.8394,6,-5.252,0,0.1398,0.3695,0.3034,0.0889,0.5272,131.777,BR
0,186120,0.4178,0.6503,11,-11.215,0,0.023,0.3936,0,0.128,0.7361,99.552,JP
0,203623,0.5617,0.6996,0,-8.589,0,0,0.4492,0,0.2561,0.6307,137.858,JP
0,212480,0.289,0.6931,10,-2.406,1,0.0441,0.2705,0.0468,0.0467,0.4758,130.728,JP
1,151697,0.7927,0.6633,11,-10.186,0,0.0672,0.2714,0.12365,0.1384,0.555,103.384,BR
0,222221,0.6585,0.6505,11,-10.857,1,0.0978,0.1975,0,0.2584,0.5169,124.204,DE
0,176206,0.7313,0.5485,4,-6.105,1,0.0423,0.1353,0,0.0,0.5077,99.887,US
0,255566,0.5823,0.6877,10,-6.907,0,0.1415,0.2626,0,0.2165,0.769,134.513,KR
0,182690,0.5112,0.8475,3,-8.214,0,0.1557,0.0584,0.09178,0.0,0.4136,139.88,DE
0,192362,0.4157,0.7492,11,-8.199,1,0.0958,0.0913,0.20998,0.0225,0.5288,141.904,JP
0,236038,0.4836,0.8516,9,-9.832,0,0.0698,0.1882,0.18413,0.3191,0.4561,135.739,KR
1,257152,0.852,0.8328,1,-4.058,1,0.1671,0.155,0,0.1417,0.8607,127.741,BR
0,190209,0.6723,0.6787,6,-6.502,1,0.0773,0.3694,0.09063,0.1829,0.4058,111.423,US
0,132099,0.7569,0.816,7,-3.227,0,0.1864,0.1248,0,0.0,0.6996,98.137,US
0,276926,0.66,0.891,11,-7.59,1,0.0602,0.2306,0,0.0827,0.514,105.848,KR
0,225849,0.6886,0.6187,0,-10.469,0,0.0819,0.0975,0,0.1022,0.4441,100.437,KR
0,238448,0.8822,0.8956,8,-9.566,0,0.1212,0.0478,0.0268,0.1877,0.5767,143.367,BR
1,265564,0.7401,0.697,11,-8.422,1,0.1807,0.2622,0,0.0004,0.2086,136.733,DE
0,269007,0.8432,0.7014,11,-9.597,1,0.0813,0.0,0.05431,0.187,0.7378,84.582,BR
0,251551,0.6075,0.7063,2,-5.032,1,0.0289,0.1853,0,0.1976,0.4721,99.209,US
1,173496,0.5956,0.8235,6,-10.458,1,0.0209,0.3454,0,0.252,0.6597,142.998,JP
0,153552,0.7123,0.5825,0,-6.967,0,0.0987,0.3215,0.08829,0.202,0.749,162.972,KR
0,225436,0.7739,0.8399,10,-4.085,1,0,0.4451,0,0.2383,0.6703,139.727,BR
0,134513,0.7497,0.7099,11,-2.778,1,0.0837,0.2305,0,0.1547,0.6432,138.174,US
0,259888,0.9133,0.7625,9,-2.982,0,0.1794,0.2814,0.1609,0.0,0.4034,139.145,BR
0,216218,0.8427,0.6231,4,-6.3,0,0.165,0.4323,0.03079,0.1043,0.82,107.806,BR
1,230111,0.5504,0.7347,2,-3.326,1,0.0802,0.1181,0.22775,0.2001,0.607,82.117,BR
1,196336,0.6028,0.6687,0,-8.572,0,0.0796,0.1621,0.0736,0.229,0.5655,94.796,US
0,154673,0.6064,0.5457,1,-4.371,0,0.0358,0.3568,0,0.0937,0.438,138.566,DE
0,230288,0.5368,0.5256,10,-2.779,0,0.0179,0.1977,0,0.0553,0.7098,105.783,US
1,233565,0.6865,0.6266,2,-2.532,0,0.0202,0.3313,0,0.1426,0.6005,107.755,BR
1,216847,0.6448,0.7157,9,-8.486,1,0.0236,0.284,0.09568,0.3143,0.7924,171.463,JP
0,181414,0.6229,0.4862,7,-5.529,0,0.0692,0.1759,0,0.213,0.7385,130.037,KR
0,173619,0.6729,0.628,10,-6.221,0,0.0864,0.2632,0,0.2402,0.4355,104.147,DE
1,77534,0.7961,0.5847,4,-6.897,1,0.0816,0.3336,0,0.2674,0.5548,121.497,US
0,177139,0.8396,0.6093,5,-6.022,1,0.0245,0.2011,0.14027,0.1007,0.5076,152.017,DE
1,160560,0.6794,0.7859,3,-8.029,1,0.0376,0.3791,0,0.2146,0.5899,100.296,BR
0,178621,0.6929,0.9055,1,-5.648,0,0.0286,0.0131,0.27315,0.0795,0.4508,133.954,US
0,148130,0.7956,0.7924,2,-3.252,0,0.1184,0.1935,0.14549,0.106,0.4261,108.445,KR
1,147625,0.8351,0.6926,0,-7.315,1,0.0193,0.1416,0.01979,0.0017,0.5487,109.713,US
0,184771,0.8498,0.7626,9,-10.158,0,0.0431,0.0961,0,0.0674,0.5704,138.364,KR
0,224309,0.6183,0.7788,1,-6.759,1,0.0426,0.4727,0.01093,0.018,0.5445,97.386,BR
1,210636,0.4797,0.6933,9,-9.543,1,0.0778,0.32,0.10791,0.4074,0.5653,141.298,US
0,207119,0.4093,0.7602,8,-7.755,0,0.0478,0.1498,0,0.4048,0.307,119.625,DE
0,153519,0.6369,0.8121,3,-8.46,1,0.0638,0.5182,0,0.268,0.3993,139.008,JP
0,151036,0.7819,0.8231,8,-6.343,1,0.0595,0.4321,0.10745,0.1422,0.7067,111.58,KR
0,150467,0.6314,0.766,1,-5.908,1,0,0.3635,0.01379,0.159,0.5579,117.277,KR
0,177358,0.6281,0.4466,9,-4.605,0,0.0944,0.4183,0,0.2,0.4822,106.309,JP
1,218703,0.7548,0.5373,3,-0.834,1,0.0272,0.0,0,0.1276,0.2304,121.301,US
0,221119,0.6793,0.744,5,-9.063,0,0.0927,0.2931,0.10835,0.0743,0.5192,104.21,US
0,170995,0.6898,0.9591,2,-6.99,1,0.0952,0.0458,0.05378,0.1452,0.8403,120.009,US
1,198444,0.8078,0.4189,1,-5.626,1,0.0249,0.1372,0.20609,0.0668,0.3935,107.813,US
1,263948,0.5329,0.6547,5,-7.67,1,0.0994,0.2869,0.12031,0.0,0.5051,166.757,DE
0,251796,0.8426,0.6744,0,-7.845,0,0.0283,0.0717,0.167,0.316,0.5979,86.058,BR
0,293682,0.554,0.6823,11,-7.032,0,0.0597,0.2205,0.11858,0.1437,0.4711,119.473,DE
0,140682,0.9045,0.9747,4,-5.676,0,0.0073,0.0,0.10294,0.059,0.4534,80.288,KR
0,168726,0.7646,0.774,8,-4.747,0,0.0582,0.2366,0,0.0,0.9618,110.504,BR
0,150837,0.4438,0.9006,5,-7.112,0,0.0171,0.2799,0.09025,0.1867,0.5586,116.107,KR
0,263812,0.5947,0.8406,10,-4.265,0,0.1385,0.0627,0,0.1153,0.6655,127.803,US
0,157439,0.613,0.6481,6,-8.327,0,0.0991,0.4588,0.08678,0.0764,0.2641,137.157,DE
0,292707,0.6151,0.8004,11,-11.255,1,0.0278,0.1341,0,0.2311,0.5793,122.492,DE
0,279200,0.66,0.7969,0,-10.706,0,0.0403,0.354,0.17181,0.2523,0.4785,128.97,JP
0,240328,0.365,0.8131,11,-9.724,1,0.1185,0.249,0.0925,0.0406,0.5129,148.86,JP
0,171611,0.5349,0.6878,10,-7.345,1,0.1427,0.0672,0.23309,0.2006,0.4452,111.408,JP
0,183635,0.5328,0.5689,5,-9.126,0,0.0469,0.3054,0.09011,0.1556,0.621,149.563,JP
1,144324,0.9142,0.8498,6,-7.054,0,0.0642,0.2514,0.0586,0.0368,0.3256,130.551,US
1,176573,0.5547,0.7747,4,-6.307,1,0.1881,0.5079,0,0.2257,0.3904,153.355,DE
0,230163,0.5843,0.6969,2,-10.729,1,0.1044,0.2366,0.05531,0.0612,0.4705,103.719,DE
1,232453,0.9302,0.8517,6,-3.739,1,0.0617,0.2039,0,0.2194,0.7832,89.757,BR
1,249505,0.624,0.9511,3,-9.454,0,0.073,0.2337,0.0876,0.2104,0.5233,139.868,JP
0,249598,0.7805,0.8189,4,-11.074,1,0.1276,0.109,0.24442,0.3168,0.8859,125.782,BR
0,290437,0.5604,0.6207,3,-3.264,0,0.0224,0.1691,0,0.2061,0.7398,115.846,US
0,211148,0.6424,0.6676,9,-8.258,0,0.1805,0.1187,0,0.0543,0.5769,121.727,JP
0,198166,0.8831,0.7494,0,-8.936,1,0.033,0.1729,0.21479,0.0509,0.4664,98.809,US
0,143817,0.7299,0.6332,1,-3.036,0,0.0138,0.2653,0.0596,0.2293,0.5303,98.797,BR
1,216157,0.6334,0.8349,6,-6.0,0,0.103,0.1953,0,0.3324,0.2576,122.982,DE
0,191673,0.6773,0.3829,5,-5.889,0,0,0.3021,0.01205,0.2755,0.5697,112.543,BR
0,233000,0.8634,0.6992,5,-8.31,0,0.0696,0.2398,0,0.186,0.5758,110.938,BR
1,244119,0.6913,0.6188,8,-4.624,0,0.0124,0.1708,0.12787,0.1635,0.4308,133.628,US
0,155043,0.7499,0.7994,11,-7.397,1,0.158,0.2846,0.15629,0.1987,0.7159,141.359,BR
0,177243,0.7322,0.7829,11,-4.762,0,0.0587,0.2526,0,0.0654,0.5155,154.935,KR
1,240434,0.6763,0.6797,6,-7.959,0,0.0716,0.2771,0.16034,0.2974,0.2849,98.041,US
0,170486,0.8372,0.7167,9,-3.726,1,0.1052,0.335,0.09263,0.1023,0.6223,95.847,JP
0,234465,0.7297,0.6384,0,-7.398,0,0.0775,0.0375,0.02292,0.239,0.3172,113.635,DE
0,237866,0.4444,0.5236,8,-9.91,0,0.1158,0.1338,0,0.2986,0.7047,125.172,DE
0,186687,0.6295,0.6743,6,-8.09,0,0.0106,0.2069,0.00188,0.3552,0.6921,114.365,KR
1,245525,0.9236,0.6535,7,-4.127,0,0.0699,0.2591,0.11393,0.2183,0.7639,111.468,US
1,170071,0.7012,0.4738,7,-6.0,1,0.0914,0.2509,0,0.2191,0.6873,125.62,DE
1,186921,0.6643,0.7639,8,-7.321,0,0.1942,0.4148,0.08355,0.02,0.7889,132.005,BR
0,119930,0.6548,0.6063,4,-7.663,1,0.1112,0.2896,0.08397,0.0292,0.6068,120.544,KR
0,171849,0.7027,0.7623,10,-9.758,0,0.1292,0.2287,0.07513,0.1547,0.4811,146.599,JP
1,229308,0.8269,0.7003,8,1.969,1,0,0.0,0.26874,0.3019,0.3836,75.46,KR
0,229867,0.8569,0.8794,11,-3.562,0,0,0.2366,0,0.1857,0.5828,141.541,BR
0,208326,0.9534,0.8919,11,-4.854,1,0,0.0891,0.03618,0.0,0.6765,91.453,KR
0,241326,0.7652,0.4588,1,-6.991,0,0.0851,0.1271,0.13435,0.1062,0.3724,120.82,DE
0,159211,0.7632,0.6451,8,-5.722,1,0.1822,0.2992,0.0085,0.2676,0.7145,114.93,BR
0,232432,0.4394,0.8489,4,-7.905,0,0.0164,0.3575,0.09571,0.2088,0.3347,113.096,JP
0,277669,0.9391,0.7464,3,-6.796,0,0.043,0.3265,0.13158,0.1601,0.6594,96.429,BR
0,219840,0.6193,0.8431,1,-7.153,0,0.128,0.1896,0,0.2711,0.3063,152.101,JP
0,207519,0.5577,0.8594,10,-12.952,0,0.0083,0.5179,0.07378,0.3053,0.6519,133.315,JP
0,187648,0.5173,0.6737,10,-6.38,1,0.1594,0.3958,0.05811,0.0496,0.3592,131.283,DE
1,165553,0.6534,0.4309,4,-9.83,1,0.0309,0.1273,0,0.0163,0.3958,148.14,KR
0,260787,0.9846,0.641,10,-6.741,1,0.0502,0.3556,0.10618,0.063,0.4638,115.137,BR
0,212541,0.6507,0.8633,5,-7.55,1,0,0.2104,0.15252,0.0473,0.5558,121.121,KR
0,186209,0.5708,0.5931,7,-4.999,1,0.1499,0.0,0.32141,0.0013,0.3556,133.623,DE
1,190978,0.8261,0.5892,6,-5.223,1,0,0.0779,0.09892,0.0045,0.4569,111.993,BR
0,206528,0.9385,0.6877,1,-4.309,1,0.0289,0.3343,0.0441,0.08,0.5598,119.788,BR
0,205102,0.5181,0.793,7,-6.649,1,0.1219,0.4517,0,0.131,0.5838,110.892,JP
0,219064,0.946,0.6861,7,-6.493,1,0.0577,0.4368,0.30672,0.2132,0.526,112.274,BR
1,204397,0.5052,0.5964,11,-6.074,0,0.0812,0.4126,0,0.3152,0.7524,136.741,DE
0,195323,0.7104,0.7514,5,-8.894,0,0.0695,0.0633,0.18411,0.4302,0.5484,126.386,US
1,208144,0.634,0.6642,8,-5.613,1,0.0368,0.0861,0.07461,0.2393,0.4603,130.995,US
1,288914,0.758,0.8946,11,-9.914,0,0.0817,0.434,0.25631,0.0953,0.7407,144.744,BR
0,256240,0.7239,0.6983,9,-10.845,1,0.0895,0.2085,0.06481,0.1456,0.3462,112.095,DE
0,280490,0.9359,0.6437,8,-4.8,1,0.0241,0.1271,0,0.1148,0.1995,108.135,BR
1,207330,0.7832,0.6163,5,-2.515,1,0.0614,0.0494,0,0.0547,0.8019,126.699,US
0,217961,0.3985,0.6151,7,-6.14,0,0.0623,0.0644,0,0.1797,0.3424,133.806,JP
0,229394,0.6684,0.7625,6,-2.282,0,0.1307,0.1316,0.13106,0.2435,0.4458,150.302,DE
0,190199,0.7913,0.5633,3,-13.183,1,0.02,0.3248,0.27258,0.1726,0.0605,124.419,DE
0,213375,0.6115,0.7056,5,-11.826,0,0.1638,0.0549,0.03728,0.2764,0.8275,110.274,BR
0,192430,0.76,0.6225,0,-0.457,0,0.0769,0.4802,0.00886,0.2157,0.563,119.132,DE
0,247285,0.5845,0.6751,2,-5.688,0,0.0507,0.2489,0.13516,0.0657,0.5442,117.764,JP
0,207066,0.9766,0.8213,8,-5.554,1,0.0783,0.0582,0.04172,0.2374,0.6556,120.22,BR
0,333038,0.3848,0.6375,2,-7.288,0,0,0.3106,0,0.2359,0.4868,116.703,DE
0,279959,0.686,0.783,10,-3.02,0,0.146,0.1527,0,0.0793,0.3778,134.599,DE
0,227185,0.6976,0.731,4,-9.046,0,0.0945,0.246,0,0.0831,0.4869,112.36,DE
0,197357,0.6252,0.7511,10,-5.931,1,0.0967,0.3297,0.05825,0.1556,0.5255,133.62,US
1,357622,0.7184,0.8302,2,-11.612,0,0.0415,0.4821,0.0551,0.1348,0.4787,173.019,DE
0,198427,0.7072,0.7775,7,-8.197,1,0.1398,0.1945,0,0.1336,0.4709,158.342,JP
0,230977,0.478,0.7404,2,-6.26,0,0.0912,0.0585,0,0.1911,0.5888,142.397,JP
0,227035,0.8044,0.6095,8,-10.027,0,0.0518,0.2733,0.08211,0.1685,0.3674,120.034,US
0,185649,0.8065,0.6063,5,-6.664,0,0.1259,0.0685,0,0.1536,0.4307,88.662,DE
0,185698,0.5758,0.6759,4,-4.445,0,0.0843,0.4075,0,0.2276,0.3907,120.364,JP
0,242388,0.3137,0.607,8,-5.344,0,0.1251,0.1892,0.01489,0.0165,0.2713,140.245,JP
0,242661,0.4356,0.7674,9,-7.804,0,0,0.48,0.10172,0.207,0.2414,141.413,JP
0,210639,0.7816,0.6434,0,-7.308,1,0.1692,0.0698,0,0.112,0.5396,105.682,DE
0,203178,0.9705,0.8003,2,-8.672,0,0.056,0.1015,0,0.2512,0.7527,125.833,BR
1,294611,0.4596,0.6811,4,-9.618,0,0.0581,0.2935,0.14732,0.3029,0.4953,134.34,DE
0,215262,0.8209,0.6763,1,-4.657,0,0.0684,0.3386,0.21678,0.0801,0.7672,120.049,BR
0,212183,0.6791,0.4898,5,-1.935,1,0.128,0.0132,0,0.2188,0.5956,127.644,JP
0,256505,0.5195,0.8805,6,-7.782,0,0,0.2223,0.04227,0.1698,0.7305,127.858,JP
1,147873,0.7947,0.7068,1,-6.021,1,0.1567,0.0836,0,0.0981,0.7355,137.877,US
0,219657,0.9307,0.8581,9,-9.826,0,0.1412,0.0703,0,0.2185,0.939,104.74,BR
0,203925,0.5988,0.7579,8,-5.741,0,0.0583,0.2196,0.00386,0.2095,0.5875,130.982,DE
1,192202,0.5236,0.7006,9,-10.9,1,0.0835,0.3395,0.05278,0.1664,0.5,110.456,US
0,102824,0.5862,0.7032,8,-7.032,0,0.0318,0.2327,0.16236,0.1148,0.4524,107.446,DE
0,210896,1.0,0.8587,11,-10.077,0,0.0313,0.1726,0.02995,0.0991,0.7529,143.254,BR
1,197249,0.9706,0.6178,0,-5.959,1,0.0053,0.2353,0.06761,0.0,0.6738,90.722,BR
0,136231,0.8546,0.6753,11,-6.023,1,0,0.2818,0.03168,0.288,0.5959,135.407,BR
1,252119,0.6634,0.4563,9,-11.536,1,0.0805,0.3988,0,0.2539,0.5208,131.317,US
0,268952,0.5595,0.7016,0,-10.192,1,0.0629,0.547,0,0.2271,0.6194,125.452,DE
0,126295,0.646,0.5318,3,-9.045,0,0.0721,0.333,0.19052,0.3243,0.564,134.153,US
0,212193,0.7407,0.5565,3,-4.424,1,0.0293,0.2051,0.1401,0.0788,0.5834,133.814,BR
0,219296,0.5959,0.5584,5,-4.034,1,0.0345,0.0313,0,0.0071,0.3756,145.326,US
0,203354,0.5841,0.6331,11,-6.255,0,0.154,0.1645,0,0.1738,0.2365,93.185,DE
0,182480,0.6239,0.5676,1,-6.506,1,0.1346,0.2735,0.18286,0.0396,0.5219,135.758,JP
1,191011,0.543,0.7399,5,-3.037,0,0.1306,0.2534,0.02013,0.1276,0.7273,114.987,KR
0,156861,0.7914,0.7296,8,-4.828,1,0.1044,0.1958,0.0447,0.2242,0.5853,132.61,US
0,296970,0.5093,0.3285,2,-2.664,1,0.0365,0.0878,0.12732,0.1838,0.4969,147.868,DE
1,275116,0.6047,0.4016,11,-7.225,1,0.135,0.2106,0.07881,0.1895,0.5332,141.839,US
0,214446,0.4669,0.592,2,-8.308,1,0.1176,0.309,0,0.0893,0.7429,121.451,JP
0,292905,0.6322,1.0,0,-5.344,1,0,0.2534,0.04023,0.1096,0.6542,119.796,KR
0,309459,0.4199,0.7776,7,-5.006,1,0.0053,0.4883,0.07143,0.1167,0.5535,125.861,DE
1,211617,0.8245,0.6549,1,-6.342,0,0.0271,0.2837,0.02615,0.1778,0.6251,135.956,KR
0,204906,0.8015,0.7073,5,-8.893,1,0.0469,0.3066,0.24718,0.0822,0.5948,98.681,BR
0,254624,0.9314,0.7113,5,-6.798,1,0.0633,0.1892,0,0.1182,0.8922,106.719,BR
1,123316,0.627,0.5645,3,-5.904,0,0.1363,0.1999,0.08705,0.0347,0.6276,145.56,KR
1,233751,0.5882,0.7084,5,-3.761,0,0.123,0.1294,0.01651,0.1657,0.4901,123.352,KR
0,201232,0.5771,0.7848,10,-5.751,1,0.0173,0.2971,0,0.3584,0.567,125.604,KR
1,226595,0.7098,0.7605,5,-12.37,1,0.0651,0.1715,0.0371,0.1893,0.5705,136.489,US
0,217520,0.703,0.6812,7,-7.285,1,0.0678,0.2252,0.03992,0.1286,0.3458,119.482,JP
0,214645,0.487,0.5552,10,-6.17,0,0.1351,0.3758,0.12842,0.014,0.4366,133.176,JP
0,190619,0.5007,0.5684,3,-8.207,0,0.154,0.1391,0,0.1149,0.3453,128.848,KR
0,161323,0.5959,0.5681,5,-8.487,0,0,0.2579,0.21902,0.1254,0.4664,156.492,DE
0,181701,0.5237,0.845,6,-9.087,0,0.0814,0.354,0,0.1651,0.6385,112.507,US
1,143612,0.6477,0.6939,5,-7.732,1,0.1891,0.0941,0.18099,0.0,0.6125,125.463,BR
0,164683,0.3787,0.9197,0,-7.299,1,0,0.452,0,0.1999,0.4662,139.182,JP
0,137361,0.552,0.5683,10,-4.752,1,0.106,0.0043,0.16783,0.2109,0.3206,115.166,KR
1,126394,0.524,0.7625,9,-2.31,0,0,0.0565,0.17736,0.1628,0.5248,117.31,US
0,164054,0.6603,0.7531,10,-6.519,1,0.012,0.2505,0.01806,0.1609,0.5679,141.635,KR
0,117239,0.6499,0.8646,6,-5.1,1,0.0751,0.2469,0,0.1639,0.5221,140.019,KR
0,189752,0.7575,0.6394,0,-7.833,1,0.1656,0.0065,0.09929,0.2064,0.4359,135.581,BR
0,168176,0.437,0.6345,9,-11.334,0,0.0687,0.2804,0,0.2423,0.4446,88.992,DE
0,167873,0.6393,0.7061,1,-6.09,1,0.0732,0.1574,0,0.2479,0.2586,126.135,DE
0,162651,0.4698,0.6328,8,-9.025,1,0.0893,0.3859,0,0.2459,0.4292,131.756,JP
0,227935,0.591,0.7371,4,-3.325,1,0.0605,0.2525,0,0.2387,0.3395,119.1,JP
0,218104,0.706,0.8239,3,-6.179,1,0.064,0.2381,0,0.0646,0.2219,123.117,DE
0,217922,1.0,0.7803,0,-3.562,0,0.0406,0.1441,0,0.1249,0.5886,116.157,BR
0,137480,0.7946,0.6558,5,-8.101,0,0.0055,0.2663,0.07653,0.205,0.5489,114.438,KR
0,156417,1.0,0.7417,4,-10.119,1,0.0092,0.3443,0,0.09,0.87,109.042,BR
0,221190,0.6286,0.6217,2,-6.567,1,0.1005,0.3668,0.07041,0.2326,0.7098,111.74,BR
0,268714,0.6116,0.7876,0,-8.631,1,0,0.281,0.10075,0.2838,0.5937,114.404,JP
0,234066,0.7321,0.7314,6,-3.902,1,0.1618,0.1646,0.22929,0.1333,0.3793,126.316,JP
0,199172,0.9849,0.4654,4,-9.656,0,0.1685,0.2707,0.10589,0.1655,0.4281,117.481,BR
1,222753,0.8708,0.6489,0,-7.625,0,0.1437,0.0265,0,0.1537,0.5156,98.641,BR
0,215849,0.688,0.757,3,-9.875,1,0,0.3448,0.07121,0.2429,0.2515,125.551,DE
1,207408,0.6675,0.7699,6,-4.436,0,0.0044,0.0,0.09274,0.0899,0.7448,110.79,US
1,230041,0.6859,0.6446,2,-4.677,0,0.2103,0.0392,0.09432,0.08,0.6594,132.879,BR
0,210009,0.7582,0.5025,7,-6.695,0,0.0583,0.1451,0,0.3062,0.8193,102.11,KR
0,206052,0.7621,0.6729,0,-7.792,0,0.1456,0.2346,0.08237,0.157,0.2871,115.377,JP
1,200763,0.7403,0.5877,11,-10.025,0,0.1167,0.1802,0.03788,0.2059,0.5226,127.722,US
1,172382,0.5398,0.634,11,-7.91,1,0.0751,0.3277,0.00098,0.0651,0.2894,151.069,DE
0,270238,0.6402,0.8342,6,-8.063,1,0.0189,0.1786,0,0.0636,0.5746,95.527,KR
1,174859,0.7925,0.635,1,-5.523,0,0.0626,0.2063,0.02313,0.2872,0.544,118.38,DE
1,193977,0.8955,0.7502,5,-4.067,1,0.1444,0.088,0,0.1204,0.6105,135.814,US
0,249669,0.5042,0.8489,0,-6.479,0,0.2026,0.2625,0,0.0361,0.1905,141.713,US
0,176842,0.6922,0.6462,8,-6.062,0,0,0.3149,0,0.1157,0.23,150.749,DE
0,304922,0.5006,0.6435,10,-5.154,0,0.2364,0.2924,0.07049,0.2131,0.6542,147.194,JP
1,246220,0.7394,0.7562,6,-6.117,0,0.1134,0.1227,0.08103,0.2293,0.5452,119.227,US
0,199226,0.4666,0.7392,6,-5.454,1,0.1224,0.0737,0.10867,0.1597,0.7213,117.509,KR
0,162763,0.5503,0.8069,6,-6.333,0,0.0679,0.3599,0.10794,0.1275,0.8258,128.118,JP
0,139638,0.6277,0.8122,7,-9.311,1,0.1508,0.2978,0.19289,0.0198,0.3751,126.8,DE
1,168006,0.8814,0.7415,3,-7.68,0,0.0409,0.0,0.02327,0.1883,0.4523,91.447,US
0,109641,0.6317,0.632,2,-4.279,1,0.0694,0.3759,0.04105,0.1955,0.4434,99.341,DE
0,217454,0.6924,0.7881,11,-7.032,0,0.0341,0.1988,0.10037,0.277,0.5911,139.786,DE
0,264434,0.5251,0.8255,7,-7.652,1,0.0119,0.2363,0.27283,0.1372,0.4192,151.806,DE
0,276501,0.5537,0.7574,9,-3.988,1,0.0598,0.1982,0.14218,0.2112,0.5207,112.508,KR
0,193692,0.7943,0.6797,0,-6.827,1,0.2815,0.1378,0.16425,0.1624,0.7289,122.886,US
0,176487,0.4418,0.7119,5,-9.436,1,0.0352,0.3864,0.09996,0.1466,0.6591,139.732,JP
0,246071,0.6406,0.5487,8,-9.987,1,0.0769,0.0834,0.15188,0.349,0.4399,113.902,US
0,241844,0.492,0.7322,5,-10.438,1,0.131,0.2905,0,0.0812,0.7919,104.58,KR
1,177263,0.7548,0.7879,6,-5.871,0,0.0341,0.245,0,0.0129,0.5322,125.85,US
0,108484,0.7057,0.7753,2,-5.565,1,0.1262,0.0767,0,0.1573,0.7885,88.672,US
0,222735,0.5944,0.6392,2,-9.331,0,0,0.3102,0.17863,0.0284,0.4966,98.749,KR
0,253225,0.5219,0.7278,5,-11.877,0,0.1091,0.2028,0.13853,0.0983,0.5243,139.669,KR
0,127106,0.6627,0.8327,3,-6.087,0,0.1082,0.2166,0.17312,0.1725,0.2902,145.899,KR
0,205419,0.5924,0.9673,10,-7.946,0,0.1885,0.2168,0,0.1358,0.7672,125.299,US
0,196213,0.6181,0.7152,1,-6.824,0,0.0484,0.4769,0.09225,0.1663,0.6622,136.136,JP
1,176295,0.6788,0.4995,3,-5.514,0,0.0829,0.1026,0,0.0892,0.6777,113.65,BR
0,197835,0.8294,0.6927,11,-8.65,0,0.069,0.2793,0.14118,0.1855,0.7741,94.393,KR
0,216988,0.5802,0.659,3,-5.392,1,0,0.5267,0,0.1836,0.6514,135.964,JP
0,232695,0.7228,0.862,11,-7.651,1,0.0973,0.257,0,0.2811,0.5386,86.646,KR
0,154637,0.5623,0.5076,7,-6.936,1,0,0.3405,0.22396,0.0612,0.4823,146.175,DE
1,222838,0.8449,0.5666,9,-7.673,1,0.0131,0.0114,0.16482,0.1908,0.5677,136.253,US
0,178968,0.8785,0.5991,1,-5.399,1,0.1002,0.1048,0.14633,0.2433,0.4852,102.557,US
0,223093,0.4296,0.8231,1,-6.127,1,0.1574,0.0979,0,0.1513,0.5053,121.306,DE
0,213257,0.7393,0.7324,4,-5.173,1,0,0.1286,0,0.1054,0.3941,112.049,DE
0,215406,0.8032,0.6038,2,-5.678,0,0.0692,0.0,0.13354,0.2024,0.3521,128.764,US
1,243589,0.5908,0.6265,3,-10.206,1,0.065,0.5005,0.11397,0.0713,0.7565,109.897,KR
0,142953,0.6707,0.5135,9,-7.064,0,0.0011,0.0483,0.2276,0.3625,0.7007,151.283,DE
0,252536,0.8368,0.7424,9,-7.236,1,0,0.191,0.22405,0.1459,0.5315,130.168,US
0,140949,0.7895,0.7758,0,-8.266,1,0.0217,0.1605,0.14066,0.2112,0.7358,111.904,BR
1,187955,0.9957,0.7407,4,-7.211,1,0.0509,0.2111,0.09975,0.1649,0.4234,122.166,BR
0,174065,0.8443,0.6782,3,-10.437,0,0.0486,0.2346,0.12873,0.0361,0.6257,94.969,KR
0,190942,0.5429,0.728,3,-10.494,0,0.0697,0.5544,0.00399,0.1561,0.2591,131.643,DE
0,178650,0.5784,0.6986,7,-8.243,0,0.0651,0.3939,0.23444,0.3036,0.4722,133.435,DE
0,204186,0.843,0.7813,5,-6.016,1,0.0909,0.1504,0.06394,0.1014,0.6214,120.47,BR
1,210898,0.8693,0.7053,11,-8.984,0,0.0442,0.2933,0.01558,0.0836,0.9051,109.5,BR
0,222742,0.6201,0.6389,1,-8.17,0,0.1002,0.2166,0.01799,0.1228,0.6548,96.801,JP
1,230868,0.6641,0.7258,3,-10.609,0,0.092,0.1091,0.07736,0.1886,0.5501,105.425,KR
0,88106,0.9141,0.7071,3,-2.815,1,0.0547,0.1084,0.0043,0.1835,0.3569,139.957,BR
0,158354,0.4487,0.6068,6,-3.224,0,0,0.2504,0.01716,0.2202,0.5392,69.263,JP
0,241303,0.7016,0.6483,0,-10.438,0,0.0698,0.4639,0.1098,0.0265,0.5872,127.679,JP
0,185143,0.7545,0.7539,0,-4.707,0,0.173,0.1582,0,0.0123,0.6802,137.144,KR
1,223489,0.4818,0.8128,8,-9.843,0,0,0.1724,0,0.0799,0.5258,143.545,JP
0,187057,0.6557,0.6379,7,-9.775,1,0.0511,0.5568,0,0.1286,0.4686,127.534,JP
1,255440,0.8218,0.5881,8,-4.985,0,0.0218,0.296,0.16568,0.277,0.4154,123.61,BR
0,144365,0.5431,0.8018,10,-9.945,1,0.0465,0.1237,0.0024,0.1327,0.8684,122.831,KR
0,231874,0.6292,0.9126,9,-7.564,1,0.177,0.2344,0.22597,0.2302,0.2417,87.277,US
0,186832,0.5923,0.8916,6,-6.375,0,0,0.4374,0.09276,0.0093,0.5792,126.882,KR
0,218769,0.8933,0.6485,10,-8.46,1,0.0819,0.3702,0,0.1534,0.9724,101.316,BR
0,167197,0.9225,0.7024,7,-5.91,1,0,0.1179,0,0.3134,0.4758,96.746,BR
0,179784,0.6852,0.6205,7,-7.055,0,0.0693,0.1618,0.15628,0.0525,0.6642,105.493,JP
0,186385,0.7684,0.8114,0,-4.006,0,0.1155,0.5025,0,0.2514,0.7553,127.941,BR
0,238425,0.6069,0.71,0,-9.002,1,0.0719,0.0819,0.02642,0.1208,0.7306,130.0,BR
1,215777,0.635,0.7248,2,-6.944,0,0.1807,0.2988,0.01293,0.2973,0.3772,120.255,DE
0,255999,0.5779,0.7737,7,-8.092,1,0.1146,0.4032,0.01733,0.2313,0.5355,119.085,DE
1,226671,0.595,0.617,6,-7.219,0,0.2127,0.3455,0.06131,0.1706,0.5421,129.355,BR
1,231919,0.8183,0.7365,8,1.445,1,0.155,0.1779,0.11187,0.0,0.7149,110.64,KR
1,251900,0.7016,0.7212,2,-6.628,0,0.0086,0.1432,0.1507,0.2039,0.9105,121.211,BR
1,148070,0.4196,0.4512,3,-6.0,0,0.1621,0.2818,0.25921,0.1454,0.4907,137.522,JP
0,328335,0.6862,0.7785,10,-3.769,1,0,0.16,0.00988,0.0447,0.3109,145.007,JP
0,182705,0.7129,0.5633,1,-8.311,0,0.1086,0.1589,0,0.0755,0.5339,133.148,US
0,191814,0.4718,0.6689,3,-8.314,0,0.1221,0.0479,0.22654,0.0431,0.2943,123.969,DE
0,159058,0.7426,0.7514,0,-6.721,0,0.113,0.0697,0.11152,0.1064,0.6157,136.663,JP
0,207733,0.5991,0.7448,7,-6.458,1,0.0244,0.2245,0.01488,0.0504,0.5057,136.921,KR
0,191893,0.6754,0.6686,7,-5.196,0,0.1286,0.1105,0,0.0557,0.6108,130.114,US
0,288494,0.9411,0.6565,0,-3.284,1,0.1161,0.0,0.00385,0.0954,0.4976,81.107,BR
0,241546,0.6902,0.5466,4,-4.582,0,0.1618,0.098,0.18726,0.2687,0.6953,116.491,JP
0,257640,0.7546,0.8211,11,-8.972,1,0,0.1238,0.15204,0.0441,0.728,100.416,BR
0,127773,0.3725,0.7832,6,-5.709,1,0,0.0426,0.03918,0.2025,0.4028,134.272,JP
0,179902,0.5526,0.6222,2,-6.769,1,0,0.1381,0.17689,0.2643,0.3208,147.036,DE
0,241150,0.5785,0.6656,8,-1.131,0,0.0794,0.2588,0.18642,0.1944,0.4891,141.764,DE
0,154704,0.7707,0.7155,11,-4.605,0,0.0849,0.0229,0.08488,0.0,0.5178,172.642,DE
0,220659,0.7661,0.6739,6,-6.968,1,0.2599,0.1979,0.09283,0.2224,0.8403,123.265,KR
0,237079,0.6955,0.6019,2,-8.243,1,0.1232,0.3886,0.04138,0.168,0.4423,107.879,BR
0,183758,0.8207,0.6007,9,-7.6,0,0.0669,0.1029,0.11495,0.3696,0.8255,139.537,US
0,155604,0.7577,0.8422,6,-4.871,1,0.0127,0.099,0.15831,0.1586,0.5718,98.922,KR
0,225015,0.58,0.8145,6,-6.689,0,0.1318,0.0,0.05169,0.2685,0.7948,120.588,US
1,245098,0.5174,0.5538,3,-1.293,1,0.0568,0.2317,0.02448,0.0,0.5348,118.412,DE
0,279274,0.5952,0.8466,4,-9.461,0,0.0768,0.1081,0,0.2436,0.5062,124.446,BR
0,203828,0.4784,0.6591,5,-4.136,0,0.0483,0.2344,0.02937,0.0254,0.4137,129.96,JP
0,199186,0.5921,0.6964,11,-8.004,0,0.0094,0.1466,0.11717,0.0,0.6338,108.33,KR
0,259473,0.5999,0.7163,2,-8.55,0,0.0682,0.3929,0,0.1437,0.4087,145.924,JP
1,242156,0.6241,0.9262,10,-3.078,1,0.0411,0.2639,0,0.2259,0.6671,122.509,BR
1,226242,0.6061,0.6071,10,-6.071,1,0.0807,0.0588,0,0.2414,0.4207,129.443,US
0,164515,0.6753,0.7795,11,-4.909,1,0.0993,0.2467,0,0.1951,0.4615,140.399,JP
0,195315,0.943,0.5538,9,-7.373,1,0.1474,0.1967,0.02561,0.2366,0.7344,131.554,BR
0,301567,0.6837,0.7681,7,-2.895,0,0.041,0.149,0.03953,0.1356,0.3335,140.079,DE
0,239298,0.56,0.7494,1,-6.653,1,0.0807,0.3788,0,0.1423,0.2269,114.364,JP
0,227192,0.6253,0.9244,4,-3.738,0,0.043,0.2735,0,0.1418,0.4651,118.201,KR
0,190857,0.5562,0.75,9,-6.259,1,0.131,0.2569,0.01789,0.0426,0.3646,168.64,JP
0,226501,0.7546,0.6479,3,-8.05,1,0.0448,0.3481,0,0.2236,0.5541,123.74,DE
0,131454,0.6025,0.5865,8,-2.898,1,0.0684,0.1813,0,0.0,0.5013,142.136,KR
0,149384,0.5826,0.9271,11,-7.185,1,0.1621,0.3526,0.12837,0.1257,0.3354,127.169,US
0,136604,0.8151,0.8302,6,-7.801,1,0.1158,0.1016,0,0.1251,0.376,121.384,KR
0,288546,0.686,0.835,7,-6.91,0,0.0637,0.2242,0.08174,0.0245,0.5923,102.736,DE
0,252660,0.9365,0.6869,2,-6.673,0,0.0974,0.007,0,0.0612,0.4002,89.261,KR
1,165575,1.0,0.6763,2,-3.213,0,0.1252,0.2605,0,0.2373,0.6686,127.381,BR
1,226253,0.6443,0.7226,3,-6.037,0,0.0898,0.2942,0.16024,0.1986,0.3933,162.614,JP
0,242975,0.6584,0.6956,4,-5.837,1,0.134,0.5211,0.12721,0.1847,0.7969,130.07,DE
1,282007,0.408,0.4253,10,-7.477,1,0.1265,0.2644,0.27925,0.1656,0.4591,129.794,DE
1,143387,0.6377,0.7431,11,-3.66,0,0.1093,0.2263,0.1276,0.0772,0.3489,109.663,DE
0,194644,0.596,0.7586,3,-5.315,1,0.0472,0.4384,0.13804,0.2298,0.7511,152.633,JP
0,173583,0.9339,0.5118,9,-9.159,0,0.0505,0.1529,0.00048,0.0,0.7852,111.05,BR
1,207402,0.9353,0.6182,6,-9.456,0,0,0.2204,0,0.1261,0.6746,107.93,US
0,179115,0.594,0.7959,2,-9.14,0,0.1043,0.5646,0.03188,0.1153,0.6287,128.582,JP
0,219141,0.5585,0.7147,4,-7.931,0,0.1649,0.3194,0,0.2309,0.6364,117.499,KR
0,202926,0.6753,0.7089,4,-6.884,1,0.0969,0.2848,0.06691,0.237,0.6584,148.536,BR
0,192682,0.646,0.7704,11,-3.942,0,0.0346,0.1515,0.18178,0.342,0.5861,121.23,DE
1,239532,0.7394,0.7419,7,-9.437,1,0.0661,0.2003,0,0.1182,0.3193,121.638,DE
1,127908,0.5649,0.6781,2,-8.488,1,0,0.1584,0,0.07,0.4317,127.374,US
0,166041,0.8511,0.6024,7,-7.699,0,0.0826,0.2959,0,0.1932,0.7065,128.545,BR
0,228440,0.5831,0.4952,4,-4.408,0,0.0297,0.3721,0.04145,0.0704,0.5002,119.521,BR
0,213284,0.3588,0.6228,11,-7.11,1,0.0087,0.4094,0,0.3028,0.3816,148.178,JP
0,288729,0.5967,0.5496,3,-10.308,0,0.0306,0.3337,0.12937,0.3353,0.486,108.395,JP
1,183587,0.6301,0.821,11,-8.445,1,0.0438,0.3365,0,0.1097,0.5715,98.565,KR
0,199122,0.6821,0.8005,6,-6.406,1,0.0886,0.2948,0.0675,0.1347,0.8186,132.879,KR
0,188646,0.6376,0.6815,10,-8.144,0,0.0173,0.5289,0.07114,0.2136,0.495,107.207,KR
0,160139,0.4442,0.6789,2,-4.649,1,0.1871,0.2147,0,0.027,0.5842,110.878,US
0,107262,0.7561,0.6253,7,-10.075,1,0,0.2239,0.31106,0.2454,0.4293,121.436,US
0,162054,0.8829,0.6676,10,-8.638,0,0.047,0.0599,0.00602,0.2725,0.3726,113.709,BR
0,249833,0.591,0.5849,10,-8.077,1,0.1147,0.4176,0.08921,0.2496,0.5004,119.874,JP
0,207411,0.5898,0.749,11,-0.973,1,0.178,0.1152,0.00262,0.1229,0.819,110.947,KR
0,233774,0.7476,0.6897,6,-3.442,1,0.0653,0.3221,0.25239,0.3073,0.3127,112.619,JP
0,300221,0.6701,0.6075,8,-5.203,1,0.0848,0.0,0,0.0,0.7313,113.218,US
0,209652,0.9143,0.7393,3,-6.51,1,0.2104,0.3706,0,0.0988,0.6312,105.637,KR
0,281909,0.3164,0.7043,1,-3.384,0,0.0507,0.2832,0,0.1289,0.3177,134.637,JP
0,217546,0.5816,0.8992,3,-7.729,0,0.1555,0.3172,0.17644,0.3532,0.7361,121.088,KR
0,202412,0.7224,0.6579,1,-8.329,1,0.0935,0.2182,0.11226,0.3324,0.3632,140.638,US
0,208864,0.6715,0.6939,7,-7.335,0,0.0924,0.276,0,0.1008,0.7018,149.486,KR
0,133872,0.5038,0.7916,7,-7.36,1,0.0401,0.1289,0,0.0903,0.615,118.094,KR
0,161696,0.5466,0.8376,5,-5.67,0,0.096,0.113,0.02652,0.2427,0.5812,177.227,US
0,166850,0.6338,0.7481,7,-6.097,1,0.0527,0.2735,0,0.1904,0.6217,109.517,DE
1,154795,0.7961,0.7121,4,-6.402,0,0.1223,0.2255,0.20909,0.1513,0.9421,117.206,BR
0,195305,0.4926,0.7752,1,-5.474,1,0.0752,0.2035,0,0.256,0.5783,107.082,KR
0,257229,0.85,0.6085,6,-3.816,0,0.0238,0.3143,0.10769,0.176,0.5619,130.064,US
0,205855,0.7086,0.8904,2,-8.164,1,0.0661,0.201,0.04982,0.1183,0.596,117.907,BR
0,127054,0.8247,0.5092,9,-7.942,0,0.0915,0.2487,0.08773,0.2532,0.6565,125.953,BR
1,237434,0.7873,0.6241,7,-8.391,1,0.1104,0.4288,0.01927,0.3065,0.6004,124.149,BR
0,212914,0.5783,0.5881,5,-4.726,0,0.0102,0.2255,0.09276,0.2311,0.5874,117.562,DE
0,161844,0.6566,0.7105,0,-7.508,0,0.167,0.2158,0,0.2517,0.662,103.666,KR
1,165126,0.8454,0.8837,7,-4.276,0,0.0026,0.2954,0,0.2412,0.5086,134.82,DE
1,173604,0.4566,0.7975,1,-5.271,0,0.1163,0.2104,0.25928,0.1968,0.6516,103.986,US
0,174832,0.6349,0.7351,5,-6.344,0,0.1418,0.2345,0.03172,0.0822,0.7901,112.177,US
0,192408,0.6168,0.5892,7,-3.33,1,0.1452,0.1,0.18482,0.1182,0.801,142.356,US
0,147398,0.6368,0.8482,8,-6.44,0,0.1498,0.2448,0.02222,0.1176,0.5667,133.546,JP
0,186520,0.6855,0.7145,7,-9.432,1,0.1449,0.2082,0.00838,0.2271,0.4726,132.586,JP
1,221452,0.8239,0.605,7,-5.947,1,0.0809,0.1657,0.16058,0.0617,0.5597,110.348,BR
0,191822,0.7138,0.7499,2,-4.635,1,0.1427,0.1523,0.258,0.2413,0.3679,110.467,JP
0,153343,0.6369,0.764,8,-9.312,1,0.1103,0.3383,0.11485,0.2805,0.6926,114.101,KR
0,259135,0.474,0.8136,0,-2.398,0,0.0259,0.2446,0,0.233,0.5371,115.298,JP
1,204558,0.8431,0.5471,3,-6.073,1,0.0698,0.0819,0.02656,0.1125,0.6636,122.212,BR
0,184010,0.6406,0.7937,5,-7.509,0,0.1373,0.043,0.23688,0.015,0.4175,121.504,DE
1,222217,0.7895,0.8071,2,-6.293,0,0.0153,0.3103,0.04479,0.3128,0.3424,162.145,US
1,253023,0.9929,0.6287,3,-7.552,0,0.0699,0.2231,0.03457,0.2538,0.6813,106.439,BR
0,282430,0.3776,0.7289,5,-6.406,1,0.1162,0.2397,0.13978,0.1553,0.4467,121.557,JP
0,172787,0.6801,0.8471,6,-10.357,0,0,0.1708,0.17479,0.2232,0.7699,149.572,US
0,192511,0.5224,0.6787,2,-4.525,1,0.1099,0.4148,0.06968,0.2266,0.6623,116.273,JP
0,159636,0.6065,0.5498,0,-3.223,1,0.0678,0.2553,0,0.3364,0.8129,125.065,BR
0,118756,0.4677,0.7104,7,-7.474,0,0.0738,0.4966,0.07282,0.1597,0.423,129.803,JP
0,237374,0.7298,0.5301,6,-6.517,0,0.0443,0.3851,0.19169,0.1491,0.834,102.869,BR
1,204861,0.5403,0.7409,9,-6.619,1,0.0831,0.3102,0.03302,0.2033,0.6453,92.177,US
0,97803,0.7168,0.6383,0,-8.787,1,0.1713,0.2767,0,0.1954,0.6167,122.485,US
0,298781,0.9418,0.7714,4,-6.633,0,0.1457,0.5359,0.16681,0.3577,0.4948,105.144,KR
0,195844,0.575,0.7312,1,-4.19,1,0.0787,0.0837,0.02288,0.2526,0.5647,105.827,DE
0,239609,0.5957,0.466,2,-5.505,0,0.1587,0.1276,0.03193,0.2387,0.6467,128.78,BR
0,218847,0.8369,0.7248,6,-2.182,0,0.0689,0.07,0,0.2491,0.6605,114.938,US
0,169700,0.5423,0.5996,6,-4.477,0,0.1814,0.0935,0.00957,0.0291,0.4985,137.411,DE
0,159839,0.5987,0.7539,3,-10.232,1,0.0699,0.3075,0,0.2897,0.6801,136.003,JP
0,200180,0.5704,0.7574,3,-6.943,0,0.1341,0.233,0.10915,0.0064,0.5714,110.301,DE
0,124966,0.4098,0.6413,9,-6.803,1,0.0923,0.3498,0,0.2046,0.6106,128.226,DE
0,226554,0.7269,0.6897,10,-4.598,0,0,0.3372,0.03958,0.2056,0.7929,126.612,US
0,195696,0.7164,0.8429,3,-7.371,1,0.0432,0.3499,0.09417,0.2272,0.5088,160.972,JP
0,241895,0.4476,0.5023,5,-5.123,1,0.0387,0.2719,0.10405,0.1063,0.5458,96.208,DE
0,209977,0.4726,0.8177,11,-1.745,1,0,0.4034,0.06837,0.1332,0.3638,102.537,JP
0,245854,0.5317,0.6906,4,-8.161,1,0.0633,0.283,0.0729,0.062,0.5914,154.581,KR
0,262218,0.7932,0.6042,0,-8.958,1,0.1569,0.2509,0.05552,0.0686,0.3762,84.193,DE
0,173662,0.5386,0.745,11,-8.136,1,0.2519,0.4597,0,0.0377,0.2825,133.163,JP
0,206322,0.6248,0.7672,2,-5.045,0,0.0705,0.4423,0.11384,0.2379,0.5027,144.072,JP
1,157926,0.756,0.5691,8,-6.932,0,0.0045,0.0,0.26142,0.1555,0.697,126.711,BR
1,299481,0.7989,0.7063,6,-6.576,0,0.1203,0.2461,0.13517,0.001,0.4693,147.189,DE
0,265746,0.6702,0.6802,6,-3.364,0,0.0341,0.1447,0,0.0,0.6349,140.58,JP
0,201932,0.4391,0.8044,6,-5.657,1,0.0649,0.0601,0,0.2829,0.4819,106.598,DE
0,252006,0.7468,0.637,9,-5.353,0,0.1135,0.4484,0,0.1563,0.7343,88.926,BR
0,208502,0.6019,0.7937,9,-7.794,0,0.0283,0.168,0.05299,0.1917,0.4281,97.689,KR
0,250942,0.9288,0.8395,11,-5.822,0,0.0471,0.3822,0,0.3121,0.6296,118.689,KR
1,136455,0.869,0.5953,4,-5.847,0,0,0.6061,0.04808,0.0761,0.7233,96.175,BR
0,324891,0.5303,0.8893,3,-7.815,1,0.045,0.1083,0.20249,0.0145,0.5551,119.732,KR
0,173056,0.6613,0.5877,2,-6.79,0,0.134,0.4149,0.0648,0.0665,0.3377,112.445,DE
1,156490,0.6574,0.5191,9,-7.818,0,0,0.0425,0.00099,0.0,0.491,145.273,US
1,200230,0.534,0.8915,9,-5.395,1,0.037,0.3836,0.00396,0.0906,0.518,135.067,US
0,212214,0.5684,0.6645,2,-0.433,1,0.196,0.0623,0.1684,0.0472,0.3764,145.757,JP
0,271204,0.446,0.5448,7,-7.037,1,0.0828,0.2383,0.01136,0.0709,0.7157,118.794,JP
0,217030,0.758,0.6763,0,-13.174,0,0.1576,0.1482,0.19347,0.214,0.3716,108.698,DE
0,174326,0.7028,0.741,3,-7.597,0,0.0436,0.2239,0.00071,0.3182,0.4876,117.093,US
1,204117,0.8366,0.7966,4,-9.412,0,0.0608,0.0,0.01647,0.102,0.6767,138.396,US
0,242959,0.7154,0.7948,0,-5.742,1,0.1299,0.1342,0.08508,0.145,0.5608,130.699,BR
0,169670,0.6428,0.7589,9,-8.997,1,0.1569,0.2809,0,0.2393,0.3908,141.912,JP
1,238890,0.63,0.7,1,-8.173,0,0.0944,0.2843,0.1141,0.1536,0.5409,139.306,US
0,167008,0.8173,0.7774,2,-6.461,1,0.134,0.1051,0.04407,0.0737,0.6658,98.379,US
0,158114,0.7317,0.4972,10,-9.023,1,0.0783,0.1494,0,0.1924,0.5659,132.206,BR
1,226374,0.8498,0.7571,5,-8.39,0,0.0517,0.2102,0.10066,0.1614,0.4081,123.994,US
1,116576,0.9049,0.721,8,-8.089,1,0.0879,0.5803,0,0.0048,0.466,134.59,US
1,216595,0.708,0.7774,6,-6.878,1,0.1067,0.3887,0,0.1659,0.5758,104.793,BR
0,210856,0.613,0.6554,11,-6.69,0,0.1004,0.444,0.03106,0.1638,0.4518,110.54,DE
1,125386,0.7021,0.7415,5,-7.139,0,0.0624,0.1708,0,0.2466,0.5757,140.412,DE
1,215518,0.9867,0.9709,10,-6.9,1,0,0.2078,0.19392,0.1293,0.5136,113.422,KR
0,296266,0.854,0.6715,7,-7.016,0,0.095,0.1035,0,0.2222,0.5773,147.878,US
0,217972,0.6618,0.6629,5,-4.415,1,0.0598,0.3172,0.16508,0.1434,0.5322,129.379,DE
0,295003,0.6103,0.5758,10,-6.896,0,0.0656,0.2005,0.09784,0.31,0.4453,116.672,DE
0,186230,0.8953,0.8383,0,-4.957,0,0.1374,0.2409,0.01577,0.17,0.6779,105.955,BR
0,191253,1.0,0.6608,1,-3.985,1,0.1315,0.3624,0.12095,0.14,0.5748,114.808,BR
0,230421,0.7272,0.6094,6,-8.405,1,0.0397,0.1394,0.03454,0.0587,0.4634,136.912,US
0,232194,0.5383,0.8737,6,-2.488,0,0.1268,0.1519,0,0.0293,0.2632,117.152,JP
0,177430,0.6244,0.754,11,-8.595,1,0.0768,0.1148,0,0.1825,0.4818,127.74,KR
0,163002,0.6311,0.7246,11,-7.323,0,0.0588,0.0671,0.13069,0.2115,0.5192,132.946,KR
0,229358,0.8437,0.5945,5,-13.349,0,0.0722,0.2141,0.1791,0.2768,0.8303,128.317,BR
1,271091,0.8281,0.6616,11,-9.26,1,0,0.0946,0.04649,0.1614,0.7427,151.896,US
0,196524,0.5125,0.4659,2,-8.821,0,0.0841,0.0626,0,0.2467,0.5111,123.5,KR
0,225254,0.7835,0.7145,3,-5.179,1,0.0355,0.3253,0.00539,0.1715,0.5932,117.076,KR
0,172584,0.9729,0.8232,9,-11.103,1,0.0643,0.2022,0.03765,0.3444,0.6916,127.835,BR
1,160703,0.6882,0.695,6,-9.284,1,0.079,0.1109,0,0.0178,0.4955,112.668,BR
1,233660,0.533,0.7246,9,-7.161,0,0,0.3662,0.10537,0.2173,0.2832,126.628,DE
0,160075,0.6438,0.6397,4,-2.432,1,0.1176,0.2525,0.0899,0.0,0.5818,122.334,US
0,310175,0.5624,0.5217,5,-6.079,1,0,0.4177,0.01411,0.0235,0.4346,111.45,DE
0,216640,0.9357,0.8498,4,-7.607,0,0.0992,0.3521,0,0.2791,0.4895,115.302,BR
0,250405,0.6317,0.864,10,-4.388,1,0.0268,0.0641,0.0264,0.1891,0.8587,138.125,KR
1,187002,0.7808,0.718,2,-10.283,1,0.115,0.2093,0,0.1049,0.5363,98.04,US
0,246777,0.7778,0.6947,7,-10.651,1,0.0898,0.1939,0,0.0202,0.6927,99.607,KR
0,259855,0.3631,0.724,0,-11.628,0,0,0.2131,0,0.173,0.3875,133.603,JP
1,234094,0.7066,0.7529,9,-3.18,0,0,0.0387,0.11565,0.0181,0.6991,145.231,KR
0,246509,0.5656,0.6803,1,-5.248,1,0.1116,0.2773,0.07699,0.1302,0.4576,121.503,KR
0,127911,0.6525,0.5193,11,-6.859,0,0.0902,0.0563,0.10429,0.1811,0.922,119.693,JP
0,204743,0.692,0.4937,3,-10.845,0,0.0825,0.3187,0,0.2067,0.7178,153.396,JP
0,155648,0.5587,0.7882,7,-5.03,0,0.1027,0.3335,0,0.1124,0.8052,109.064,KR
0,198212,0.7806,0.6735,7,-5.773,1,0.1296,0.1627,0.11953,0.0,0.158,111.78,US
0,134228,0.6923,0.4304,11,-10.957,0,0.1032,0.1954,0.23075,0.2988,0.5511,115.797,JP
0,210070,0.8672,0.7312,7,-7.74,1,0.0656,0.322,0.19457,0.1538,0.7944,121.878,BR
1,186511,0.5692,0.6252,9,-14.786,0,0.0769,0.3559,0.20674,0.2227,0.3025,166.281,DE
1,157479,0.5589,0.8144,11,-8.43,0,0.1433,0.0149,0,0.1247,0.3421,95.712,US
0,203553,0.6959,0.9519,5,-4.675,1,0.1656,0.0,0,0.0826,0.5832,117.511,KR
0,353252,0.5658,0.7219,7,-12.448,0,0.0163,0.3435,0.0484,0.0606,0.7716,153.117,KR
0,134176,0.8151,0.7481,6,-7.489,0,0.2797,0.1276,0.03499,0.1435,0.3985,110.835,DE
0,213504,0.3798,0.6381,1,-9.429,0,0.1732,0.1945,0.14016,0.2927,0.5581,127.647,JP
0,202628,0.5972,0.7401,6,-7.11,0,0.0271,0.3686,0.04928,0.3224,0.7124,109.009,KR
0,261486,0.6388,0.7567,8,-4.331,0,0.1678,0.4047,0.11898,0.183,0.4727,132.47,JP
0,183421,0.6928,0.62,0,-11.399,1,0.1586,0.204,0.05773,0.0,0.5589,124.366,KR
0,187278,0.6455,0.7311,5,-2.913,0,0.0435,0.2387,0,0.1059,0.4046,139.78,DE
0,158224,0.7793,0.4988,8,-7.759,0,0.0991,0.3726,0.12436,0.059,0.6836,139.795,KR
0,270674,0.5074,0.6422,3,-6.372,0,0.1559,0.3157,0.01453,0.1903,0.5768,145.073,JP
0,317838,0.6859,0.7029,9,-9.429,0,0,0.1986,0.08045,0.0148,0.5888,125.244,KR
1,244458,0.6993,0.6708,10,-8.448,0,0.0836,0.2331,0.01506,0.0111,0.4718,130.51,US
0,329249,0.7494,0.5874,5,-7.359,1,0.1698,0.2878,0,0.1413,0.4205,87.744,BR
1,243132,0.7115,0.7049,0,-8.168,1,0.0559,0.1917,0,0.3511,0.624,117.754,BR
1,206166,0.7085,0.7003,1,-6.77,1,0.0734,0.3558,0.10895,0.3386,0.3322,94.262,US
0,235914,0.8575,0.7237,6,-6.758,1,0.0326,0.172,0.2527,0.1431,0.7078,148.193,BR
1,236426,0.7259,0.6919,3,-8.315,0,0.0237,0.3424,0.05962,0.1462,0.5965,125.107,US
0,212328,0.534,0.6684,10,-5.924,0,0.1655,0.1698,0.04883,0.0,0.493,125.24,US
0,269585,0.5453,0.6831,1,-9.902,1,0,0.3065,0,0.2877,0.6149,135.329,DE
0,189889,0.815,0.6657,2,-6.758,0,0.0258,0.387,0.17701,0.1991,0.5809,125.937,DE
0,249552,0.5918,0.8806,6,-3.85,1,0.158,0.4485,0.15008,0.0241,0.4503,123.846,US
0,224169,0.6386,0.8163,0,-8.36,0,0.1181,0.0535,0.06496,0.1867,0.6058,97.236,KR
0,279943,0.8835,0.5279,4,-8.113,1,0.2067,0.3275,0.30061,0.0765,0.5358,108.558,DE
0,224645,0.9341,0.6768,8,-2.214,1,0.0791,0.1765,0.05365,0.1828,0.5691,122.33,BR
1,181296,0.7476,0.8404,8,-4.394,1,0.1005,0.0802,0.22618,0.2262,0.7047,113.74,US
0,204591,0.8045,0.6392,3,-4.071,1,0.0518,0.2042,0,0.0844,0.6218,134.694,BR
0,191827,0.5334,0.6491,11,-6.814,0,0.1728,0.2549,0,0.2561,0.7643,100.448,KR
0,186173,0.4968,0.686,4,-4.987,1,0,0.413,0,0.1849,0.415,130.306,DE
0,219799,0.4899,0.7717,8,-4.438,0,0.1054,0.4355,0.08491,0.2985,0.3298,158.0,JP
0,178543,0.5699,0.6053,5,-3.906,0,0.0534,0.2875,0,0.0617,0.2998,128.052,DE
0,157693,0.725,1.0,3,-8.907,0,0.0255,0.2735,0,0.1438,0.7567,145.541,KR
1,182590,0.7379,0.713,8,-7.956,0,0.0816,0.1654,0.08548,0.2953,0.5528,124.168,DE
0,182001,0.3588,0.8487,5,-6.056,0,0.1257,0.4971,0.15662,0.0,0.4298,164.88,JP
1,165289,0.5889,0.7725,5,-8.829,1,0.0743,0.1003,0.12451,0.0801,0.4406,125.31,US
0,334391,0.7048,0.6165,4,-6.76,1,0.1063,0.1431,0.1335,0.0593,0.5461,121.621,DE
1,269984,0.7041,0.7133,5,-8.88,1,0.1152,0.446,0,0.11,0.3831,95.263,BR
0,291399,0.6477,0.6214,5,-9.818,1,0.0457,0.1816,0.07501,0.2705,0.4311,115.596,DE
0,130145,0.6962,0.5929,1,-6.255,1,0.1552,0.1341,0.12081,0.212,0.4512,125.043,US
0,220388,0.6731,0.6353,8,-7.531,1,0,0.3031,0.14189,0.1242,0.6784,92.186,KR
0,186334,0.5981,0.6891,2,-11.748,1,0.0843,0.0824,0.1188,0.0626,0.5214,120.319,DE
0,155288,0.5368,0.5189,4,-4.984,0,0.0693,0.1412,0.2236,0.1593,0.5152,117.693,DE
1,218686,0.5799,0.8052,8,-7.997,1,0.0387,0.3098,0,0.1644,0.767,139.002,KR
0,188293,0.3546,0.6665,0,-4.884,0,0.0789,0.2045,0.07057,0.0662,0.5992,133.717,JP
1,105071,0.8475,0.9188,9,-5.927,1,0.1134,0.2838,0.04632,0.0978,0.3592,111.963,US
0,193097,0.704,0.7058,9,-5.102,1,0,0.2097,0.16818,0.321,0.7056,153.282,JP
0,225710,0.7362,0.493,4,-10.755,1,0.0738,0.1361,0.14055,0.0954,0.0898,107.566,DE
0,193331,0.6644,0.9134,3,-5.574,0,0.022,0.3703,0.14975,0.196,0.6541,99.279,KR
0,209370,0.6126,0.57,3,-9.132,0,0.073,0.5578,0.10326,0.2414,0.4616,120.635,DE
1,265214,0.8064,0.7966,2,-9.295,1,0.0803,0.1759,0.09472,0.1972,0.1331,140.208,US
1,143049,0.864,0.6434,4,-4.716,0,0.1465,0.1996,0,0.1022,0.7756,117.212,BR
0,289356,0.7752,0.5591,2,-5.614,1,0.1759,0.2924,0,0.387,0.1299,157.405,DE
0,193842,0.7537,0.5202,2,-4.52,1,0,0.3299,0,0.2348,0.6636,111.349,KR
0,201381,0.7098,0.7002,11,-8.118,1,0.1876,0.225,0.02141,0.1828,0.5399,149.962,US
1,227271,0.7278,0.7053,11,-7.837,1,0.0322,0.2855,0.13072,0.1447,0.7623,115.352,BR
0,164417,0.535,0.6956,9,-9.404,1,0.0877,0.304,0.18021,0.3855,0.5911,78.192,KR
0,267023,0.7915,0.9985,8,-4.179,0,0.1431,0.1621,0.07752,0.2256,0.6844,95.764,BR
0,259194,0.5397,0.6289,5,-4.849,0,0.0361,0.3066,0.0647,0.1628,0.4306,99.475,DE
1,235580,0.7643,0.7307,6,-7.225,1,0.1163,0.1395,0.19375,0.2546,0.5437,137.404,BR
0,265376,0.5892,0.5922,5,-6.379,1,0,0.1105,0.05233,0.2662,0.6475,131.674,DE
0,227761,0.5998,0.7718,7,-12.845,1,0.1508,0.3728,0,0.1793,0.4165,123.375,JP
0,234639,0.8534,0.7382,8,-1.968,0,0.0391,0.0733,0,0.1672,0.8517,145.459,KR
0,155637,0.89,0.7603,11,-6.341,1,0.0857,0.1101,0.06996,0.1117,0.6106,102.5,BR
1,201052,0.7321,0.757,8,-7.078,0,0.1273,0.3666,0.16488,0.2161,0.626,145.753,BR
0,243504,0.6015,0.4592,4,-5.566,0,0.1264,0.0132,0,0.1489,0.5448,119.878,DE
0,263783,0.7164,0.777,0,-10.209,1,0.1591,0.0,0,0.1538,0.5398,133.7,US
0,352077,0.6404,0.4935,11,-8.34,0,0,0.5861,0.02739,0.0715,0.3592,107.67,JP
0,199474,0.7619,0.7227,3,-5.918,0,0.1564,0.307,0,0.1166,0.9341,85.732,BR
1,245875,0.6729,0.6016,6,-5.842,1,0.0983,0.2266,0.00586,0.0057,0.4526,139.998,US
0,236992,0.7714,0.8004,8,-10.252,1,0.0009,0.1267,0.03297,0.1956,0.6062,119.509,KR
1,210608,0.6687,0.7699,5,-10.441,1,0.135,0.228,0.00633,0.0,0.4579,108.11,DE
0,265547,0.6974,0.7238,9,-5.011,1,0.1098,0.1172,0.1665,0.1026,0.6628,100.085,BR
1,177094,0.8181,0.8388,9,-3.843,1,0.1262,0.4133,0.07291,0.0,1.0,130.637,US
0,266575,0.56,0.5882,2,-6.87,1,0.1142,0.3489,0.11355,0.0892,0.6301,103.558,JP
1,188253,0.7635,0.6952,8,-10.813,0,0.034,0.1519,0.16781,0.1332,0.5251,133.701,BR
0,186942,0.4587,0.5281,8,-7.612,0,0.0711,0.2888,0,0.0975,0.4337,122.647,JP
0,241267,0.7235,0.6352,6,-8.266,0,0.1122,0.2869,0,0.3432,0.5182,134.52,DE
0,326646,0.6189,0.5704,8,-9.111,0,0.1614,0.51,0.22542,0.0752,0.5618,142.146,DE
0,142270,0.7033,0.7824,4,-6.779,1,0.0876,0.1632,0.04898,0.013,0.4505,115.841,US
0,191911,0.5761,0.9692,4,-7.181,0,0.0692,0.1993,0.10041,0.3993,0.5937,108.786,KR
0,185310,0.5118,0.5065,0,-6.362,1,0.0189,0.3152,0.04624,0.0473,0.404,118.284,DE
0,264195,0.8017,0.7262,3,-6.948,1,0.0813,0.3148,0,0.1244,0.6028,97.094,US
0,148056,0.8054,0.6519,11,-5.541,1,0.1132,0.2829,0,0.0306,0.7351,125.247,BR
0,160772,0.5862,0.7353,5,-4.493,1,0.0714,0.2666,0.19649,0.1555,0.2158,125.111,JP
1,243677,0.6216,0.5977,3,0.626,1,0.0961,0.3006,0.12343,0.0205,0.4291,113.199,KR
0,245158,0.8079,0.6709,4,-11.451,1,0.0353,0.4098,0.0025,0.0356,0.3253,119.602,DE
0,181832,0.806,0.7708,11,-6.153,0,0.0646,0.1816,0.02153,0.2046,0.3987,118.129,DE
0,250965,0.6411,0.5922,9,-10.101,1,0,0.4869,0,0.0636,0.5454,108.992,JP
0,144412,0.6963,0.6589,3,-8.01,1,0.0434,0.1827,0,0.0,0.2624,111.58,DE
1,140547,0.6263,0.8581,5,-1.532,0,0.1216,0.2308,0.07609,0.2726,0.4247,130.526,US
0,218756,0.5452,0.7884,9,-8.817,1,0.0463,0.0793,0.01685,0.0373,0.4273,93.85,KR
1,148440,0.6065,0.7694,11,-6.91,1,0.1284,0.4189,0,0.0429,0.5028,127.675,KR
0,191591,0.5505,0.8175,0,-10.165,1,0.0001,0.3572,0.11594,0.0,0.6669,131.895,JP
0,181476,0.6178,0.6322,4,-12.046,0,0.0426,0.064,0,0.0331,0.7097,101.873,US
0,147751,0.7065,0.7297,8,-5.482,0,0.1689,0.0163,0,0.2512,0.3803,120.602,DE
1,158267,0.3836,0.6723,3,-2.786,1,0.0872,0.4268,0,0.2379,0.349,131.951,JP
0,215475,0.5184,0.7425,8,-11.077,1,0.062,0.3733,0.12644,0.1957,0.4095,114.589,JP
1,159624,0.7254,0.5946,2,-9.765,0,0.1395,0.1459,0.33662,0.0473,0.4181,110.264,US
0,154747,0.6972,0.5065,10,-4.779,1,0,0.3339,0.18342,0.0604,0.2742,137.559,JP
0,215534,0.7784,0.5214,11,-7.013,0,0.0911,0.3288,0.12513,0.3782,0.7051,98.798,KR
0,187561,0.7758,0.7296,3,-9.434,1,0.0712,0.085,0.0088,0.1436,0.7548,125.219,KR
0,188245,0.5375,0.545,11,-6.405,1,0.0792,0.0,0.18576,0.226,0.6133,138.984,DE
1,123734,0.7766,0.7823,2,-4.963,1,0.0334,0.4106,0.04531,0.2917,0.464,102.259,DE
0,233344,0.5975,0.804,0,-7.087,0,0.0568,0.1144,0.18961,0.3402,0.5623,116.225,US
1,260430,0.7498,0.9329,11,-11.716,0,0.1591,0.0138,0.00647,0.1596,0.5424,104.905,US
0,190506,0.5338,0.619,3,-9.745,1,0.0566,0.2732,0.23413,0.0616,0.6182,93.889,KR
0,170952,0.7033,0.6246,4,-9.133,0,0,0.3064,0,0.0,0.2719,146.394,DE
1,201809,0.6269,0.7799,0,-9.564,0,0.0425,0.1424,0.03417,0.1157,0.6884,119.821,US
1,228774,0.505,0.7104,8,-5.422,1,0.1428,0.3147,0.09667,0.187,0.4092,121.795,DE
0,179258,0.4976,0.6607,6,-9.299,0,0,0.3301,0.12554,0.1102,0.4342,123.855,JP
0,248847,0.6898,0.5128,6,-8.288,0,0.1689,0.3064,0.06403,0.0349,0.5598,121.79,JP
0,194411,0.7123,0.8292,7,-9.431,0,0,0.4002,0,0.3351,0.5298,105.754,KR
0,164957,0.4592,0.6163,10,-6.981,1,0.0515,0.3393,0.12066,0.2584,0.6157,119.52,KR
0,278748,0.6394,0.8637,8,-6.042,1,0.0403,0.3602,0.15,0.0,0.5502,92.15,US
0,186869,0.4945,0.6866,10,-6.991,1,0.0104,0.3118,0.12477,0.1439,0.3287,139.49,JP
0,217796,0.6302,0.6294,6,-6.271,1,0.0389,0.2692,0.11719,0.1314,0.7221,97.248,BR
0,224713,0.9138,0.4492,2,-9.313,1,0.1121,0.2146,0.2212,0.3099,0.4003,135.42,DE
1,148849,0.7277,0.7114,0,0.36,1,0.1089,0.1865,0.02829,0.245,0.5886,104.791,BR
0,260620,0.6826,0.87,2,-8.74,0,0.0619,0.511,0,0.1661,0.734,114.741,KR
0,207897,0.5153,0.7749,7,-4.894,1,0,0.2684,0,0.2213,0.2979,108.979,DE
0,173864,0.651,0.6572,5,-10.789,1,0.037,0.2763,0.09235,0.0291,0.4478,140.042,DE
0,254198,0.6706,0.7188,5,-8.822,1,0.0796,0.3866,0.03141,0.2658,0.4923,134.324,DE
0,168509,0.6521,0.6981,9,-7.559,0,0.1706,0.1616,0.10582,0.0623,0.3187,143.237,DE
0,223230,0.8111,0.6735,0,-7.661,0,0.0758,0.2669,0.01256,0.3197,0.3234,132.666,DE
0,281250,0.6592,0.738,4,-6.271,0,0.0722,0.3102,0,0.0,0.51,131.846,DE
1,301349,0.5195,0.6916,5,-11.191,0,0.1164,0.4848,0.10381,0.3087,0.3297,112.779,DE
0,254822,0.6352,0.7128,11,-9.748,0,0,0.1006,0,0.1397,0.4608,110.095,DE
0,226079,0.7279,0.6591,3,-9.712,1,0.1177,0.0988,0.27164,0.228,0.4824,121.53,BR
0,268592,0.4486,0.5275,10,-5.295,1,0.0267,0.2478,0.04238,0.1729,0.4843,121.83,DE
0,200908,0.6079,0.6339,2,-10.248,0,0.0756,0.2794,0,0.1861,0.6419,170.038,JP
0,184941,0.8023,0.6782,5,-5.215,1,0.0331,0.0275,0.00468,0.183,0.5413,119.042,BR
0,219355,0.4288,0.6772,10,-8.456,1,0,0.187,0,0.056,0.2529,117.22,DE
0,192447,0.7522,0.6115,11,-11.132,0,0.0149,0.3985,0,0.2791,0.5568,143.009,DE
0,258388,0.6473,0.6515,1,-7.523,0,0.1168,0.1514,0,0.1921,0.4819,104.114,DE
0,212369,0.711,0.9534,7,-5.984,1,0.0925,0.4537,0.11741,0.0021,0.7964,162.194,JP
1,253935,0.6888,0.6515,6,-6.977,0,0,0.1587,0,0.1376,0.6253,130.791,DE
1,259926,0.4598,0.6824,6,-12.729,1,0.1191,0.3764,0,0.2268,0.5855,131.17,DE
0,263081,0.7177,0.6149,5,-6.411,1,0.0838,0.2055,0.20775,0.1015,0.5864,98.018,BR
0,222673,0.6625,0.6343,11,-2.884,0,0.1539,0.2441,0.01215,0.2402,0.5087,122.013,KR
0,213005,0.57,0.6745,0,-7.56,0,0.073,0.2574,0.06129,0.1192,0.8063,122.346,BR
0,242591,0.6585,0.6203,10,-7.181,0,0.1531,0.3877,0,0.0,0.6712,143.844,JP
0,148940,0.7639,0.7535,4,-6.797,1,0.0651,0.1699,0,0.0571,0.6591,136.963,US
0,148508,0.702,0.8059,9,-8.092,1,0.0416,0.1243,0,0.0279,0.7815,94.138,BR
0,238204,0.5788,0.6137,3,-8.427,1,0.0712,0.3136,0.09846,0.2416,0.4914,86.263,DE
0,178562,0.6873,0.5974,4,-3.46,0,0.0742,0.3528,0.1455,0.0608,0.6188,105.864,US
0,222644,0.6676,0.8501,9,-6.489,0,0.0566,0.5389,0.15327,0.0871,0.6167,85.826,KR
0,229818,0.8703,0.6417,6,-3.386,0,0.0786,0.1613,0,0.0445,0.7001,135.488,BR
0,187684,0.6996,0.6218,8,-5.474,0,0.0819,0.2024,0.12879,0.0622,0.5011,127.919,US
0,196273,0.7016,0.7386,6,-5.055,1,0.1376,0.2166,0.05668,0.2176,0.5145,133.297,KR
0,168893,0.587,0.8532,9,-2.567,1,0.1756,0.1269,0,0.0,0.4672,119.259,KR
1,160856,0.5642,0.6727,3,-8.234,0,0.126,0.308,0,0.1658,0.5599,129.33,DE
0,226423,0.6966,0.7767,1,-8.04,1,0.022,0.402,0.04631,0.2069,0.703,127.867,BR
0,146295,0.5798,0.5078,11,-9.593,1,0.0722,0.1859,0.1781,0.2372,0.24,113.4,JP
0,233752,0.5204,0.7362,6,-4.032,0,0.1185,0.2302,0,0.1407,0.603,135.957,KR
0,199371,0.6485,0.5569,11,-6.597,1,0.0624,0.4767,0.02088,0.2322,0.509,115.758,JP
0,239847,0.7386,0.7185,5,-4.827,1,0.1141,0.2611,0.0935,0.0633,0.6346,124.33,KR
0,259203,0.7478,0.5307,9,-3.019,1,0.0754,0.3133,0.14287,0.1409,0.5512,142.002,DE
1,253578,0.6185,0.9609,10,-4.949,0,0.059,0.0581,0,0.1704,0.5954,136.262,US
0,223105,0.8032,0.9055,2,-4.314,1,0.0154,0.2447,0.05794,0.3651,0.7075,131.89,KR
0,153075,0.8464,0.881,1,-9.343,1,0.0858,0.0514,0,0.2118,0.663,91.177,BR
0,194879,0.819,0.7561,6,-6.087,1,0.0089,0.4249,0.16069,0.3273,0.5593,80.969,KR
0,194522,0.6221,0.8881,5,-10.837,0,0.0281,0.2711,0,0.204,0.663,110.443,BR
1,267886,0.5907,0.7355,7,-5.853,0,0.0523,0.2655,0.15953,0.0954,0.4613,119.526,US
0,228757,0.5298,0.7609,0,-7.731,0,0.0411,0.2381,0.0742,0.1067,0.3959,132.355,US
0,219630,0.8449,0.6269,10,-12.193,1,0.1023,0.1671,0,0.2974,0.4989,110.363,US
0,252994,0.8571,0.6968,5,-5.938,0,0.1379,0.2157,0,0.2126,0.7182,104.133,BR
0,206912,0.8123,0.8675,10,-2.719,0,0.099,0.1036,0.17102,0.1223,0.5982,108.828,BR
0,238206,0.2088,0.8633,6,-1.986,0,0.1772,0.2269,0,0.3728,0.5348,134.501,JP
1,187189,0.703,0.5602,10,-9.161,0,0.0056,0.4159,0.07724,0.1358,0.3229,120.262,JP
0,263272,0.5397,0.5788,8,-5.813,0,0.0569,0.3259,0,0.3055,0.4613,120.445,JP
1,258663,0.5413,0.7288,7,-4.122,0,0.1692,0.2071,0,0.1288,0.7958,132.396,JP
1,292362,0.7345,0.7317,6,-9.484,0,0,0.2388,0.28326,0.1379,0.4321,119.027,KR
0,158014,0.6261,0.536,2,-7.656,0,0.0879,0.4326,0,0.1168,0.5748,126.143,JP
0,150224,0.5789,0.8339,4,-3.18,0,0.1413,0.3242,0.09579,0.0998,0.4908,86.152,KR
0,237770,0.5133,0.5898,6,-9.298,1,0.0495,0.3727,0.01704,0.1502,0.6033,98.757,JP
1,284848,0.5978,0.6857,9,-4.484,0,0.0248,0.2653,0.19344,0.1401,0.3823,114.284,DE
0,168736,0.552,0.8767,11,-6.649,1,0.1616,0.2681,0.11088,0.1816,0.4265,133.482,JP
0,223824,0.3318,0.7178,3,-7.166,0,0.0892,0.3966,0,0.234,0.5263,123.661,US
1,193727,0.7292,0.6609,3,-8.128,1,0.126,0.3946,0,0.2766,0.6002,105.525,US
1,284049,0.6072,0.7409,3,-5.194,0,0.0998,0.2859,0.16952,0.2009,0.4867,133.061,DE
0,201730,0.6432,0.7474,7,-9.012,1,0.1775,0.2382,0,0.0737,0.4349,139.444,US
0,296142,0.6368,0.6648,7,-9.246,0,0.0572,0.1966,0,0.1956,0.4013,121.56,DE
1,218962,0.8326,0.6835,11,-7.488,0,0.1357,0.0,0.07023,0.0649,0.7068,114.783,BR
0,185763,0.8137,0.4266,5,-10.184,1,0.034,0.2362,0,0.0469,0.6203,120.636,BR
0,246419,0.6815,0.5658,7,-12.251,1,0.1702,0.5974,0.00502,0.2623,0.6672,116.862,JP
0,199838,0.5016,0.6281,1,-11.93,1,0.1315,0.2309,0.09274,0.1482,0.4386,154.818,DE
1,194155,0.565,0.9703,6,-7.197,1,0.1076,0.4409,0.14945,0.1171,0.6897,112.576,US
0,211154,0.5775,0.5435,4,-5.191,1,0.0377,0.176,0,0.188,0.5061,132.056,JP
0,239231,0.432,0.5056,7,-3.894,0,0.0491,0.2332,0.08508,0.1257,0.4778,104.577,US
1,303573,0.7794,0.5421,7,-9.663,0,0.1241,0.2666,0,0.2811,0.2826,152.808,DE
1,225053,0.597,0.7068,11,-10.579,1,0.072,0.3612,0.02237,0.1804,0.6183,118.099,JP
0,251909,0.7171,0.722,11,-5.047,0,0.0512,0.3868,0.08789,0.1568,0.8069,143.655,KR
0,198316,0.8964,0.6114,8,-6.222,0,0.1834,0.4119,0.14727,0.2003,0.7767,114.32,BR
0,162378,0.767,0.6507,9,-5.956,1,0.1563,0.2876,0,0.1118,0.6783,112.845,US
0,239714,0.4642,0.5853,3,-5.99,0,0.1746,0.234,0.0274,0.3359,0.5366,130.283,JP
0,205216,0.6324,0.7804,10,-8.923,0,0.1581,0.2281,0.02344,0.2618,0.5781,121.124,JP
0,262559,0.7105,0.5717,10,-9.204,1,0.0033,0.1452,0.01479,0.0793,0.5493,116.031,US
0,82501,0.562,0.6319,5,-3.189,1,0.0353,0.1437,0.08888,0.0968,0.4391,138.706,DE
0,154329,0.6876,0.8333,8,-6.207,1,0.1619,0.4952,0.07067,0.1259,0.5285,99.857,DE
1,289703,0.5579,0.6852,11,-6.528,0,0,0.2808,0,0.1059,0.4969,133.393,JP
0,173173,0.5778,0.7267,0,-12.731,1,0.0024,0.2665,0,0.1583,0.3737,129.4,DE
0,185680,0.8292,0.8185,2,-9.354,1,0.206,0.3323,0.16155,0.2357,0.6842,111.321,BR
1,145326,0.7931,0.7215,8,-7.358,0,0,0.3331,0.09338,0.1872,0.9118,106.693,BR
0,197811,0.8372,0.5037,2,-8.455,0,0.0813,0.2493,0,0.2613,0.6662,115.928,BR
0,167855,0.8276,0.6262,11,-5.865,1,0.0327,0.0,0.04544,0.2247,0.642,97.606,KR
1,229559,0.946,0.7153,4,-4.116,0,0.1032,0.1698,0.17706,0.0626,0.7665,116.023,BR
1,213734,0.8371,0.8525,7,-4.659,0,0.0186,0.0681,0.06996,0.1852,0.6294,109.567,US
1,287334,0.566,0.6961,10,-2.007,0,0.1313,0.1313,0,0.3105,0.3843,106.841,DE
0,201284,0.5378,0.6009,7,-2.802,0,0.0262,0.2774,0.12191,0.2576,0.3475,112.514,DE
1,229803,0.7713,0.8601,10,-4.775,0,0.0827,0.2617,0.13892,0.2307,0.6788,162.144,US
1,202249,1.0,0.6935,4,-3.999,0,0.0957,0.2377,0.04179,0.0973,0.7384,91.214,US
0,210344,0.8206,0.84,7,-10.244,0,0.1741,0.177,0.03379,0.0764,0.2215,108.685,DE
0,331574,0.6273,0.6205,8,-8.02,0,0.0437,0.2293,0.09593,0.4523,0.299,137.947,KR
1,199336,0.6482,1.0,9,-6.663,0,0.0253,0.2883,0.0221,0.1322,0.2836,133.081,DE
0,133958,0.5218,0.7299,3,-9.939,1,0,0.0357,0,0.2227,0.5084,139.171,JP
0,146799,0.7202,0.6326,4,-8.137,1,0.0742,0.2479,0.17815,0.0,0.7226,119.516,KR
0,162925,0.9187,0.5062,4,-7.578,0,0.0281,0.0391,0.17544,0.1818,0.6875,141.605,KR
0,174373,0.8554,0.9128,4,-2.849,1,0,0.2584,0.07205,0.0,0.3725,115.152,KR
0,257370,0.6537,0.7107,3,-4.886,0,0.0773,0.0896,0.15236,0.1704,0.5315,98.946,KR
1,226250,0.7507,0.3832,11,-10.263,1,0.0076,0.0,0.18328,0.1509,0.6087,125.847,BR
1,216104,0.6768,0.7268,3,-3.463,1,0.056,0.2521,0,0.196,0.4899,148.89,DE
1,255777,0.7458,0.7652,0,-6.387,1,0.1375,0.2091,0.12813,0.2428,0.6484,101.185,KR
0,201748,0.5215,0.5935,7,-6.174,0,0.1541,0.4972,0.0811,0.1432,0.3888,137.329,JP
0,178006,0.593,0.8316,7,-8.557,0,0.1557,0.38,0.26695,0.1417,0.5995,113.251,KR
0,255679,0.287,0.7668,11,-6.74,1,0.2459,0.3233,0.16083,0.2392,0.618,85.448,JP
0,242889,0.5142,0.6913,5,-4.804,1,0.1791,0.1986,0.01663,0.0,0.7287,97.501,BR
0,248244,0.6019,0.9637,5,-4.85,0,0.2134,0.2556,0.1812,0.0913,0.2809,145.53,JP
1,213274,0.5432,0.6576,5,-10.573,0,0.2447,0.3746,0.23704,0.2503,0.5372,124.515,JP
1,199859,0.6715,0.7039,1,-7.358,1,0.09,0.0865,0,0.195,0.5322,171.184,US
1,207391,0.7246,0.6989,5,-8.867,1,0.0377,0.0972,0.07181,0.0792,0.7998,115.405,US
0,179535,0.6343,0.8052,2,-9.018,1,0.0544,0.3391,0.01687,0.1723,0.6683,125.334,JP
0,208593,0.7283,0.6267,1,-7.069,1,0.0253,0.3448,0,0.2514,0.7938,130.656,BR
1,212499,0.7288,0.8993,1,-6.321,1,0.0764,0.4195,0.0037,0.0552,0.5418,92.534,DE
0,245559,0.5737,0.7275,3,-6.575,0,0.0707,0.1418,0,0.1891,0.7229,128.134,BR
1,108897,0.7632,0.6717,4,-3.697,1,0.086,0.028,0,0.055,0.659,130.455,BR
1,132656,0.609,0.8183,3,-10.656,1,0.0479,0.1792,0.04609,0.0089,0.4856,84.337,DE
0,242584,0.7516,0.6588,9,-9.215,0,0.0705,0.1575,0.18489,0.0,0.6044,113.315,DE
1,276117,0.5855,0.5049,8,-3.764,1,0.115,0.2471,0.17947,0.1357,0.4287,118.285,JP
0,322380,0.6546,0.6617,10,-9.852,1,0.04,0.2953,0,0.0602,0.4092,127.603,DE
0,223082,0.7068,0.8609,1,-5.18,1,0.1321,0.3267,0,0.1957,0.652,100.044,KR
0,203389,0.7337,0.7566,5,-5.886,0,0.0465,0.2625,0,0.2824,0.6075,109.324,BR
0,106706,0.7865,0.9122,6,-6.568,1,0.0675,0.2543,0,0.0204,0.4336,127.362,BR
0,230979,0.5089,0.7577,4,-6.389,1,0.0119,0.2694,0.07199,0.1168,0.6974,132.91,DE
0,321633,0.888,0.8997,11,-7.104,0,0,0.4372,0.04691,0.2414,0.5036,90.723,BR
0,174625,0.8182,0.7404,10,-5.167,0,0,0.2673,0.03222,0.3247,0.4348,142.191,DE
0,184718,0.4815,0.7804,6,-10.618,0,0.0827,0.4089,0.04142,0.2231,0.3973,80.402,JP
0,299102,0.5239,0.7546,2,-10.735,1,0.1409,0.1213,0,0.1326,0.5745,101.816,US
0,152695,0.6128,0.8373,9,-5.532,1,0.1451,0.0491,0.0368,0.0167,0.3227,134.16,DE
0,155203,0.736,0.9074,7,-6.309,1,0.0585,0.1268,0,0.1235,0.6456,72.263,KR
0,200178,0.6115,0.4552,1,-6.466,1,0.0381,0.4082,0.12714,0.0785,0.4242,128.425,JP
1,267957,0.7739,0.7537,3,-6.519,1,0.0691,0.1876,0.10825,0.0634,0.7484,136.832,BR
1,196536,0.6104,0.5576,0,-5.742,1,0.0565,0.2531,0.19056,0.2091,0.5502,130.862,JP
0,209752,0.436,0.6818,7,-7.661,1,0.093,0.4449,0,0.242,0.7098,145.964,KR
0,191467,0.6032,0.5457,5,-4.744,0,0.1481,0.3747,0,0.1229,0.4823,123.028,DE
0,154886,0.6599,0.9805,4,-7.222,1,0.1489,0.0983,0.08411,0.1835,0.7062,147.92,US
0,315465,0.4713,0.9029,6,-7.154,1,0.0432,0.0635,0.04833,0.2299,0.7096,113.169,KR
0,223516,0.7928,0.8717,4,-9.56,0,0.0302,0.2011,0.05767,0.3193,0.6107,143.269,KR
1,213309,0.8007,0.6509,7,-12.054,0,0.0701,0.2554,0,0.1793,0.5733,134.776,JP
0,195603,0.7698,0.572,2,-5.417,1,0.1366,0.0465,0,0.3222,0.336,120.09,US
0,163268,0.6121,0.6977,3,-10.216,1,0.0956,0.1825,0.10792,0.2677,0.5224,122.229,KR
0,154052,0.782,0.7438,4,-7.507,0,0,0.2656,0.08743,0.1129,0.5204,132.475,BR
0,228604,0.6959,0.6945,1,-9.882,0,0.1112,0.2761,0.03641,0.3155,0.9131,116.627,BR
1,142798,0.498,0.6607,7,-3.182,0,0.1177,0.2445,0,0.2524,0.6079,140.685,DE
0,202453,0.7043,0.7607,1,-5.343,0,0.109,0.2312,0.0123,0.236,0.3863,139.127,KR
0,141421,0.7264,0.6889,10,-10.913,1,0.0738,0.2571,0.14065,0.0986,0.5214,124.178,US
0,317852,0.7923,0.6488,7,-10.731,0,0.0379,0.2256,0,0.0568,0.6284,108.683,BR
1,237298,0.6326,0.753,8,-5.714,0,0.1109,0.1457,0.01797,0.0,0.5518,122.023,US
1,183785,0.7646,0.6753,6,-9.465,0,0.1214,0.333,0.21749,0.0,0.5333,138.31,US
0,218912,0.6559,0.8112,0,-10.452,0,0.1326,0.1508,0.12557,0.2034,0.5525,128.852,US
0,154686,0.9766,0.9329,10,-10.473,1,0.2246,0.2906,0,0.1754,0.6571,157.116,US
0,262188,0.5635,0.552,0,-6.743,1,0.077,0.4417,0.1252,0.0985,0.447,145.255,JP
0,177055,0.8035,0.6853,4,-9.47,1,0.0845,0.0913,0.05574,0.0694,0.4967,138.506,JP
1,213680,0.5631,0.7751,1,-4.864,1,0.2257,0.356,0.08931,0.1652,0.2043,126.156,DE
0,152714,0.5895,0.52,6,-4.626,1,0.1156,0.2392,0.04564,0.1164,0.3784,179.164,JP
0,278171,0.5665,0.7389,10,-9.917,0,0.0592,0.212,0.03297,0.1845,0.5659,126.156,KR
0,141414,0.4999,0.791,4,-8.736,1,0.1121,0.2178,0.19848,0.2218,0.6247,107.284,BR
0,253791,0.6023,0.6298,7,-4.901,0,0.1514,0.2606,0.10746,0.1192,0.4991,133.689,KR
0,180447,0.5507,0.6921,0,-6.377,1,0.0788,0.4604,0.0684,0.0737,0.7607,121.847,KR
1,234431,0.5845,0.7228,11,-8.211,0,0.1454,0.1845,0,0.1727,0.1723,119.892,US
0,260375,0.6811,0.8011,0,-8.366,1,0.0514,0.3279,0.1846,0.2482,0.5261,119.284,JP
0,232896,0.59,0.91,2,-6.762,0,0.0373,0.3202,0.09225,0.2452,0.5012,119.178,KR
0,92165,0.8526,0.7088,8,-7.816,0,0.1293,0.3807,0,0.2694,0.6473,129.702,BR
0,218758,0.6213,0.9069,8,-13.144,0,0.1554,0.2965,0.13526,0.3045,0.6746,108.906,BR
0,206072,0.4224,0.674,7,-7.35,0,0.1106,0.0,0.09294,0.1171,0.795,125.672,KR
0,216386,0.7744,0.6819,9,-5.012,0,0.0552,0.3288,0.18474,0.0608,0.4671,125.319,KR
0,224127,0.5158,0.8331,11,-11.378,0,0,0.4824,0.11344,0.2299,0.5849,123.899,DE
1,219809,0.8134,0.7637,4,-5.218,1,0.1526,0.2432,0.06874,0.1533,0.6397,112.719,BR
0,285648,0.6873,0.8146,8,-11.884,1,0.1739,0.0831,0,0.1451,0.8862,90.567,BR
0,179188,0.601,0.676,4,-5.132,0,0.14,0.0184,0.06807,0.0897,0.5649,122.332,US
1,198311,0.6808,0.6271,11,-9.092,1,0.1249,0.1234,0,0.0825,0.6643,132.383,BR
1,149481,0.7334,0.9346,5,-5.518,0,0.1432,0.2279,0.15217,0.2641,0.4769,117.062,US
0,103494,1.0,0.9881,0,-6.835,1,0.174,0.0984,0.09005,0.1298,0.4306,86.168,BR
0,185582,0.7013,0.7971,0,-8.706,1,0.1019,0.3931,0,0.2403,0.2549,129.728,JP
1,198654,0.8502,0.6547,8,-6.002,1,0.1834,0.3021,0.09007,0.1303,0.6088,127.066,BR
1,160303,0.7547,0.5626,5,-13.192,0,0.0742,0.1199,0.1888,0.1455,0.4472,87.585,US
0,283899,0.6106,0.7042,0,-8.043,0,0,0.3079,0.12743,0.1808,0.5519,129.046,JP
0,236717,0.7374,0.7224,6,-8.369,0,0.0927,0.0849,0,0.0627,0.6504,127.83,BR
0,226930,0.9286,0.7673,3,-5.049,0,0.0662,0.2274,0,0.2136,0.7152,117.08,BR
0,227483,0.5138,0.7444,9,-2.36,0,0.1139,0.3788,0.08786,0.1573,0.5261,148.795,JP
0,223988,0.7137,0.7691,11,-7.465,0,0.1243,0.3017,0.04412,0.0732,0.823,116.555,DE
0,143153,0.677,0.5441,9,-3.914,1,0.2134,0.287,0,0.2093,0.2777,89.013,JP
0,161192,0.5772,0.5868,10,-6.044,0,0.0852,0.2609,0.15426,0.3148,0.4558,138.733,DE
0,211176,0.564,0.6502,2,-7.096,1,0.1752,0.2827,0,0.0616,0.4483,129.983,DE
0,261118,0.3496,0.7945,4,-8.143,1,0.1484,0.3352,0.06696,0.1842,0.5651,143.217,JP
0,238929,0.5962,0.5473,7,-7.051,0,0,0.2068,0.09212,0.0,0.5047,135.33,DE
0,270585,0.7303,0.8698,4,-7.134,1,0,0.18,0.00527,0.1695,0.5002,105.091,US
1,147006,0.6926,0.7844,6,-11.507,0,0.0196,0.2635,0.11154,0.1543,0.5188,116.561,US
0,203942,0.7719,0.5201,6,-3.408,0,0.1051,0.15,0,0.1146,0.7493,102.074,BR
0,171770,0.7189,0.8092,1,-6.543,1,0.0512,0.21,0.01726,0.3044,0.3307,113.367,DE
0,212694,0.6541,0.7366,8,-6.341,0,0,0.0707,0,0.2926,0.442,148.117,DE
0,290086,0.8414,0.9412,8,-8.791,0,0.1021,0.3165,0.08542,0.0407,0.7948,105.179,BR
0,222883,0.7365,0.6715,0,-9.595,1,0.0512,0.0294,0.02075,0.1773,0.7685,106.425,KR
0,197088,0.5421,0.7994,8,-6.553,0,0.1026,0.1806,0,0.126,0.371,113.33,DE
0,261290,0.7998,0.8436,0,-9.172,1,0.1045,0.2178,0.06998,0.0745,0.4072,111.551,KR
0,143825,0.7304,0.7247,1,-5.522,1,0.0509,0.1163,0.12431,0.247,0.3092,90.008,KR
0,236864,0.459,0.554,11,-7.756,0,0.0084,0.4923,0,0.175,0.6179,133.093,JP
0,176455,0.7351,0.799,0,-7.967,0,0.0477,0.294,0,0.2149,0.6935,138.65,US
0,190685,0.8958,0.6289,5,-8.599,1,0.1119,0.2874,0.07413,0.0615,0.7001,125.047,BR
1,186383,0.6348,0.6334,4,-9.771,0,0.068,0.2606,0,0.3184,0.5839,139.22,DE
0,261624,0.7129,0.6301,3,-9.684,0,0.1175,0.0,0,0.0419,0.5973,121.648,BR
0,162937,0.5792,0.4457,1,-9.04,0,0.0889,0.4203,0,0.1625,0.7938,142.748,JP
0,272951,0.5759,0.8182,6,-9.86,0,0,0.24,0.15084,0.1626,0.6531,120.327,KR
0,200132,0.8964,0.7749,6,-9.928,0,0.0573,0.4048,0,0.0799,0.8487,115.969,BR
0,240556,0.6413,0.6515,4,-4.958,0,0.1062,0.213,0.20139,0.0267,0.705,107.456,BR
0,252299,0.6474,0.8239,10,-3.136,1,0.1199,0.3723,0,0.2866,0.3652,96.988,BR
0,216927,0.7435,0.7119,1,-8.644,1,0.1379,0.1941,0.06526,0.0601,0.6925,111.396,BR
1,144553,0.7442,0.7003,1,-7.922,1,0.1543,0.2986,0.04746,0.3028,0.4452,149.423,BR
1,239872,0.8864,0.5141,3,-4.888,1,0.1226,0.0495,0.0583,0.057,0.7547,129.741,BR
1,197491,0.651,0.5407,4,-6.983,0,0.1338,0.3607,0.10341,0.2407,0.383,122.57,JP
0,167550,0.621,0.5613,5,-9.463,0,0.1696,0.3201,0,0.0,0.5776,153.208,DE
0,224540,0.5593,0.6894,1,-2.515,1,0.1226,0.2057,0.07616,0.378,0.4589,172.836,DE
0,139728,0.6659,0.6823,3,-2.856,0,0.1062,0.0,0,0.1125,0.5264,98.171,KR
0,199269,0.5354,1.0,7,-4.165,1,0.1386,0.324,0.06452,0.0012,0.7972,104.343,BR
1,213090,0.5647,0.6945,10,-9.466,0,0.1601,0.2721,0,0.1895,0.6421,123.554,DE
0,210654,0.7772,0.7363,8,-5.732,0,0.0168,0.2858,0.15919,0.1323,0.6569,71.448,KR
0,207761,0.6561,0.656,9,-9.205,0,0.0047,0.3981,0,0.146,0.5621,171.297,KR
0,228851,0.8254,0.7127,4,-9.038,1,0.1936,0.2832,0.00702,0.0478,0.9321,119.444,BR
1,203866,0.5004,0.6632,5,-8.329,1,0,0.168,0.22059,0.0611,0.4313,97.79,KR
0,206849,0.599,0.6937,1,-7.141,0,0.1012,0.314,0.20429,0.3786,0.4775,116.923,KR
0,262708,0.5574,0.7073,7,-4.265,0,0.0225,0.309,0.07221,0.164,0.3611,148.777,JP
0,250445,0.6514,0.7465,2,-4.349,1,0.0525,0.0,0.09824,0.1132,0.4119,130.708,US
0,155086,0.7037,0.7153,7,-4.096,0,0,0.279,0,0.1612,0.743,162.837,US
0,148278,0.5021,0.7923,1,-3.961,1,0.0494,0.2922,0.17102,0.0251,0.5042,114.392,KR
0,141560,0.6763,0.5266,6,-8.28,0,0.0795,0.2272,0,0.2685,0.6007,140.96,DE
0,173455,0.6313,0.75,11,-9.506,1,0.1348,0.2202,0.01512,0.2221,0.502,124.336,DE
0,212605,0.7344,0.6127,7,-10.082,1,0.1784,0.0507,0,0.09,0.7896,126.288,BR
0,260687,0.7487,0.7473,2,-11.159,1,0.0294,0.2818,0,0.0775,0.698,108.34,JP
1,232805,0.7819,0.7752,8,-5.429,0,0.1543,0.0507,0.09814,0.2893,0.9606,115.679,BR
0,164913,0.8886,0.7732,10,-4.201,0,0.0451,0.0,0,0.1619,0.7252,85.074,BR
0,148457,0.6438,0.7188,11,-6.016,1,0.1041,0.2997,0.08338,0.0401,0.7363,137.624,KR
0,151552,0.6628,0.6354,4,-3.631,1,0.1191,0.0,0,0.0884,0.5945,101.778,BR
0,214001,0.4461,0.7021,3,-5.256,1,0.1584,0.2563,0.22105,0.0824,0.4662,106.525,DE
0,112881,0.7833,0.6574,5,-9.231,0,0.0674,0.1467,0,0.0,0.5836,128.444,US
0,228028,0.6802,0.5907,0,-7.536,1,0.0626,0.2247,0.02138,0.3221,0.2546,144.703,US
0,235041,0.5182,0.6366,1,-11.107,1,0.1249,0.212,0.04925,0.1654,0.9109,147.955,US
0,185981,0.878,0.6615,10,-4.734,1,0.0368,0.3009,0.06933,0.2112,0.5602,98.911,BR
0,213095,0.5832,0.5156,11,-7.425,0,0.0811,0.3401,0.09391,0.0,0.305,142.535,JP
1,200243,0.7024,0.6726,6,-6.443,1,0.1012,0.4048,0,0.204,0.5811,106.643,US
0,119164,0.4122,0.6684,6,-7.924,0,0.061,0.2795,0,0.0939,0.7153,153.325,JP
1,236202,0.6732,0.8178,3,-4.644,1,0.1182,0.091,0.03294,0.1903,0.7744,128.535,BR
0,189561,0.5022,0.5868,9,-6.291,1,0.0669,0.2661,0.13958,0.1179,0.5985,132.029,DE
0,233158,0.6487,0.4413,3,-10.538,0,0,0.2335,0,0.138,0.1827,132.761,DE
0,175411,0.6172,0.683,6,-4.737,1,0.0181,0.22,0.17999,0.4231,0.5292,120.452,DE
1,212226,0.6282,0.7299,5,-7.891,1,0.0262,0.228,0.06788,0.1586,0.6352,107.063,KR
0,255466,0.5094,0.9341,6,-4.51,1,0.0867,0.0748,0.06732,0.1676,0.6934,136.753,KR
0,121911,0.7381,0.5382,1,-10.69,0,0.0205,0.3392,0,0.275,0.4592,120.44,JP
0,168995,0.7711,0.6531,8,-9.153,0,0.0886,0.1624,0,0.047,0.4893,134.227,KR
0,166471,0.8074,0.8154,7,-6.705,0,0.0476,0.3641,0.03472,0.2364,0.5766,94.954,US
1,272048,0.7374,0.4648,7,-10.641,0,0.1735,0.2496,0.18809,0.1399,0.3913,108.342,DE
0,262558,0.6387,0.961,0,-7.258,1,0.1139,0.1208,0.19758,0.0418,0.4294,132.895,DE
0,193954,0.816,0.7106,9,-10.793,1,0.0819,0.2064,0.13602,0.0875,0.6278,113.445,BR
0,195442,0.6774,0.6784,9,-7.003,1,0,0.2677,0.13712,0.1462,0.3359,127.464,DE
1,227528,0.7181,0.9138,6,-5.268,0,0.0043,0.232,0.00146,0.1204,0.6195,134.68,US
0,175467,0.5986,0.8394,9,-7.859,1,0.1713,0.0898,0.08981,0.2462,0.4684,127.082,JP
1,239424,0.6066,0.7854,2,-1.361,0,0,0.2502,0.01322,0.0529,0.3699,117.355,US
0,239241,0.8068,0.732,4,-11.108,0,0.0641,0.1333,0.06031,0.1174,0.5873,117.767,KR
1,242097,0.5934,0.553,10,-9.596,1,0.0991,0.1393,0,0.0419,0.4628,135.121,US
0,256587,0.6063,0.9414,9,-6.632,1,0.0833,0.3536,0.19691,0.0493,0.8318,158.839,KR
0,216678,0.845,0.8069,5,-6.041,1,0.1123,0.0,0.00079,0.2553,0.4458,111.324,KR
0,280540,0.6746,0.8062,5,-8.739,0,0.1312,0.2194,0,0.144,0.5579,137.731,KR
1,178897,0.6988,0.5858,2,-4.793,0,0.1471,0.1022,0.15453,0.1754,0.4533,100.62,DE
0,278908,0.5225,0.5731,5,-4.923,1,0,0.2462,0.08659,0.202,0.564,156.966,JP
0,253466,0.6953,0.77,3,-6.868,0,0.0369,0.0812,0.2208,0.1865,0.6723,95.609,US
0,113921,0.6744,0.6905,8,-11.875,1,0.0966,0.4347,0.05921,0.2672,0.3533,118.015,JP
0,254491,0.5597,0.7729,2,-8.533,0,0.1079,0.0011,0,0.017,0.8309,118.461,US
0,176879,0.9404,0.6482,10,-5.756,1,0.0956,0.085,0.0812,0.0757,0.7278,128.463,BR
1,213409,0.7963,0.8712,4,-7.804,1,0.124,0.0426,0.0664,0.1095,0.4514,103.238,BR
1,226666,0.7166,0.5942,0,-12.373,1,0,0.0883,0.08981,0.2892,0.5294,126.172,US
