amount,age,tenure_months,num_claims,credit_score,distance_km,channel,label
983.86,36,62,1,442,13.1,0,0
1698.48,46,8,0,395,9.3,0,0
343.2,64,166,3,525,10.7,1,0
1262.49,70,40,3,648,15.7,1,0
2510.11,24,97,0,667,10.4,1,0
2052.38,53,31,3,380,40.6,1,0
993.96,55,49,0,346,33.9,0,0
4136.78,74,25,3,584,12.7,1,0
247.28,32,171,1,373,48.9,0,0
1254.47,36,163,1,632,64.5,0,0
2479.47,36,16,1,880,27.0,1,0
1917.71,60,117,0,571,20.4,0,0
114.81,56,109,3,670,8.3,0,0
2329.32,67,12,0,456,55.6,0,0
720.24,43,152,5,841,26.8,1,0
1346.16,65,29,1,648,15.3,0,0
1265.98,65,67,0,819,22.7,0,0
558.29,57,50,0,682,74.5,0,0
1529.92,19,153,2,800,28.4,0,0
1640.59,70,78,1,359,108.2,0,0
1799.85,50,17,0,431,14.5,1,0
2133.96,57,108,1,852,62.2,0,0
602.83,42,112,5,423,55.4,0,0
149.57,33,150,1,307,65.3,0,0
1722.46,21,84,0,826,25.4,0,0
659.49,65,146,5,548,24.6,1,0
1447.73,46,90,3,720,36.8,1,0
3258.49,60,25,0,712,39.4,1,0
1956.66,53,114,0,732,36.5,0,0
1204.13,47,140,0,351,110.6,0,0
3808.69,29,104,5,792,14.7,0,0
1935.92,19,99,1,765,6.2,1,0
5947.41,54,169,5,458,14.8,0,1
3135.55,53,15,2,358,9.7,0,0
1735.41,29,14,0,490,18.6,0,0
702.61,26,145,1,892,6.1,0,0
535.46,52,80,1,509,45.7,1,0
575.73,38,117,2,374,56.4,0,0
6195.4,23,137,1,818,18.7,1,0
869.98,34,94,1,461,32.3,1,0
606.24,70,167,0,867,32.7,1,0
3648.42,35,29,0,866,69.7,0,0
686.4,32,175,1,817,18.9,1,0
1605.93,59,108,1,345,13.0,0,0
4052.71,29,113,3,874,101.8,0,0
3363.28,28,139,0,678,0.7,0,0
2579.62,78,10,2,515,29.9,0,0
34.78,74,104,0,542,60.8,0,0
2354.22,20,45,2,721,56.7,0,0
1366.94,74,9,5,527,1.4,0,0
40.44,69,58,1,324,28.4,0,0
1098.29,68,71,2,821,34.9,1,0
1946.79,20,29,1,482,9.8,1,0
65.04,69,80,3,823,1.0,0,0
180.41,64,111,0,832,5.8,0,0
3205.34,40,159,2,427,45.2,1,0
535.2,63,75,0,496,10.8,1,0
606.65,30,157,1,715,65.7,0,0
1851.88,57,167,2,776,88.0,1,0
1583.97,76,43,0,590,64.1,1,0
2248.04,38,57,1,450,11.3,0,0
3251.53,68,18,5,724,14.5,0,0
69.82,28,167,0,409,46.9,1,0
1971.82,48,12,1,424,38.2,1,0
600.83,54,152,2,753,30.8,1,0
1855.99,66,121,5,565,5.3,0,0
755.81,50,160,1,581,88.3,1,0
934.1,39,138,0,441,51.1,0,0
389.93,23,106,3,638,38.8,1,0
1619.54,76,149,0,889,60.2,1,0
2382.5,43,107,1,799,8.1,0,0
282.54,61,173,3,469,23.6,1,0
3040.4,77,100,0,385,14.0,1,0
732.05,43,83,1,765,23.1,1,0
2081.16,72,107,1,383,2.2,1,1
5069.0,41,57,0,341,22.3,0,0
1295.23,28,61,0,784,27.7,0,0
1665.02,68,94,0,417,80.8,0,0
1466.21,38,147,3,706,25.7,0,0
431.82,25,178,1,423,32.3,0,0
99.65,51,165,2,312,36.7,1,0
4208.59,59,117,0,745,82.7,0,0
2362.36,70,137,5,776,13.2,1,0
93.98,34,22,1,761,0.6,0,0
816.92,40,7,5,632,5.2,0,0
490.2,36,152,1,869,44.5,0,0
1603.53,45,125,1,787,47.7,1,0
2444.91,44,177,1,613,23.6,1,0
349.58,66,140,2,660,11.9,1,0
1193.29,31,80,0,848,40.3,0,0
1113.67,56,134,1,402,12.1,0,0
383.37,64,136,0,580,46.0,0,0
990.2,27,163,5,405,0.3,0,0
386.67,30,13,1,789,28.2,0,0
722.34,59,175,0,455,29.2,0,0
1800.89,34,30,3,531,14.7,1,0
1584.76,46,78,0,401,47.9,0,0
1143.28,34,44,0,460,36.4,0,0
571.65,21,59,1,589,21.8,1,0
1322.25,69,160,1,735,51.2,0,0
767.03,71,36,0,361,50.0,0,0
1113.01,77,73,5,427,21.9,1,0
85.89,51,138,5,748,70.9,0,0
3076.7,57,64,0,393,21.7,0,0
2209.31,20,172,1,890,24.9,0,0
2021.92,47,71,0,899,63.1,1,0
544.73,41,104,2,628,20.9,0,0
90.91,37,169,3,863,74.0,0,0
677.24,68,103,0,855,52.5,1,0
1743.32,67,127,5,352,55.0,0,0
2040.63,75,178,5,424,44.2,0,0
340.19,29,79,0,865,1.3,1,0
4510.39,48,30,0,810,15.7,1,0
782.6,49,62,5,864,95.1,0,0
2776.1,75,34,0,582,2.5,1,0
1477.67,19,72,1,893,10.7,1,0
429.93,40,141,3,766,35.2,1,0
2300.03,43,59,3,344,16.4,1,0
439.37,43,169,0,807,50.2,0,0
2515.63,25,112,0,838,12.2,1,0
3073.09,28,19,5,571,83.7,1,0
709.19,40,172,3,624,29.8,1,0
1750.44,59,175,1,532,23.4,0,0
2932.13,74,25,5,470,52.9,1,0
3764.25,37,91,2,741,40.3,0,0
732.13,30,43,0,380,51.8,1,0
1390.81,28,59,5,560,108.2,1,0
3905.98,76,73,0,375,24.3,1,0
2460.95,46,176,1,767,17.4,1,0
90.63,34,97,2,888,50.5,1,0
38.39,61,101,1,308,126.0,0,0
1113.95,76,73,1,660,55.6,0,0
436.94,65,168,0,399,21.5,0,0
639.71,65,33,0,602,39.1,1,0
1559.72,53,93,1,468,39.0,1,0
4885.85,37,86,0,779,16.0,0,0
4109.57,65,172,3,870,3.4,1,0
272.98,26,116,2,568,39.3,1,0
1868.4,33,120,0,874,13.0,1,0
1297.0,71,118,1,718,34.2,0,0
2405.8,50,29,0,540,8.7,0,0
1325.15,63,138,3,458,90.8,1,0
2241.23,36,8,2,522,27.8,1,0
1324.08,62,94,2,362,57.8,1,0
4786.82,71,116,0,517,0.6,0,0
1052.73,69,144,1,370,123.8,0,0
1621.61,68,37,0,583,6.9,0,0
1399.73,26,169,0,434,2.1,0,0
1678.24,20,44,1,353,31.8,0,0
1248.87,49,114,2,825,9.2,0,0
1568.56,65,168,1,769,74.4,0,0
306.92,62,27,5,754,25.3,0,0
827.91,27,70,2,690,40.4,1,0
659.42,63,29,1,740,8.8,1,0
1209.46,44,106,0,620,58.6,1,0
1085.82,62,121,0,393,119.1,0,0
3219.16,70,33,0,900,57.4,1,0
1384.18,67,108,0,594,63.2,1,0
284.38,61,123,1,410,7.0,1,0
512.76,55,57,3,874,70.2,0,0
62.43,20,46,1,616,31.5,1,0
1548.47,61,102,0,445,40.2,0,0
230.62,48,87,0,678,12.6,1,0
1525.96,24,13,0,461,31.1,0,0
894.19,50,155,5,724,78.3,1,0
176.15,26,72,5,839,17.1,1,0
405.06,19,52,1,516,53.1,0,0
1013.95,50,110,0,432,39.6,1,0
1439.15,61,90,0,706,70.8,0,0
615.24,39,147,3,887,24.0,1,0
554.99,20,83,0,771,29.8,1,0
1826.59,56,102,0,705,4.8,1,0
1663.15,23,130,0,843,88.4,0,0
213.79,71,165,0,541,72.3,0,0
1862.66,67,167,0,481,71.4,1,0
618.14,62,144,2,623,0.5,0,0
878.92,69,70,0,660,31.0,0,0
709.86,72,73,0,392,24.1,1,0
1304.19,76,10,5,885,3.7,0,0
352.19,22,115,0,651,23.5,0,0
1729.25,47,112,0,672,46.7,1,0
767.64,62,153,0,642,64.9,0,0
185.66,35,168,0,641,5.9,0,0
2077.55,60,178,3,432,48.8,0,0
698.37,71,32,0,733,69.6,1,0
132.49,40,124,1,531,111.6,0,0
450.15,51,138,0,644,87.6,0,0
1736.22,63,159,0,748,40.8,0,0
706.92,47,156,1,759,6.4,0,0
204.32,49,49,2,884,87.7,1,0
908.23,52,107,0,504,58.5,0,0
2825.46,42,141,0,828,34.7,0,0
1298.56,76,131,0,747,11.8,0,0
1487.18,41,6,3,354,63.1,1,0
1632.0,42,57,0,626,148.6,0,0
361.5,27,9,1,783,37.3,0,0
834.56,76,20,0,562,30.7,0,0
1105.09,52,108,0,595,0.5,0,0
2695.3,69,159,5,364,32.3,0,0
659.01,59,131,1,447,20.1,1,0
364.4,45,47,0,836,0.4,1,0
560.95,51,141,0,699,12.2,1,0
101.0,66,4,2,369,45.2,1,0
813.26,56,85,0,345,4.4,1,0
1561.6,68,175,5,790,2.9,0,0
3594.11,48,9,1,506,46.7,0,0
2184.15,38,131,3,856,2.9,1,0
1220.2,41,12,2,579,6.0,0,0
198.78,47,98,2,491,35.6,1,0
601.71,36,21,3,380,72.9,1,0
2027.02,39,26,0,635,25.1,1,0
63.43,63,113,2,757,5.3,0,0
2960.65,46,70,0,376,9.1,1,0
1913.97,20,36,5,335,37.3,0,1
1455.35,43,145,0,457,17.6,1,0
565.94,55,35,2,707,68.9,1,0
1201.8,66,47,5,830,39.6,1,0
3113.3,64,114,1,592,66.6,1,0
1587.09,30,113,0,627,31.8,1,0
18.42,38,40,0,670,9.8,0,0
1448.66,69,126,0,669,40.8,1,0
1986.38,75,22,0,616,17.8,1,0
843.93,68,104,0,428,27.9,1,0
953.77,41,32,0,432,38.7,1,0
3114.19,52,39,1,468,35.6,0,0
850.59,52,72,0,556,15.7,0,0
463.51,38,157,0,814,13.5,0,0
396.27,58,154,2,877,8.1,0,0
1650.32,60,147,1,515,22.2,1,0
4288.36,53,74,1,794,35.9,0,0
699.37,23,176,0,461,10.8,1,0
133.9,28,80,2,653,28.1,1,0
123.53,39,61,5,425,57.3,1,0
1506.08,43,157,3,554,30.0,0,0
3392.5,31,40,5,827,5.8,1,0
1083.19,44,129,5,546,28.1,0,0
2362.78,57,167,5,592,29.8,0,0
1616.15,65,93,3,674,54.8,0,0
307.67,54,73,0,695,8.8,1,0
362.86,62,156,0,431,138.2,0,0
1580.01,42,36,1,821,15.0,1,0
1981.61,40,121,5,452,26.1,0,0
522.79,58,76,2,819,4.5,1,0
350.91,42,84,0,726,90.0,1,0
846.44,20,152,5,571,40.3,0,0
406.23,59,158,3,451,7.7,0,0
1885.8,20,112,2,728,13.8,0,0
1705.85,58,120,0,441,65.3,0,0
2911.19,43,80,0,770,19.5,1,0
154.87,62,164,1,795,51.9,0,0
971.07,38,73,1,800,53.1,1,0
2052.2,65,70,1,424,14.6,1,0
111.91,68,37,1,343,42.6,1,0
4194.18,60,65,5,519,63.3,0,0
944.82,36,35,0,900,70.9,0,0
309.01,59,59,0,402,23.1,1,0
1034.08,27,1,0,716,30.4,1,0
2407.32,39,73,0,391,117.9,0,0
607.63,77,44,3,480,72.6,0,0
199.59,78,74,0,309,48.2,1,0
4545.0,37,116,5,437,91.3,1,1
1685.49,65,117,1,490,13.4,0,0
1692.24,67,49,0,715,30.1,1,0
3108.09,30,35,5,631,50.8,0,1
14.51,36,84,1,896,49.1,0,0
500.32,61,30,5,614,42.7,0,0
1985.06,64,79,0,602,18.7,1,0
1354.83,28,116,2,725,41.0,1,0
2099.64,67,63,0,838,50.8,1,0
963.31,26,15,1,886,88.2,0,0
2188.69,62,52,5,393,14.2,1,0
523.5,48,144,0,872,33.8,1,0
1087.52,35,0,1,892,27.8,0,0
895.28,22,17,5,332,32.0,1,0
1503.96,65,165,3,683,47.7,1,0
2466.87,24,174,0,656,0.6,0,0
590.06,65,57,0,323,8.6,1,0
895.9,43,58,1,771,21.2,1,0
2353.66,67,28,0,729,95.6,0,0
3036.54,47,153,0,550,42.0,0,0
1303.15,74,14,0,815,47.9,1,0
2900.3,55,153,2,542,6.3,1,0
3013.26,45,76,1,362,15.6,0,0
374.56,41,164,3,837,40.7,1,0
138.05,30,137,5,546,38.4,0,0
484.7,77,14,3,726,49.9,0,0
1157.85,24,115,2,394,55.8,0,0
265.17,21,18,1,872,58.0,0,0
2120.78,77,3,1,494,6.3,0,0
1290.5,63,154,1,706,68.7,0,0
1434.38,53,166,2,615,18.7,1,0
2444.96,70,120,2,508,10.1,1,0
4074.01,66,37,0,567,42.6,1,0
1559.73,55,62,5,863,47.3,1,0
2899.88,60,125,5,472,73.9,1,1
877.98,77,138,0,836,25.5,0,0
3672.37,22,1,3,440,53.2,0,1
1813.94,48,95,0,794,42.8,1,0
312.68,20,135,1,848,11.7,1,0
2068.05,70,45,0,398,35.2,0,0
364.87,41,68,3,380,0.9,1,0
117.14,63,57,1,382,27.6,0,0
180.99,22,163,0,475,54.9,0,0
1204.24,55,24,0,535,48.3,0,0
511.77,36,11,0,587,28.4,0,0
1357.22,32,150,0,707,14.3,0,0
585.41,73,99,2,693,0.2,0,0
974.39,66,88,0,400,5.0,1,0
3016.09,58,152,3,634,45.1,0,0
1543.47,33,91,3,742,22.8,0,0
862.05,58,75,1,375,5.7,0,0
713.99,28,99,2,669,67.9,0,0
2723.7,67,69,0,435,4.8,0,0
610.4,45,26,0,391,36.1,1,0
955.38,74,98,0,598,20.1,1,0
3980.65,76,62,0,689,63.7,0,0
647.84,23,42,3,582,64.2,1,0
1489.4,34,160,5,500,17.1,1,0
31.48,40,158,3,637,111.8,1,0
2388.4,57,34,1,628,52.6,0,0
1863.93,39,74,5,889,56.2,0,0
701.66,42,29,1,858,89.0,0,0
2327.14,48,53,5,598,10.6,0,0
1635.4,50,35,1,547,19.4,1,0
626.55,23,114,5,896,48.9,1,0
3884.79,45,139,0,668,17.3,0,0
1224.65,29,165,0,876,79.1,1,0
112.4,25,2,0,564,82.2,0,0
763.42,55,56,5,683,13.8,1,0
216.14,28,88,0,794,35.4,0,0
1758.0,72,36,2,619,11.9,1,0
1661.2,49,24,5,763,64.3,1,1
3470.23,20,87,0,468,37.5,0,0
74.01,46,118,1,714,8.5,0,0
372.08,66,157,1,760,13.5,1,0
914.3,67,180,0,891,6.1,0,0
193.23,31,117,0,568,11.2,1,0
97.72,58,100,0,656,21.4,1,0
835.61,64,76,0,437,29.3,1,0
874.76,63,36,3,728,43.9,0,0
333.66,53,177,0,868,41.5,0,0
2029.17,47,158,0,667,46.8,0,0
1699.01,54,129,5,718,57.1,1,0
2129.95,24,144,0,525,19.1,1,0
1394.88,68,117,5,862,52.6,0,0
989.42,42,138,0,751,69.7,0,0
3459.3,67,63,1,333,65.2,1,0
1614.68,74,30,1,514,7.0,1,0
20.29,58,35,1,511,7.0,0,0
780.46,29,82,1,596,9.1,1,0
2006.84,71,24,0,721,12.2,0,0
1724.26,74,33,1,449,4.5,1,0
1362.26,50,36,1,724,39.9,1,0
863.12,24,103,1,677,41.3,1,0
1150.73,68,23,5,666,22.5,0,0
1952.3,71,54,5,574,82.9,1,0
167.88,55,124,2,349,64.8,0,0
1551.68,26,40,5,767,23.4,0,0
3250.45,77,33,1,462,77.9,1,1
802.12,61,166,0,353,32.8,1,0
821.75,46,167,0,397,46.3,0,0
2976.55,52,174,5,309,45.3,0,0
3028.56,46,177,0,789,88.7,0,0
3499.58,25,80,2,606,58.6,0,0
2384.88,60,173,0,370,55.1,0,0
1916.9,32,160,0,721,51.9,1,0
1790.37,67,31,3,659,29.5,1,0
1971.03,24,63,1,327,44.8,1,0
440.87,44,75,0,545,3.9,1,0
1319.77,23,135,0,669,76.9,1,0
2447.1,42,139,0,782,19.8,0,0
2266.0,21,15,3,818,32.8,1,0
354.31,63,102,0,849,19.7,0,0
540.19,32,39,2,700,64.5,0,0
2231.99,34,14,1,388,57.9,1,0
815.82,61,168,0,422,11.3,0,0
930.77,41,133,1,470,2.8,1,0
1430.62,75,30,0,643,11.0,1,0
3379.7,55,160,0,808,44.7,1,0
3992.59,29,94,0,561,47.0,0,0
859.22,66,130,0,345,2.4,0,0
250.92,28,45,0,866,26.9,1,0
1236.42,39,69,0,885,109.0,1,0
971.36,33,132,0,710,8.3,0,0
2922.14,38,83,0,866,31.4,1,1
1789.34,38,159,1,775,69.1,1,0
1379.41,31,139,1,454,22.9,0,0
3052.27,59,177,0,643,27.5,0,0
550.05,38,26,1,842,65.9,0,0
5103.5,28,71,0,344,5.9,0,0
1112.43,42,117,0,894,12.3,0,0
222.37,56,145,0,745,10.4,0,0
1109.96,70,100,2,625,54.7,1,0
2100.52,68,149,0,459,32.2,0,0
297.54,53,91,1,762,28.6,1,0
1592.05,70,175,1,341,6.1,0,0
891.95,34,91,3,825,35.4,0,0
907.2,20,103,5,869,142.1,0,0
3337.57,26,3,0,527,62.5,0,0
652.7,60,21,1,376,55.6,0,0
1896.99,70,32,0,639,74.6,0,0
317.46,55,110,3,808,25.9,0,0
55.87,77,47,1,586,36.6,1,0
3235.12,34,165,1,810,32.0,1,0
562.81,43,35,3,504,22.3,0,0
2059.53,43,91,5,857,47.4,1,0
10.57,36,46,0,626,5.9,0,0
1653.36,70,120,2,898,10.2,0,0
2973.84,36,136,0,524,54.4,1,0
2740.62,30,60,2,667,45.4,0,0
41.67,28,144,1,804,61.6,1,0
1695.59,57,56,0,839,23.2,1,1
2075.23,27,87,0,631,6.8,0,0
1664.79,68,28,2,374,26.2,1,0
155.26,40,77,2,439,25.2,0,0
775.7,50,166,2,478,42.1,1,0
410.28,38,176,1,430,6.8,0,0
4668.2,44,145,0,486,10.8,1,0
2237.85,55,26,5,444,14.3,1,0
1521.24,29,162,0,643,133.4,1,1
1777.86,41,65,0,301,79.5,0,0
768.02,75,105,5,687,84.9,1,0
2577.66,74,147,1,466,47.2,1,0
1909.79,39,66,0,375,7.6,1,0
526.17,54,23,2,794,65.8,0,0
32.69,46,40,0,403,25.0,1,0
2053.76,65,138,1,588,77.5,1,0
3059.33,72,125,0,355,36.0,1,1
3582.42,59,153,5,504,59.0,0,1
1794.58,24,121,0,615,49.2,1,0
2129.52,60,139,3,489,0.7,1,0
88.89,35,112,5,569,51.8,0,0
410.34,63,170,0,387,11.0,1,0
961.82,33,141,0,696,54.6,1,0
156.14,55,60,5,606,66.6,0,0
1442.33,55,132,0,423,11.6,1,0
5195.19,70,49,0,343,9.5,1,1
789.03,71,160,0,564,4.5,1,0
1679.4,43,142,3,865,12.3,1,0
2122.39,19,179,3,415,9.0,1,0
611.98,25,27,0,592,1.5,1,0
1005.93,55,155,5,338,78.1,0,0
2471.0,63,102,0,705,63.1,1,0
2822.33,36,95,0,645,33.8,1,0
2833.24,62,25,1,437,46.0,1,0
1427.13,36,106,0,492,46.2,1,0
2305.02,67,132,2,357,38.8,0,0
816.87,68,134,0,477,19.3,0,0
1357.46,21,116,0,669,33.1,0,0
1992.82,59,31,0,547,22.5,1,0
2397.05,49,150,2,652,53.8,0,0
1046.21,24,72,0,695,95.3,0,0
2289.35,73,56,1,511,25.4,1,0
1789.37,68,174,0,785,13.3,0,0
1042.61,35,155,1,581,16.9,1,0
2190.65,32,119,1,833,15.6,1,0
6991.2,72,95,1,605,27.1,0,0
577.34,39,70,1,605,47.6,0,0
1512.27,70,153,3,627,65.4,0,0
1704.79,35,107,3,697,94.6,0,0
3958.58,40,56,5,667,17.6,1,0
2854.21,30,75,0,782,48.9,0,0
901.95,77,46,2,391,30.6,0,0
1153.27,69,84,2,566,14.2,1,0
1567.94,59,149,0,783,29.0,0,0
2189.86,38,105,0,454,9.0,0,0
1235.16,76,117,0,623,118.6,0,0
911.74,30,80,0,304,24.4,1,0
1264.06,67,40,5,390,4.2,0,0
180.98,49,98,0,338,10.2,0,0
4210.27,67,135,1,318,6.0,0,0
1217.06,41,79,0,405,81.5,1,0
1009.66,21,76,1,766,33.8,1,0
888.99,76,125,2,492,0.2,0,0
2527.6,33,57,0,516,0.0,0,0
1898.59,60,9,3,561,53.4,0,0
1885.21,72,5,0,418,25.7,1,0
2016.75,63,39,1,309,41.4,1,0
2664.33,58,155,0,728,48.7,0,0
296.61,69,27,5,503,2.0,0,0
3176.63,41,180,3,602,73.8,0,1
176.73,78,123,2,540,20.6,0,0
1815.12,55,171,5,452,30.3,0,0
3342.94,76,65,1,767,49.1,1,0
3812.68,74,10,1,668,42.7,1,0
3385.5,75,11,0,441,72.0,0,0
4145.86,36,23,2,650,41.3,0,0
141.69,72,98,5,731,45.9,0,0
1026.96,73,40,0,726,6.9,1,0
787.44,43,91,0,433,2.8,1,0
2371.36,21,16,1,621,46.8,0,0
78.94,55,144,1,646,41.4,0,0
948.54,61,173,3,452,25.4,0,1
2831.09,49,126,0,376,1.0,1,0
610.59,51,57,3,712,48.2,0,0
637.87,24,127,5,623,37.9,0,0
1191.5,44,105,0,870,12.4,0,0
2200.33,59,77,1,767,79.3,1,0
2203.99,48,84,5,672,29.5,1,0
1262.16,40,90,1,860,8.3,1,0
2061.38,27,104,0,560,26.8,0,0
2556.82,48,48,2,410,3.0,1,1
299.93,26,115,5,816,24.4,0,0
3647.92,54,110,5,820,21.8,0,0
2472.29,25,99,2,816,85.2,1,0
584.27,34,70,3,651,18.9,1,0
2235.33,63,131,1,860,50.7,1,0
3150.78,31,53,1,653,2.3,0,0
1021.11,51,138,2,418,61.6,1,0
1912.22,64,106,1,732,27.6,0,0
2030.06,61,14,1,573,23.5,0,0
856.96,22,176,1,508,0.6,0,0
784.24,62,143,1,874,36.2,1,0
1774.57,37,177,0,690,50.0,1,0
1740.88,54,13,0,557,39.1,0,0
1785.19,72,57,2,859,59.3,0,0
2420.72,30,174,0,491,12.6,0,0
1516.15,36,142,1,433,27.9,0,0
1157.65,64,39,0,457,55.8,1,0
1511.34,72,169,1,802,35.4,1,0
718.78,30,133,0,817,27.1,0,0
558.95,33,54,2,639,15.9,1,0
3181.13,49,143,0,417,2.9,1,0
2907.42,58,62,0,628,11.2,1,0
2593.61,53,72,0,829,6.6,1,0
530.0,37,166,1,628,17.5,0,0
3061.57,53,136,0,367,106.9,0,0
1643.12,46,26,1,850,59.2,1,0
3510.46,28,6,5,639,4.5,0,1
3713.68,54,18,1,564,43.8,1,0
107.71,20,99,0,847,11.1,0,0
654.28,56,11,0,666,25.5,0,0
396.7,37,112,3,704,30.3,0,0
405.61,44,139,1,447,15.5,1,0
3491.51,65,165,2,311,16.6,0,0
3220.33,53,140,0,612,21.7,0,0
2331.78,45,165,0,464,0.9,0,0
1700.61,30,171,0,862,2.7,1,0
3206.46,35,25,1,894,46.5,1,0
195.05,34,25,1,371,66.7,0,0
777.27,38,177,0,879,36.9,1,0
2081.07,39,63,1,746,13.8,1,0
2819.96,75,122,5,756,68.6,1,0
482.34,60,155,0,587,21.6,0,0
2005.69,59,19,0,319,81.4,0,0
1059.41,32,9,1,856,12.6,1,0
2090.64,76,150,1,437,52.1,1,0
2401.96,19,169,1,469,40.5,0,0
2774.39,61,37,5,667,108.0,0,0
661.11,42,59,0,511,21.1,1,0
3895.19,21,166,2,405,20.8,1,0
1042.83,30,96,3,674,70.0,0,0
1132.23,52,103,2,653,81.2,1,0
1331.01,75,35,5,469,17.0,0,0
558.39,30,40,2,421,1.6,0,0
844.64,62,122,5,515,37.2,0,0
250.09,27,146,0,437,35.9,0,0
1746.15,78,46,3,877,39.2,0,0
815.98,24,55,5,782,53.5,1,0
2183.43,69,149,0,823,27.4,1,0
135.23,57,151,0,535,63.1,1,0
1982.92,74,129,3,453,37.0,0,0
2854.34,75,136,0,395,11.4,1,0
2724.38,19,173,3,834,8.8,1,0
2974.57,33,123,3,658,33.2,0,0
1127.45,77,21,1,856,88.1,1,0
3673.49,19,147,0,832,22.3,0,0
1949.01,45,92,0,458,89.4,1,0
1132.72,46,144,2,582,98.6,1,0
1044.61,49,45,2,872,56.3,1,0
719.68,64,101,0,421,54.4,0,0
920.94,32,130,3,646,2.6,0,0
1350.69,24,37,5,745,19.1,0,0
1308.11,21,98,3,833,36.1,1,0
1762.79,71,44,5,749,35.5,0,0
295.3,37,49,0,822,40.2,0,0
549.2,60,0,0,388,13.6,1,0
292.15,56,51,0,370,52.0,0,0
913.26,56,89,2,583,30.6,0,0
2380.59,55,1,1,479,106.6,1,0
455.16,40,29,1,850,3.0,1,0
3086.79,68,62,2,769,9.1,1,0
2313.38,35,17,3,525,15.0,0,0
6.64,53,2,1,554,39.5,1,0
83.57,23,141,0,787,45.8,1,0
2135.29,66,174,1,810,0.5,0,0
1258.78,33,51,1,664,51.4,0,0
1642.43,61,126,0,854,31.1,0,0
298.95,76,147,1,802,45.2,0,0
2251.01,33,147,0,355,3.7,1,0
514.6,44,175,0,768,8.0,0,0
1021.43,19,172,1,688,35.2,0,0
316.78,54,67,1,575,0.2,1,0
671.96,46,53,3,681,41.3,1,0
1025.14,27,147,1,402,44.8,1,0
1577.9,31,37,0,784,6.8,0,0
3737.47,73,161,2,798,20.3,1,0
1495.55,25,176,0,361,10.3,0,0
891.88,47,85,1,669,28.3,1,0
2253.49,20,105,0,659,7.2,0,0
102.36,68,72,2,632,20.2,1,0
627.22,58,73,5,448,25.3,0,0
2614.64,58,146,3,373,1.8,0,0
1378.66,37,68,3,577,54.6,1,0
3508.08,52,115,3,471,4.9,0,0
1975.46,35,179,0,515,40.7,0,0
4108.6,49,140,0,326,73.1,1,0
1902.49,58,39,0,699,19.5,1,0
1073.6,27,33,0,329,23.2,0,0
2050.42,49,119,1,861,7.3,1,0
2970.49,56,152,5,877,4.2,1,0
373.92,41,123,1,391,6.5,1,0
456.7,19,0,0,652,32.2,1,0
4584.3,67,122,1,309,24.7,1,0
995.59,54,95,1,721,20.9,1,0
2471.03,43,96,1,569,75.9,0,0
1367.19,77,156,1,591,87.9,1,0
1776.27,37,28,5,763,0.2,1,0
117.33,28,12,0,490,21.8,0,0
2339.12,19,59,0,454,50.4,0,0
492.37,70,127,2,774,49.0,0,0
3247.26,22,68,3,373,61.9,1,1
2102.25,43,3,0,554,1.5,1,0
1097.83,21,50,5,396,43.0,0,0
658.2,39,40,0,862,11.4,0,0
556.42,75,13,1,415,0.4,0,0
790.32,36,149,0,705,41.6,0,0
3733.16,49,176,0,680,38.2,0,0
1082.94,40,160,0,361,20.0,1,0
400.35,27,124,1,624,47.5,1,0
289.7,63,96,2,437,29.8,1,0
402.22,37,138,5,494,24.0,0,0
446.95,74,153,0,370,60.2,0,0
1991.51,48,0,3,489,25.3,0,0
171.18,39,16,3,494,62.0,1,0
1893.43,45,164,2,413,46.9,0,0
3802.05,27,45,0,506,50.9,0,0
2787.76,72,99,5,838,50.3,1,1
1636.48,19,53,5,381,82.6,1,0
2979.09,75,106,2,359,39.0,1,0
919.82,23,55,0,403,55.5,0,0
1880.69,34,145,0,871,65.4,1,0
1400.84,62,117,3,406,32.2,0,0
491.18,61,40,5,660,5.4,1,0
4095.16,45,162,3,631,18.5,0,0
1774.24,78,65,2,763,86.4,1,0
1598.43,37,152,0,830,20.0,0,0
794.32,33,54,2,322,52.0,1,0
745.72,55,39,0,338,16.3,1,0
2125.52,56,63,1,562,49.2,1,0
1510.8,65,19,2,794,72.7,0,0
3082.08,71,24,1,338,16.9,1,1
3617.78,41,111,3,423,43.6,0,0
3216.87,59,161,3,355,54.5,1,0
383.57,39,128,1,456,66.8,0,0
5191.74,67,152,0,527,18.2,1,0
570.95,24,121,0,861,33.1,1,0
86.96,63,33,0,792,45.4,0,0
628.84,58,134,1,548,1.6,0,0
862.65,55,22,0,723,45.9,1,0
1703.58,60,6,1,473,54.2,1,0
2817.7,28,112,0,539,17.3,0,0
2548.95,24,28,0,548,73.6,0,0
1306.4,63,28,1,760,14.0,1,0
1674.81,32,139,1,861,68.1,1,0
3509.12,61,4,3,896,17.0,0,0
2133.26,63,158,1,354,29.9,1,0
2686.03,36,169,2,410,22.1,0,0
2302.38,43,130,0,623,6.4,1,0
255.36,51,117,0,340,14.9,0,0
611.16,66,40,0,655,63.7,1,0
409.26,51,70,0,563,145.8,1,0
1345.4,54,71,1,455,11.0,1,0
845.04,43,133,1,727,5.7,0,0
37.91,57,84,5,855,35.4,0,0
2406.67,70,51,0,616,58.2,0,0
3362.82,60,144,0,625,17.1,0,0
1914.07,39,37,0,626,13.6,1,0
383.56,71,163,1,455,82.5,0,0
2213.77,58,157,1,880,82.2,0,0
1241.26,24,176,5,437,29.1,1,0
860.21,50,121,0,467,75.7,0,0
2116.49,78,69,3,527,77.2,0,0
4340.66,47,157,5,632,57.0,1,0
1131.26,57,97,2,703,50.4,0,0
1480.99,21,62,3,340,42.4,1,0
874.92,37,112,3,611,10.7,1,0
626.74,22,176,0,774,45.8,1,0
255.67,56,178,0,702,19.9,1,0
2829.22,76,51,5,392,26.9,1,0
207.18,29,31,0,416,30.7,1,0
3221.52,65,130,0,687,52.0,1,0
1846.36,74,168,0,466,51.8,0,0
830.42,38,114,1,485,20.5,0,0
1322.32,67,64,0,769,19.2,1,0
1044.88,75,126,1,522,18.8,1,0
699.82,19,62,1,870,39.4,0,0
2502.55,21,37,0,891,66.7,1,0
1813.65,30,41,1,886,30.1,0,0
1194.08,21,23,1,630,17.8,1,0
2280.35,72,140,0,599,41.0,1,0
790.32,52,105,1,514,10.1,0,0
931.69,24,123,1,737,35.9,1,0
666.59,78,33,5,832,5.4,1,0
2076.82,64,74,1,301,69.6,0,1
670.2,73,53,3,723,5.8,0,0
784.78,19,163,1,588,1.1,1,0
566.83,39,1,0,641,64.5,1,0
2256.11,72,44,1,638,22.6,1,0
486.93,21,165,0,793,25.9,0,0
2649.46,40,118,3,357,11.1,1,0
367.56,20,53,2,662,25.8,0,0
1128.19,43,160,0,884,29.9,1,0
3144.71,38,180,2,332,66.8,1,0
95.19,47,77,1,837,20.5,1,0
908.61,31,23,5,818,27.8,0,0
1917.56,40,123,1,635,7.0,0,0
4673.67,52,173,0,510,85.8,0,0
787.46,19,79,0,389,27.4,1,0
2942.97,61,79,0,891,33.9,1,0
1450.53,37,70,2,751,45.9,0,0
1606.07,58,143,0,511,36.5,1,0
726.06,70,72,1,475,115.0,0,0
2658.17,22,33,0,782,11.3,0,0
2692.17,30,180,5,664,34.0,1,0
2009.22,70,136,0,776,83.9,0,0
1950.44,25,116,1,776,38.6,1,0
1688.52,58,66,2,701,98.4,0,0
143.91,75,83,5,799,40.8,0,0
2499.12,73,43,1,656,49.7,0,0
769.46,25,83,0,609,55.4,1,0
587.71,54,40,5,693,48.8,0,0
1984.0,69,111,2,857,29.2,0,0
9.61,64,146,5,417,37.4,1,0
2531.27,38,103,0,411,45.0,1,0
872.46,32,35,0,450,8.7,0,0
665.23,47,50,1,624,73.4,1,0
2292.99,78,111,2,391,2.3,0,0
1703.52,73,75,0,678,14.9,0,1
2669.18,26,72,0,540,20.9,1,0
166.5,43,103,3,745,41.6,0,0
243.34,43,92,3,457,24.1,1,0
812.23,23,165,0,447,1.2,1,0
2000.35,27,164,3,766,16.6,1,0
311.62,71,115,3,663,31.9,0,0
360.0,73,60,1,720,12.1,1,0
2875.12,42,28,5,381,30.8,0,0
1730.17,67,71,5,829,6.9,0,0
333.35,59,169,0,852,0.9,1,0
2726.02,19,120,5,824,8.2,1,0
514.12,70,75,1,471,52.5,0,0
155.68,69,144,1,362,0.4,1,0
766.56,37,159,0,593,5.8,1,0
1727.46,36,64,0,587,17.3,1,0
1926.65,30,151,0,757,21.7,1,0
1035.39,50,46,0,651,82.0,0,0
1098.6,72,126,3,692,22.0,0,0
1063.65,55,88,0,570,3.9,0,0
462.51,49,136,1,688,30.2,1,0
3055.84,19,73,5,691,83.9,1,0
1022.28,77,136,2,742,9.4,1,0
1126.89,60,149,3,772,38.1,0,0
361.78,40,173,0,620,6.1,0,0
1314.26,25,134,0,756,14.6,1,0
995.94,20,158,0,358,45.6,0,0
322.15,26,22,0,684,27.9,0,0
816.05,48,169,0,764,8.8,1,0
409.44,68,82,1,465,35.5,0,0
2575.07,22,66,1,482,35.2,1,0
2195.57,44,45,5,411,16.5,0,0
679.51,25,113,1,405,43.1,0,0
173.21,47,4,5,452,6.8,0,0
596.41,63,84,3,888,7.1,0,0
2819.71,46,103,0,853,2.9,0,1
3854.73,49,31,2,641,1.0,1,0
1353.87,24,93,2,382,54.6,1,0
948.88,54,10,3,495,46.1,1,0
2884.59,41,124,0,748,14.2,0,0
2037.35,56,61,5,698,79.8,0,0
104.13,72,115,0,337,16.9,1,0
1304.35,26,54,5,849,8.5,0,0
1261.89,66,36,5,319,35.4,1,0
376.91,60,33,0,476,0.2,0,0
1491.82,58,43,0,408,3.7,0,0
1522.01,70,51,3,645,6.9,1,0
3142.31,27,82,1,346,12.1,0,0
1800.75,45,43,2,866,35.2,0,0
1586.11,25,161,3,461,14.8,0,0
1357.89,78,22,1,726,22.3,1,0
1783.04,52,115,3,544,75.0,0,0
2118.72,50,156,0,608,25.9,1,0
284.47,52,24,2,852,10.7,0,0
482.13,22,49,0,452,0.5,1,0
3022.88,22,165,2,591,96.3,0,0
170.63,67,116,0,406,82.4,0,0
2381.8,50,131,0,372,82.7,0,0
87.36,31,173,2,535,0.5,0,0
3202.88,74,51,3,525,57.8,0,0
1939.67,28,55,5,482,28.2,1,0
248.95,41,69,1,643,26.9,0,0
94.16,26,119,5,728,6.4,0,0
1436.22,29,163,0,891,52.9,0,0
2282.62,32,151,5,773,16.3,1,1
1539.59,34,83,3,893,55.4,0,0
485.77,55,1,3,345,7.6,0,0
1015.85,46,135,3,790,27.1,0,0
1314.28,19,177,3,523,71.1,0,0
1581.55,20,122,1,465,167.8,1,0
1194.31,48,118,0,715,11.1,0,0
49.52,59,0,0,694,52.5,1,0
476.23,63,156,1,382,84.0,1,0
4604.05,62,93,0,413,52.6,1,0
151.56,30,165,0,874,6.0,0,0
249.63,60,122,1,530,62.9,1,0
953.45,36,13,0,681,80.0,1,0
1621.61,49,136,1,762,19.3,1,0
3769.33,75,16,1,768,4.5,0,0
2191.52,23,27,0,582,0.3,0,0
1858.15,52,160,0,600,21.9,1,0
428.66,41,107,5,321,14.5,1,0
3873.69,72,133,2,721,29.9,1,0
1596.93,61,178,5,768,24.9,1,0
2230.05,69,66,1,795,0.4,1,0
1257.81,41,72,5,470,7.6,0,0
313.5,72,177,0,465,125.0,0,0
3159.49,47,66,2,488,18.0,0,0
2478.71,41,37,2,759,27.6,0,0
1443.51,78,127,0,769,26.2,1,0
3052.38,51,84,1,785,10.6,1,0
1325.58,61,37,5,646,108.0,0,0
1865.54,54,29,1,325,7.1,1,0
1461.16,39,14,1,897,57.0,0,0
1306.13,24,137,5,389,6.2,1,0
355.56,22,170,2,707,69.7,0,0
131.28,19,72,2,659,37.4,1,0
1652.17,65,113,3,753,7.8,1,0
758.65,65,106,0,388,64.6,0,0
1777.7,40,16,3,390,32.8,0,0
2532.99,54,118,0,504,1.2,0,0
772.43,71,77,1,805,65.0,1,0
1422.19,38,163,5,427,2.4,1,0
1085.94,34,7,0,583,23.1,1,0
3466.84,56,123,3,564,46.9,1,0
1803.11,65,147,0,565,15.2,0,0
2212.76,63,34,2,467,55.3,0,0
1693.86,41,12,1,598,62.7,0,0
1298.42,25,153,0,856,5.3,1,0
2258.23,38,69,2,398,33.9,1,0
3006.71,42,124,3,648,23.9,0,0
1798.5,31,143,0,727,43.3,1,0
1791.62,20,122,2,619,34.2,1,0
2951.49,52,87,0,611,62.3,0,0
1778.74,63,36,1,614,34.2,0,0
2766.46,67,28,0,319,15.0,1,0
1891.09,69,168,0,780,25.0,0,0
2424.36,19,24,0,510,29.1,0,0
810.26,73,71,2,660,34.0,0,0
1597.5,51,145,0,401,34.1,0,0
374.64,29,137,0,401,80.9,0,0
2211.66,63,150,0,750,16.5,0,0
302.94,32,131,1,717,50.9,0,0
539.78,52,34,5,669,61.2,1,0
2494.42,26,98,1,767,29.0,1,0
1781.33,45,74,3,493,4.1,0,0
2348.09,42,45,0,803,69.5,0,0
1030.8,26,36,3,710,11.5,0,0
1911.42,42,50,2,505,4.8,1,0
2467.58,36,148,1,709,34.7,1,0
17.39,50,130,1,450,4.6,1,0
1192.37,59,34,0,401,66.9,0,0
850.73,30,97,2,456,20.1,1,0
1692.18,67,133,5,777,29.1,0,0
578.19,53,87,0,332,20.6,1,0
2401.96,73,96,5,770,49.8,0,1
1589.75,38,180,0,803,7.7,1,0
829.38,26,145,5,867,25.2,1,0
2287.17,44,67,5,686,17.7,1,0
1085.33,56,11,0,675,33.9,1,0
1006.32,59,87,3,399,14.3,1,0
328.41,61,62,1,540,49.1,1,0
1666.9,38,29,2,473,12.1,0,0
3336.33,46,145,3,573,33.6,0,0
2522.63,43,146,3,630,41.3,0,0
3019.23,40,127,2,470,55.3,1,0
418.06,73,19,1,594,38.4,1,0
2720.74,33,159,0,892,19.0,0,0
916.33,52,121,3,514,71.2,1,0
462.55,70,76,3,852,7.6,1,0
517.24,48,171,0,319,52.3,0,0
2085.32,66,119,1,845,119.6,1,0
1122.83,31,93,5,451,6.1,0,0
698.82,46,105,2,365,11.0,0,0
1068.96,29,65,1,715,52.7,0,0
1601.92,71,79,5,797,48.1,1,0
2035.73,36,34,0,564,5.0,1,0
2516.18,65,124,0,356,90.0,0,0
1038.56,45,93,0,706,33.8,0,0
393.97,26,133,1,808,0.3,0,0
3155.57,40,149,3,541,70.4,1,0
2015.43,36,112,3,560,37.3,0,0
1380.38,39,139,3,786,89.1,0,0
3762.37,42,121,2,615,44.6,0,0
1530.57,66,169,0,545,14.0,1,0
176.74,42,175,0,847,114.0,0,0
1314.86,44,65,1,392,76.6,0,0
1762.54,47,161,2,716,1.7,0,0
3484.8,50,120,3,640,53.5,1,0
2395.1,63,66,0,660,47.5,1,0
2152.43,48,177,0,353,40.3,0,0
1406.81,44,51,1,621,0.9,0,0
1205.91,68,166,0,720,83.3,1,0
1762.48,30,175,2,588,4.7,0,0
189.75,43,146,1,321,49.6,0,0
68.37,77,22,5,503,24.8,1,0
1942.02,46,153,1,452,55.3,0,0
2133.97,19,134,3,764,65.4,1,0
978.66,74,68,1,806,5.3,1,0
2458.15,71,72,1,728,22.5,0,0
1955.37,35,60,5,554,46.3,1,0
817.82,49,34,2,707,6.5,0,0
568.08,35,18,0,870,43.1,0,0
2736.29,41,155,0,305,1.1,1,0
1829.19,61,94,0,872,95.0,0,0
1085.26,78,86,5,435,67.3,0,0
385.59,26,80,0,430,15.8,1,0
2464.79,78,110,1,569,37.2,1,0
371.59,66,125,0,869,29.4,1,0
1844.81,21,120,1,467,43.2,1,0
4632.18,21,113,2,874,17.2,1,0
3019.44,28,31,2,395,61.4,0,0
1584.33,51,69,1,897,42.0,0,0
205.32,23,63,5,396,2.1,1,1
251.97,44,95,0,631,34.9,0,0
1079.6,49,116,1,305,35.5,1,0
847.48,39,145,0,516,61.6,0,0
648.33,66,18,3,394,90.0,1,0
1360.39,44,22,0,513,88.5,0,0
570.62,60,39,0,605,53.2,1,0
900.22,76,175,0,667,69.9,0,0
534.25,75,99,5,574,16.3,1,0
70.62,30,111,3,395,37.9,0,0
3421.67,60,175,0,807,10.0,0,0
1820.71,49,76,0,430,53.5,1,0
42.23,22,141,0,346,15.2,0,0
232.6,65,145,1,663,43.2,1,0
1231.76,66,169,5,483,12.8,0,0
2693.86,64,76,2,765,31.6,1,0
829.92,74,47,1,489,123.9,0,0
1212.55,25,111,0,305,29.3,1,0
2006.54,63,103,5,610,60.2,1,0
3389.2,70,77,0,428,6.2,0,1
1404.76,31,6,1,792,24.6,0,0
734.99,69,137,1,388,42.0,1,0
2137.59,26,42,0,755,53.6,1,0
2466.51,31,75,3,352,20.9,1,1
418.18,45,126,1,337,26.2,1,0
1200.49,78,173,5,537,14.6,0,0
46.88,23,68,3,784,36.4,0,0
2483.71,63,111,0,465,6.2,1,0
380.61,51,56,2,779,28.2,0,0
948.0,45,172,2,783,19.2,0,0
694.71,61,123,0,477,85.2,0,0
1461.03,50,77,1,514,23.5,0,0
463.54,62,40,0,815,44.1,0,0
813.51,33,30,1,798,36.8,1,0
1758.68,68,142,1,454,46.9,0,0
2641.84,48,28,0,404,0.9,0,0
1574.39,32,92,0,599,37.4,1,0
1832.68,28,165,2,642,20.8,0,0
2380.53,68,1,1,785,121.0,1,0
1760.11,64,106,2,551,47.7,0,0
1393.21,27,109,3,719,7.0,1,0
1059.54,20,113,0,310,13.9,0,0
483.18,29,111,0,702,124.1,0,0
840.08,22,161,1,729,47.0,1,0
271.77,65,80,2,308,57.5,1,0
549.95,44,114,1,857,5.6,1,0
3191.41,44,50,1,386,25.3,0,0
641.19,75,32,1,518,60.6,0,0
678.01,59,40,0,328,53.8,1,0
1565.22,51,28,0,681,43.7,1,0
913.69,60,31,5,605,29.9,0,0
3898.36,56,144,1,658,12.3,1,0
1715.28,62,35,3,832,41.9,0,0
224.18,68,92,5,400,17.3,0,0
1493.47,22,108,0,787,5.4,0,0
49.21,56,143,3,570,55.8,1,0
3492.07,50,106,0,447,18.7,0,0
2598.06,51,135,0,517,47.6,1,0
1120.7,42,30,3,412,76.0,0,0
750.8,26,95,1,683,67.2,1,0
2020.08,69,150,3,349,23.9,1,0
1795.22,50,0,0,860,92.2,1,0
2851.11,38,144,5,645,32.7,1,0
816.95,67,35,5,760,33.6,1,0
1110.05,58,170,3,696,2.9,0,0
956.28,61,113,1,390,30.4,0,0
1206.16,64,79,0,872,11.2,0,0
245.0,22,145,1,787,15.6,0,0
2069.36,20,70,1,551,10.2,1,0
89.28,56,11,5,323,12.6,1,0
1358.02,39,97,1,393,60.4,0,0
12.55,30,65,0,457,11.5,1,0
973.31,39,46,0,359,7.4,1,0
540.58,39,66,3,423,57.3,0,0
1226.71,50,130,3,417,33.1,1,0
296.35,49,7,3,539,29.0,0,0
3390.26,34,142,0,611,6.4,1,0
2205.03,69,36,2,853,18.8,0,0
331.36,77,142,5,342,10.2,0,0
3226.69,60,42,0,361,6.5,1,0
1187.35,41,161,1,899,80.4,1,0
1068.91,38,22,3,425,31.4,0,0
4278.41,32,156,2,650,19.4,1,0
885.77,61,82,2,515,10.8,1,0
372.49,27,165,0,787,98.1,0,0
477.08,76,178,5,702,16.5,0,0
843.05,20,171,5,426,7.1,1,0
250.8,43,45,0,427,58.0,1,0
1272.13,66,5,1,666,25.1,0,0
235.44,64,56,1,805,2.2,1,0
1138.36,57,53,0,500,22.8,1,0
897.88,29,141,1,879,66.4,0,0
1581.01,35,145,1,835,30.6,1,0
836.79,63,173,1,873,91.7,1,1
811.96,60,13,2,742,46.4,1,0
485.63,42,132,0,529,20.6,0,0
235.14,19,100,1,642,41.0,0,0
2818.43,33,176,3,376,93.8,0,0
941.95,59,24,0,791,32.7,1,0
558.81,40,64,1,410,10.8,1,0
928.96,40,133,1,374,31.3,1,0
191.99,24,15,0,686,17.3,1,0
286.97,22,113,0,608,45.5,1,0
355.97,37,97,3,398,26.0,1,0
585.3,19,116,3,775,14.4,1,0
199.38,62,6,5,829,4.8,1,0
1383.62,64,17,1,886,23.9,0,0
1138.08,65,158,5,490,61.8,0,0
1954.16,56,111,2,618,25.7,0,0
704.62,42,2,0,358,54.2,0,0
2713.38,46,88,1,505,48.1,0,0
11.61,63,177,5,639,69.8,1,0
421.32,48,10,5,524,31.6,0,0
612.74,32,61,5,639,22.0,1,0
3025.33,42,2,0,666,131.0,0,0
2211.36,59,149,2,344,53.6,0,0
975.78,35,44,2,867,47.5,0,0
4059.62,77,25,0,440,30.4,1,0
2222.75,32,78,5,545,4.0,1,0
695.92,70,159,3,366,60.7,0,0
3572.56,31,136,3,683,12.7,1,0
2311.65,21,157,1,848,15.7,1,0
967.28,69,71,0,820,31.7,1,0
2675.38,61,157,0,471,42.1,1,0
103.83,50,132,5,483,17.7,1,0
501.71,50,121,1,895,12.7,1,0
1748.59,32,56,1,762,36.1,0,0
116.71,55,40,2,560,98.7,0,0
2605.03,41,58,0,776,41.9,1,0
306.44,70,127,2,579,28.3,1,0
99.54,23,91,0,601,31.3,0,0
1811.45,23,92,0,859,11.9,0,0
684.11,66,174,1,495,7.0,0,0
1236.86,77,66,0,606,45.6,1,0
1515.26,44,148,0,783,19.8,0,0
1537.64,32,121,1,828,83.5,1,0
1380.06,39,48,3,727,37.0,0,0
1423.51,27,147,0,612,12.1,0,0
439.2,33,107,3,713,11.5,1,0
3803.44,78,35,0,638,30.2,1,0
1623.69,53,98,1,786,58.2,0,0
3280.32,38,23,0,406,6.5,0,1
550.61,30,50,0,695,23.0,1,0
732.92,48,14,2,830,67.1,0,0
2181.37,29,28,0,849,11.8,1,0
4593.53,74,52,0,510,61.7,1,0
773.26,57,147,1,507,23.9,1,0
2031.44,23,102,1,838,21.0,1,0
2408.78,55,10,0,594,10.6,1,0
2662.13,44,156,0,725,39.2,0,0
21.44,43,168,0,882,8.7,0,0
2246.44,74,40,1,850,10.1,1,0
3406.2,76,55,5,721,46.2,0,0
1827.12,68,83,3,761,28.7,0,0
469.4,23,163,5,690,18.3,1,0
2130.0,19,64,0,439,11.7,1,0
426.65,24,140,1,748,29.9,0,0
1037.97,72,4,0,481,43.3,1,0
1151.06,61,2,1,457,4.3,1,0
1282.56,62,136,1,752,30.4,0,0
2009.33,64,168,0,699,33.0,1,0
813.56,43,51,1,683,12.7,0,0
1555.31,19,86,1,364,21.0,0,0
3540.37,61,42,0,345,63.3,1,0
1730.63,59,48,1,854,12.4,1,0
1954.78,41,82,0,315,39.1,1,0
2234.63,33,16,1,677,22.1,0,0
1449.4,57,127,0,849,53.2,0,0
2299.81,59,178,3,436,39.9,1,0
1368.3,73,170,5,369,40.9,1,1
2594.05,51,163,1,815,2.9,0,0
1179.89,38,60,3,549,36.9,0,0
312.91,28,96,1,338,43.8,0,0
1756.39,66,84,0,584,35.8,1,0
1319.89,45,165,1,324,28.4,0,0
653.95,53,13,1,527,46.0,1,0
2057.51,23,125,0,497,71.5,0,0
1838.72,24,44,1,541,41.0,0,0
320.86,31,62,3,480,24.9,0,0
2286.23,31,69,5,381,28.4,1,0
1999.66,51,156,3,459,57.5,1,1
963.08,67,76,0,866,73.2,0,0
406.37,43,143,5,373,30.0,1,0
346.45,31,1,0,812,24.5,1,0
4380.0,66,95,3,801,22.7,1,0
107.17,21,31,3,879,1.6,0,0
139.4,77,89,5,677,32.0,0,0
3390.72,34,122,0,670,9.1,0,0
486.36,48,174,0,560,4.6,0,0
3948.0,19,29,0,693,2.9,1,0
1805.86,77,48,3,469,17.4,1,0
66.44,61,97,1,721,119.2,0,0
1206.71,71,36,1,514,11.5,1,0
2110.2,50,0,0,371,21.0,1,0
176.32,29,45,2,490,33.7,0,0
2714.15,47,145,1,490,108.7,0,1
2238.25,35,104,5,411,81.6,0,1
1864.56,23,87,0,899,30.6,0,0
877.6,22,68,0,896,3.7,0,0
1020.68,57,133,1,797,19.3,1,0
123.05,62,87,2,545,2.1,1,0
828.04,41,84,0,303,29.5,1,0
1124.17,78,35,0,425,64.0,1,0
1210.26,47,158,5,827,10.2,1,0
3338.14,71,82,0,668,21.1,0,0
998.99,33,155,5,709,40.0,0,0
4515.28,49,168,0,694,15.6,1,0
482.52,75,146,0,430,58.5,1,0
488.84,54,119,0,756,76.7,0,0
116.16,29,168,0,408,12.4,1,0
4592.09,39,98,1,525,36.8,1,0
3332.46,61,34,5,392,2.1,1,0
3526.42,57,16,2,686,8.3,1,0
2053.82,46,59,1,565,81.6,0,0
2246.45,56,48,0,886,43.5,1,0
631.12,66,0,1,363,56.1,0,0
2505.94,42,173,0,832,15.6,0,0
4129.13,39,37,1,524,24.5,1,0
1935.7,66,170,0,627,46.1,1,0
748.84,73,180,5,520,9.6,1,0
1710.73,70,85,0,515,17.1,0,0
4041.88,30,124,3,606,46.0,0,0
99.67,62,121,2,700,9.2,1,0
1022.17,78,49,3,399,12.2,0,0
1971.07,22,77,5,467,57.5,0,0
1980.26,32,55,1,309,29.4,1,0
808.52,73,37,3,737,7.6,0,0
4539.55,30,13,0,827,81.4,1,0
3268.54,44,62,0,421,9.4,0,0
543.42,30,167,3,391,70.9,1,0
494.49,60,113,2,311,6.0,0,0
2746.94,77,130,1,323,59.8,1,0
1122.22,30,98,5,744,51.1,1,0
1640.69,77,137,0,715,28.5,0,0
2279.24,52,125,0,831,43.8,0,0
1780.76,26,46,0,305,76.6,1,0
1763.83,32,167,0,389,34.7,1,0
5292.78,51,76,2,857,44.4,0,0
1218.47,38,11,1,846,19.8,1,0
97.26,77,90,1,401,22.1,0,0
1680.32,72,55,0,865,51.2,0,0
784.76,46,19,1,566,83.7,1,0
2057.64,35,173,3,446,57.8,0,0
665.8,63,165,1,681,110.3,0,0
3872.29,46,97,0,553,122.7,0,0
1032.42,45,16,2,391,8.1,1,0
1348.05,70,57,1,310,2.2,0,0
2635.22,25,31,0,839,12.4,1,0
1434.84,41,179,1,864,3.2,1,0
1930.8,67,99,0,653,5.2,1,0
1344.14,51,39,0,446,24.0,1,0
834.2,59,94,1,728,109.0,1,0
3874.78,51,73,1,738,13.8,0,0
3484.07,45,80,0,381,55.6,0,0
2047.62,22,21,1,867,11.8,1,0
4843.98,62,130,0,791,26.5,1,0
4338.99,63,31,3,314,18.9,0,0
1139.11,63,136,2,550,43.3,0,0
3392.24,75,134,1,479,6.8,0,0
2137.2,22,108,5,688,47.8,0,0
3716.9,34,138,0,597,77.9,1,0
1190.71,59,145,3,522,22.7,1,0
2946.66,76,9,5,799,7.8,0,0
198.69,41,27,0,658,3.7,0,0
2789.98,31,21,0,720,22.4,0,0
3767.16,35,57,5,704,23.0,1,0
343.48,70,68,0,749,31.0,1,0
229.23,41,50,0,494,53.9,1,0
752.04,76,8,0,503,60.6,1,0
1950.04,50,140,5,430,17.8,1,0
1487.2,65,99,0,412,19.7,0,0
2167.27,19,175,1,353,46.2,1,0
1043.89,49,74,1,797,17.1,0,0
1212.21,51,47,1,587,43.0,0,0
2330.07,71,109,1,785,18.9,0,0
251.65,73,151,0,534,19.6,0,0
5640.14,78,37,3,318,49.1,0,1
2656.24,38,179,1,527,32.9,1,0
2667.02,22,77,0,575,35.9,1,0
274.43,39,12,0,341,53.5,0,0
1165.88,49,71,0,741,7.6,0,0
151.12,26,24,0,865,22.0,0,0
1122.31,68,150,2,543,17.8,1,0
1138.12,27,161,0,342,75.6,0,0
555.7,53,158,2,608,26.1,1,0
1911.72,21,32,1,728,81.0,1,0
1370.48,54,88,2,759,57.3,0,0
2623.85,78,128,0,470,37.2,1,0
1515.4,55,15,1,707,28.8,1,0
3944.28,29,112,3,875,57.7,1,0
1071.18,29,146,1,309,45.3,1,0
986.6,73,56,1,574,10.4,0,0
2261.4,21,163,0,584,28.3,0,0
1743.11,34,53,0,301,35.5,1,0
2508.63,64,140,1,436,13.8,1,0
12.63,59,2,2,524,131.6,1,0
3032.94,74,149,0,691,11.2,1,0
61.31,71,113,1,632,17.8,1,0
832.33,44,39,5,537,37.6,1,0
1743.56,30,117,0,480,9.8,0,0
2086.88,37,5,1,466,11.2,0,0
828.96,28,18,3,551,3.8,1,0
1877.51,52,35,0,402,16.6,1,0
1390.89,72,164,0,435,24.2,0,0
807.69,57,3,0,408,113.9,1,0
1907.09,67,144,5,467,31.1,1,0
1487.2,63,68,0,321,31.2,0,0
680.23,72,106,0,301,65.8,0,0
440.2,60,73,1,693,30.0,0,0
2267.89,37,91,0,641,18.3,0,0
1762.12,21,154,0,482,12.3,1,0
633.75,28,170,1,593,15.3,1,0
966.87,42,67,0,302,66.6,0,0
1713.21,47,122,0,415,38.0,1,0
1083.76,27,46,3,661,37.1,1,0
2800.65,57,162,2,441,32.6,0,0
577.1,50,136,1,693,4.8,0,0
537.22,63,56,0,540,44.8,1,1
1478.84,54,121,0,412,19.7,0,0
672.35,68,35,1,771,79.7,0,0
2091.67,45,62,1,529,9.4,0,0
2914.16,28,96,0,734,61.5,1,0
2756.9,49,152,0,330,52.6,0,0
1728.25,55,106,0,486,27.6,1,0
1172.37,38,120,3,645,41.9,1,0
784.07,28,15,0,477,11.0,0,0
2323.99,75,116,1,885,32.4,1,0
422.77,24,133,3,428,30.8,0,0
2605.38,71,143,0,779,33.8,1,0
565.94,29,13,2,734,38.3,0,0
2328.34,68,85,0,545,43.2,1,0
2012.1,19,79,1,864,37.1,0,0
2363.41,55,144,0,877,26.4,1,0
219.45,19,91,1,707,108.1,0,0
112.43,27,179,0,639,43.8,1,0
571.22,68,38,0,691,18.9,1,0
1942.62,28,174,5,380,6.5,0,0
1320.8,62,167,0,464,47.7,1,0
2044.46,58,110,0,696,44.3,0,0
744.55,28,145,5,399,9.9,0,0
2496.41,70,22,5,396,16.6,1,0
2014.89,36,147,2,661,10.4,0,0
792.07,49,65,5,443,23.1,0,0
221.88,37,102,3,432,22.8,1,0
3274.93,42,21,3,818,61.6,1,0
2812.19,58,164,0,550,22.7,0,0
2349.06,55,102,0,528,43.9,1,0
524.03,48,164,5,411,12.4,0,0
4152.36,44,110,1,711,83.8,1,1
79.32,32,179,5,417,65.5,1,0
2308.26,28,163,1,627,7.2,0,0
1281.58,70,92,3,784,5.8,0,0
3702.31,62,108,1,558,52.9,0,0
2586.21,38,115,3,837,37.2,0,0
1032.33,24,109,2,604,95.2,0,0
2806.37,53,176,0,747,3.6,1,0
1323.48,54,152,1,379,11.8,0,0
4734.34,66,81,0,454,11.9,1,0
108.34,69,172,3,569,20.1,0,0
3974.12,59,115,0,337,7.5,0,0
2084.27,68,42,3,521,77.1,1,0
2017.81,19,94,2,316,76.3,1,0
1817.03,63,127,5,723,18.9,1,0
1945.41,67,85,0,480,17.2,1,0
2094.01,53,111,3,591,68.2,1,0
151.53,76,25,0,406,70.1,0,0
49.91,50,159,0,754,7.5,0,0
1817.35,68,116,3,417,2.2,0,0
2527.1,69,118,3,705,8.6,0,0
1558.72,36,168,1,614,26.6,1,0
4483.53,21,3,0,457,22.3,1,0
1248.98,39,85,0,885,12.2,1,0
2167.77,60,100,0,891,15.7,1,0
1505.42,30,103,2,829,63.2,0,0
3385.38,51,30,3,566,62.1,0,0
1390.13,46,2,0,328,37.0,0,0
3610.97,48,162,2,491,30.3,0,0
1373.83,72,62,3,566,45.8,0,0
3134.37,59,148,0,413,2.3,1,0
1795.12,35,46,0,379,35.4,1,0
2074.11,25,125,0,723,5.8,0,0
474.29,45,96,2,761,0.5,0,0
2139.25,55,161,0,420,21.6,1,0
859.14,53,1,0,834,25.6,1,0
1329.13,20,132,0,521,29.2,1,0
1475.44,33,21,0,574,54.9,1,0
2529.18,54,166,1,778,9.3,1,0
4400.26,35,44,1,587,9.9,1,0
1734.7,29,52,5,743,31.3,1,0
1149.36,58,27,3,739,53.6,0,0
291.34,23,115,0,334,60.3,1,0
442.39,60,135,2,707,92.1,0,0
1776.01,30,91,1,374,19.5,0,0
608.89,26,2,2,311,70.1,1,0
4.34,33,143,0,694,5.5,1,0
511.13,36,155,0,887,16.8,1,0
1323.88,31,50,0,805,49.0,1,0
1084.49,47,43,2,692,39.9,0,0
729.44,73,147,0,772,76.1,1,0
1603.04,53,135,0,645,17.7,0,0
3433.41,65,77,1,624,60.5,1,0
19.28,58,12,3,605,8.0,1,0
882.99,72,95,0,329,48.1,0,0
1905.51,39,176,3,531,21.2,0,0
755.61,71,137,0,353,52.2,1,0
1653.37,38,19,1,637,23.4,1,0
1591.93,48,30,0,626,39.1,0,0
4168.83,45,163,5,425,47.4,0,0
971.78,39,123,1,394,72.9,1,0
863.67,72,62,1,379,16.2,0,0
1426.58,32,119,3,492,22.4,1,0
1714.8,52,131,2,619,71.7,1,0
1608.73,27,56,2,694,4.6,1,0
1401.03,31,17,1,733,14.1,0,0
3077.62,25,37,5,409,4.2,0,0
1959.36,20,121,5,660,4.1,1,0
133.79,32,38,3,814,8.4,1,0
2330.61,25,12,3,732,30.5,0,0
449.28,52,155,5,831,50.8,1,0
2279.74,26,56,0,354,29.3,0,0
1330.38,36,57,3,701,69.2,1,0
888.82,36,126,1,475,61.9,0,0
722.27,65,0,0,489,72.3,1,0
2575.22,29,80,0,470,28.8,0,0
2488.86,61,121,3,642,48.4,0,0
1147.89,62,2,2,785,35.9,0,0
1211.29,71,4,1,533,39.3,0,0
1308.81,70,85,5,802,1.9,1,0
1120.16,42,117,0,661,66.1,1,0
3209.02,73,152,5,415,23.5,1,0
1158.11,45,56,0,665,11.9,1,0
844.61,46,92,1,391,8.9,0,0
684.3,36,160,5,839,33.3,0,0
153.03,44,150,3,582,55.5,1,0
848.32,72,156,0,743,9.8,1,0
1565.64,26,2,5,450,15.6,1,0
27.75,54,170,0,610,15.2,1,0
1281.84,21,55,1,426,13.3,0,0
2597.2,72,0,0,557,21.2,0,0
583.92,61,143,0,388,97.5,1,0
1030.43,77,20,1,524,22.3,0,0
475.07,59,98,3,708,77.9,0,0
2973.43,30,144,3,630,5.9,0,0
1452.71,54,51,1,612,40.5,0,0
2696.21,30,96,3,398,0.3,0,0
589.36,62,91,5,662,24.5,1,0
2819.69,77,143,0,731,9.3,0,0
246.24,34,148,2,430,2.5,1,0
1637.89,61,1,5,830,2.8,1,0
2226.0,60,27,2,399,36.1,1,0
106.73,26,149,0,509,54.4,0,0
1995.25,76,172,0,608,15.6,1,0
3701.87,58,176,1,417,8.1,0,1
594.42,25,63,1,406,7.7,1,0
292.19,78,31,1,714,18.5,1,0
2430.74,53,66,5,426,49.4,1,1
2021.51,66,168,1,474,23.0,0,0
645.9,56,126,2,581,77.5,1,0
1716.19,71,108,0,328,22.5,1,0
994.63,38,8,5,343,17.7,1,0
1155.02,36,2,0,666,32.8,0,0
794.52,23,44,0,660,18.3,1,0
1719.86,69,168,1,703,3.0,0,0
307.3,49,155,0,889,10.7,1,0
477.77,41,149,3,369,109.1,0,1
1083.06,61,27,5,787,8.9,1,0
3908.74,65,60,0,478,11.5,1,0
720.41,58,64,0,338,27.0,0,0
291.92,20,44,2,410,60.1,1,0
3154.19,31,50,1,802,16.4,1,0
1578.73,46,135,1,388,85.1,0,0
705.02,70,35,0,668,3.5,1,0
2102.17,62,164,5,494,7.5,0,0
178.55,58,143,0,368,26.1,1,0
790.48,24,32,1,403,30.8,0,0
2973.72,20,57,1,557,35.9,1,0
3965.7,37,19,1,830,53.6,1,0
3374.26,26,149,5,569,41.6,0,1
316.39,75,15,0,509,32.7,1,0
394.67,34,126,0,877,50.2,0,0
2605.03,66,156,0,864,37.9,1,0
1143.71,21,127,1,658,31.6,1,0
1803.97,33,5,0,326,60.2,0,0
2650.46,66,4,5,353,26.6,1,0
665.63,46,140,0,418,19.9,1,0
1224.63,41,49,2,747,37.5,0,0
1378.56,45,137,0,315,23.1,0,0
1892.12,30,72,0,621,29.6,1,0
5298.55,27,155,3,790,69.9,0,0
4341.15,32,126,2,525,63.6,1,0
3636.26,37,167,1,839,5.1,1,0
519.4,41,105,5,586,15.2,0,0
3866.94,33,78,1,425,102.9,1,0
1295.73,34,178,5,764,9.5,0,0
1814.69,56,98,1,386,7.2,0,0
153.48,74,97,3,754,9.8,0,0
399.6,53,13,1,332,60.4,1,0
3323.01,40,67,1,328,15.9,1,0
971.38,69,14,0,866,35.4,1,0
2325.37,53,118,3,886,6.4,1,0
623.04,78,60,0,315,64.9,1,0
1804.47,34,138,1,645,14.9,1,0
1019.72,35,167,0,427,51.3,1,0
692.76,30,113,5,317,48.3,1,1
2575.93,59,142,1,718,28.7,0,0
4007.26,54,80,0,751,60.9,0,0
1466.03,50,32,1,478,10.2,0,0
591.94,60,9,0,818,4.2,1,0
3502.17,22,66,1,316,36.6,1,0
2254.07,25,19,5,415,28.1,0,0
537.47,71,174,3,373,54.3,1,0
2030.14,69,92,2,717,47.8,1,0
3263.17,29,94,0,597,10.8,0,0
3229.36,70,80,2,520,28.8,1,0
3564.08,43,166,0,379,33.1,0,0
3315.95,65,107,0,840,19.2,0,0
218.01,39,68,1,889,20.8,1,0
74.98,42,59,5,622,83.1,0,0
2348.52,45,92,0,660,54.1,0,0
32.8,47,107,1,883,24.8,0,0
1304.38,62,149,0,566,107.6,1,0
2333.93,51,37,5,502,47.7,0,0
1957.5,35,141,5,403,22.0,0,0
1366.02,29,18,0,827,12.4,1,0
272.01,54,61,1,421,52.2,1,0
2811.49,58,27,0,375,11.9,1,0
2992.75,66,111,1,788,10.1,0,0
870.8,71,130,0,455,32.7,0,0
285.42,43,82,5,480,62.2,1,0
2233.74,40,12,3,592,39.2,1,0
1370.39,21,53,3,831,79.0,1,0
686.32,37,42,0,594,7.9,1,0
1350.67,77,66,0,537,44.0,1,0
1967.61,67,43,0,340,93.6,0,1
1369.86,32,72,3,755,12.1,0,0
998.6,64,30,5,742,38.5,1,0
4317.28,65,171,0,662,74.9,0,0
1301.59,29,129,2,582,35.5,1,0
1390.3,64,176,2,339,14.4,1,0
693.17,31,142,0,308,26.6,0,0
1359.3,62,50,1,781,87.2,0,0
1876.7,27,50,0,828,63.3,0,1
2947.49,32,45,0,728,41.0,1,0
454.11,41,123,0,607,1.5,0,0
341.8,59,100,2,856,20.4,1,0
1946.9,76,73,3,757,120.7,1,0
368.24,39,169,0,655,31.3,1,0
1455.71,70,125,3,540,25.5,0,0
1946.91,69,104,0,875,16.0,1,0
583.84,47,108,3,566,56.3,0,0
1013.23,71,11,1,758,16.1,1,0
2519.57,68,160,0,637,14.9,0,0
3582.12,70,97,0,641,28.0,1,0
868.43,52,53,2,848,1.0,0,0
1991.63,64,58,1,465,14.1,1,0
1722.81,19,9,0,839,83.5,0,0
1313.26,37,77,0,535,8.6,0,0
1198.54,43,167,3,434,53.2,1,0
2776.06,64,106,0,315,41.9,0,0
70.59,72,155,1,631,1.0,1,0
2387.53,31,25,1,890,24.7,1,0
239.02,45,143,1,794,32.2,1,0
100.81,20,127,3,681,13.8,0,0
902.73,68,59,5,678,15.8,1,0
358.95,70,161,0,397,8.1,0,0
3080.67,24,36,3,784,0.9,0,0
344.17,66,86,0,337,21.7,1,0
1272.13,36,176,1,875,27.1,1,0
359.43,39,118,5,826,73.6,0,0
661.95,27,3,0,832,27.2,0,0
2505.32,21,108,5,474,60.9,1,1
2298.38,19,75,0,745,9.6,1,0
2070.75,39,157,2,877,1.7,0,0
196.26,58,95,1,783,16.1,1,0
0.09,73,34,0,836,78.1,1,0
459.44,23,1,1,492,31.5,0,0
107.41,22,159,5,460,11.6,0,0
199.55,59,3,1,581,9.6,1,0
2543.38,38,94,3,560,19.1,0,0
2598.01,36,45,1,877,73.0,0,0
937.1,43,84,1,784,12.0,0,0
2138.33,24,157,0,446,97.6,0,0
1803.66,22,35,5,735,20.0,1,0
450.7,54,100,3,694,20.0,1,0
1892.4,24,154,1,470,9.6,1,0
2229.33,50,177,1,423,23.3,1,0
2514.72,73,119,2,734,92.2,0,0
3606.81,31,97,2,483,43.1,0,0
565.71,56,79,2,396,40.2,1,0
957.43,36,8,1,790,19.9,1,0
815.26,59,14,0,782,8.8,1,0
1816.16,67,139,0,339,33.5,1,1
1881.05,66,45,0,384,5.8,1,0
2387.62,64,15,2,399,49.5,1,0
1911.08,20,85,2,473,71.8,1,0
2618.89,72,170,0,366,5.2,0,0
1223.66,24,44,5,345,19.4,1,0
621.92,59,0,1,580,18.0,1,0
1588.89,24,144,5,390,36.0,0,0
1462.44,39,151,0,473,35.5,0,0
764.57,65,63,1,495,31.7,0,0
304.13,36,35,2,723,42.6,0,0
1057.25,37,66,5,570,46.4,0,0
23.05,60,133,5,474,2.4,0,0
449.44,55,53,3,655,8.1,1,0
647.6,72,68,0,825,25.0,0,0
828.59,26,132,0,786,22.0,0,0
344.63,61,150,0,630,66.2,0,0
1328.73,45,121,2,644,16.3,0,0
638.79,53,47,0,749,38.6,1,0
369.45,49,62,1,682,40.9,1,0
850.87,78,59,0,731,26.7,1,0
2654.99,20,41,0,607,8.5,0,0
451.5,61,85,0,392,10.9,1,0
2071.5,44,42,5,300,48.6,0,1
1804.82,30,60,1,747,50.3,0,0
2281.97,68,95,0,788,62.0,0,0
1047.23,63,54,5,685,31.1,1,0
1255.17,27,81,0,709,2.1,1,0
2231.17,46,152,3,846,38.6,0,0
718.45,20,56,0,540,72.9,1,0
1115.34,57,101,0,535,20.0,0,0
2422.98,24,86,3,484,29.3,1,0
357.47,49,8,1,731,75.6,0,0
27.12,48,21,2,403,49.1,1,0
2511.05,55,129,3,765,22.7,0,0
2672.41,68,13,1,735,9.9,1,0
3230.44,77,115,2,784,68.3,1,0
1918.52,30,108,3,381,16.6,0,1
3428.71,35,50,5,745,0.1,0,0
4123.99,48,93,0,678,39.9,1,0
37.87,20,138,1,483,40.8,1,0
2520.96,59,9,0,665,23.9,0,0
459.95,53,24,0,448,35.1,1,0
580.52,63,158,1,836,125.6,1,0
1006.0,57,163,0,691,29.9,0,0
369.34,44,5,0,563,5.7,0,0
518.0,31,146,1,610,28.1,0,0
3066.35,32,111,1,490,35.8,1,0
2650.81,30,173,1,579,31.4,0,0
2740.88,27,70,1,773,24.9,1,0
1571.27,33,16,1,771,82.1,1,0
492.9,78,142,0,651,54.9,1,0
1579.27,73,127,1,845,0.6,0,0
1186.26,73,146,0,798,30.2,1,0
1176.98,38,74,2,762,29.1,1,0
558.82,41,144,3,725,2.9,0,0
676.7,34,96,0,687,84.5,0,0
2123.71,55,74,0,462,142.1,1,0
571.32,76,153,1,627,42.5,1,0
27.0,59,162,2,814,32.3,1,0
877.04,37,115,0,481,58.2,1,0
124.19,48,167,0,400,12.6,1,0
159.16,31,162,0,529,40.5,0,0
585.57,55,104,0,632,19.7,0,0
405.76,42,5,3,865,23.1,0,0
1960.82,74,61,0,783,52.6,0,0
351.35,32,147,5,770,101.8,0,0
152.93,30,118,0,639,30.3,0,0
1100.26,66,8,3,832,5.0,1,0
2608.59,35,137,0,846,37.8,0,0
1447.2,70,101,0,672,7.6,1,0
966.7,46,31,0,449,15.8,1,0
1129.54,65,43,2,722,14.1,1,0
1274.97,35,24,2,375,65.9,1,0
77.72,35,87,1,755,21.6,1,0
594.16,57,9,0,451,29.3,1,0
2609.43,64,74,1,462,15.2,1,0
34.56,66,177,0,450,32.3,1,0
1150.49,73,54,1,451,48.7,0,0
752.5,52,103,5,474,45.1,1,0
310.35,52,95,3,796,4.6,0,0
514.56,43,3,0,650,25.2,0,0
1394.71,68,30,1,665,51.9,1,0
3985.3,72,134,1,507,25.4,1,0
650.19,40,129,0,577,30.9,0,0
3021.22,34,62,1,487,37.8,0,0
1009.19,57,68,1,393,4.5,0,0
4033.96,27,133,1,362,23.1,0,0
499.31,48,25,0,626,7.1,0,0
1665.85,31,25,1,798,31.1,1,0
1396.35,26,113,1,767,19.0,0,0
205.11,59,45,2,819,37.5,1,0
2407.5,74,136,1,649,9.9,1,0
903.13,26,46,5,306,18.9,1,0
552.24,30,16,3,611,17.2,0,0
803.28,53,46,1,411,39.9,0,0
117.33,52,120,0,607,19.6,0,0
1693.54,68,101,0,461,39.3,0,0
490.65,57,106,1,534,15.3,1,0
1989.93,28,78,2,662,6.7,1,0
137.94,45,1,3,356,38.1,1,0
2588.94,68,70,0,507,82.1,0,0
1094.38,20,82,3,691,95.6,1,0
1015.16,58,128,5,580,51.3,0,0
2482.26,65,151,5,347,74.2,1,0
2656.87,36,155,3,360,5.0,0,1
174.84,47,72,0,783,61.5,0,0
4886.65,65,105,0,454,69.3,1,0
290.9,39,146,1,870,3.7,1,0
2833.2,74,179,2,669,73.0,1,0
1489.59,33,117,2,641,54.4,0,0
872.11,66,5,0,422,9.4,1,0
2125.79,72,135,0,824,47.2,1,0
846.36,51,83,5,589,23.9,1,0
1010.93,54,28,0,825,31.4,0,0
931.45,31,18,3,583,31.4,1,0
2997.76,60,84,0,486,24.7,1,0
1677.88,46,5,3,888,44.4,1,1
1338.19,33,82,3,454,13.1,1,0
1011.4,53,117,1,888,14.6,1,0
769.7,31,37,1,615,31.2,0,0
2327.8,21,32,2,370,0.1,1,0
3179.54,31,77,0,734,5.5,1,0
3460.47,20,35,5,426,13.2,1,1
3181.49,32,97,0,757,38.0,1,0
1603.94,71,31,0,479,57.6,0,0
2094.56,66,154,2,624,112.0,1,0
3878.61,42,122,1,820,13.3,0,0
2659.22,45,102,0,663,24.0,1,0
2028.1,73,166,1,534,16.5,0,0
2331.17,20,70,2,346,56.0,0,0
1290.25,52,39,0,781,24.9,0,0
2172.64,61,75,2,724,55.9,0,0
2027.11,28,171,0,673,63.0,0,0
2195.55,44,160,2,571,25.1,1,0
1555.95,49,8,0,717,21.6,0,0
1388.48,29,40,0,315,43.9,1,0
4941.32,26,121,5,725,85.2,1,1
501.11,38,121,5,563,14.4,0,0
2443.5,61,24,5,804,4.9,0,0
1502.55,28,57,0,397,13.3,1,0
347.04,35,47,1,636,0.1,1,0
752.73,75,68,0,635,13.4,1,0
2698.64,73,8,3,349,71.7,0,0
3319.96,72,60,0,706,25.1,1,1
1740.44,31,160,3,762,29.5,0,0
1070.21,66,71,2,645,62.9,0,0
1807.71,54,116,0,650,23.3,1,0
226.66,53,32,0,532,62.9,1,0
2924.14,27,88,1,763,63.3,1,0
4827.42,51,46,3,823,18.6,0,0
103.85,31,90,0,876,42.7,0,0
494.12,52,42,2,462,42.0,0,0
764.58,33,38,3,507,39.4,1,0
2689.87,43,133,3,787,12.2,1,0
974.72,23,64,1,513,13.2,0,0
493.24,71,41,1,700,31.9,0,0
438.38,72,89,0,531,36.6,1,0
765.41,56,172,0,510,57.4,1,0
987.09,59,30,1,836,55.2,0,0
311.66,47,76,0,854,3.1,1,0
3034.39,65,87,1,341,25.8,1,0
1127.86,46,149,0,798,76.1,1,0
5356.37,57,153,2,547,103.8,1,0
2728.13,59,26,1,582,10.4,1,0
142.75,35,91,0,313,72.2,0,0
783.32,33,151,3,572,24.8,0,0
2000.03,57,144,3,831,21.1,1,0
3430.97,60,25,0,420,67.8,0,0
316.85,45,100,0,655,56.5,1,0
434.18,44,160,3,326,1.6,0,0
4781.96,25,74,3,329,34.6,1,0
1138.83,41,90,1,583,93.9,1,0
150.94,59,67,0,514,75.3,1,0
1254.51,30,127,0,641,49.7,1,0
1018.32,33,81,1,403,55.9,0,0
522.54,30,97,1,571,63.3,1,0
2297.46,67,40,0,630,59.9,0,0
1658.31,63,164,1,873,23.1,0,0
865.63,24,153,3,569,5.1,0,0
276.16,77,98,0,600,11.8,0,0
1641.98,34,140,0,580,93.9,0,0
3343.08,34,57,5,521,79.1,0,1
1212.2,58,123,5,724,28.2,0,0
2341.6,59,147,3,567,23.1,1,0
1077.27,76,60,2,853,58.3,1,0
738.3,71,179,1,851,13.0,0,0
4991.23,64,121,2,407,37.7,0,0
763.1,54,57,5,575,36.4,0,0
655.05,23,43,0,873,40.4,1,0
2496.71,74,180,0,365,33.1,1,0
821.36,76,7,5,741,31.0,0,0
1556.89,53,178,1,638,62.8,0,0
3780.41,28,138,2,306,48.0,0,0
723.3,23,157,0,842,35.7,1,0
1075.89,57,45,0,330,10.1,1,0
872.07,44,146,3,717,35.5,1,0
2086.74,25,79,2,481,48.0,1,0
241.8,44,51,1,659,20.1,0,0
1220.84,20,155,0,870,28.7,0,0
1272.83,52,3,0,634,21.3,1,0
1801.07,42,17,0,493,29.3,1,0
1472.52,74,174,0,683,56.1,0,0
364.29,30,129,0,755,59.2,0,0
4084.25,69,30,1,598,13.1,0,0
1967.84,76,25,5,497,63.8,0,0
4298.16,78,168,3,758,25.4,0,0
2233.75,28,61,5,492,32.0,1,1
5176.21,49,168,0,832,60.9,0,0
412.35,55,179,3,859,64.2,0,0
2878.82,37,160,3,713,71.1,1,0
540.72,39,143,5,698,22.8,1,0
1479.53,62,178,0,840,12.1,0,0
3881.18,66,146,0,621,64.9,0,0
2418.72,31,90,0,744,29.9,0,0
1009.73,32,25,5,490,9.0,0,0
2107.66,32,146,0,346,31.9,1,0
66.75,19,61,2,481,64.4,1,0
781.68,21,39,0,552,75.0,1,0
525.52,74,160,1,509,44.2,1,0
3988.22,43,71,1,799,24.8,1,0
146.17,63,114,0,528,8.7,0,0
3622.55,50,17,0,849,77.2,1,0
967.35,64,177,3,591,79.5,1,0
549.75,26,101,1,388,11.8,1,0
798.22,49,27,0,534,18.8,0,0
2217.83,70,17,1,746,82.2,1,0
2461.86,21,169,1,515,62.1,1,0
2060.1,74,64,0,658,22.1,1,0
277.51,28,74,0,530,11.4,0,0
31.86,20,112,0,551,74.8,1,0
3603.61,22,28,0,719,100.9,0,0
2880.9,42,9,0,406,101.4,0,1
1720.33,43,145,0,529,20.3,0,0
3140.24,77,121,3,589,45.9,1,0
1172.42,58,64,2,765,40.6,1,0
2263.44,42,57,0,593,60.7,0,0
315.93,29,94,0,742,39.9,1,0
1087.96,53,58,3,428,35.7,1,0
1381.82,48,115,5,697,66.3,1,0
504.38,65,135,1,551,55.8,0,0
2115.99,65,168,2,774,20.5,1,0
675.64,49,27,5,607,57.4,1,1
1589.07,29,168,3,829,69.6,1,0
961.75,43,145,0,579,41.6,0,0
1200.45,28,105,2,779,12.7,0,0
3567.23,39,156,0,399,87.7,0,0
4182.27,22,84,0,620,24.3,1,0
1807.07,72,16,2,623,42.5,1,0
843.39,25,143,0,455,11.7,0,0
839.07,29,143,5,587,8.8,0,0
764.83,47,24,0,438,0.7,1,0
1333.87,56,176,2,751,29.9,0,0
2931.62,61,145,2,647,25.8,0,0
1933.18,38,173,3,453,29.0,0,0
1767.77,59,82,1,385,37.5,1,0
1282.04,76,151,3,473,13.2,1,0
1633.4,52,6,5,626,50.3,0,1
1290.23,47,110,2,341,54.1,1,0
1301.81,24,85,0,433,24.2,0,0
2657.66,76,120,3,697,24.7,0,0
1015.11,42,131,3,716,58.5,1,0
535.88,31,125,1,573,45.6,0,0
1750.99,61,81,0,323,11.8,0,0
1661.42,42,16,0,885,29.8,0,0
1336.81,19,87,0,459,15.8,1,0
120.38,58,31,0,442,71.7,0,0
2060.59,64,23,0,743,8.6,0,0
894.36,59,135,1,787,18.7,0,0
1146.95,49,73,0,753,21.8,0,0
4760.29,35,36,1,426,71.9,0,1
2663.73,33,41,3,603,34.7,1,0
851.03,71,88,1,843,61.1,0,0
2319.38,67,41,0,363,13.9,0,0
1633.58,67,110,0,756,11.9,0,0
600.09,68,92,0,882,11.2,1,0
606.13,70,122,2,811,54.2,1,0
981.12,31,58,0,343,158.0,1,0
2168.17,69,103,5,775,4.3,1,0
1087.18,20,35,2,690,19.4,0,0
3845.46,61,44,0,488,26.2,0,0
536.91,40,50,0,809,34.4,1,0
2613.53,36,58,1,798,48.8,1,0
2037.2,61,15,2,408,12.3,0,0
640.11,28,60,5,521,32.7,1,0
3242.16,40,161,1,739,4.9,0,0
146.46,42,176,0,678,13.2,1,0
272.87,32,83,1,620,33.6,1,0
651.92,40,178,1,430,2.2,1,0
1767.63,64,151,1,555,18.6,1,0
2205.28,75,24,3,451,2.0,1,1
834.5,76,68,0,760,23.1,1,0
1509.34,28,93,0,785,11.1,0,0
2607.38,58,123,0,579,20.7,1,0
19.64,31,165,1,423,96.2,1,0
1110.1,70,129,1,554,6.2,1,0
1292.83,35,52,0,603,14.6,0,0
230.38,42,119,0,757,12.9,1,0
901.52,25,70,5,582,17.5,0,0
343.66,27,82,0,426,26.9,0,0
161.21,39,96,0,744,7.6,1,0
120.72,21,164,1,631,87.4,0,0
3438.91,27,127,0,369,41.9,0,0
2323.03,34,23,2,665,6.5,1,0
884.04,44,139,0,837,32.6,1,0
508.85,71,22,1,759,34.1,0,0
2190.04,34,14,0,353,3.6,0,0
3640.46,28,35,2,630,37.7,1,0
1057.93,67,74,5,324,13.1,1,0
3138.83,32,58,5,307,33.3,1,0
52.54,76,42,3,517,1.2,0,0
3333.74,37,68,2,823,13.6,1,0
1814.56,40,50,2,566,72.2,1,0
1120.02,57,166,3,509,29.4,0,0
658.22,78,52,1,883,32.3,1,0
234.95,71,77,2,774,54.2,0,0
1598.9,72,64,1,823,103.4,0,0
1398.45,40,52,5,697,44.7,1,0
742.82,77,125,5,874,62.4,1,0
560.89,23,157,0,300,61.8,0,0
3465.71,78,0,1,755,55.7,1,0
1858.41,42,55,1,733,15.6,1,0
922.7,68,8,0,609,24.2,0,0
4037.38,70,52,0,331,15.5,1,0
3031.44,48,148,1,576,61.8,0,0
1212.57,28,55,0,707,28.2,1,0
1625.54,45,44,0,890,21.2,0,0
4168.01,64,72,5,507,0.6,1,1
781.63,34,176,5,301,100.3,0,0
2019.76,63,125,1,348,16.8,1,0
151.42,49,139,0,682,5.5,1,0
76.12,59,88,3,478,11.1,1,0
3747.77,28,172,5,855,12.9,1,0
651.95,75,35,2,667,42.6,1,0
997.03,75,10,2,818,5.3,0,0
1543.32,29,146,0,510,1.1,1,0
561.96,51,139,0,832,29.5,0,0
1143.79,29,58,2,800,70.6,0,0
1949.68,78,101,3,524,13.1,1,0
498.66,33,163,5,459,89.9,0,0
4300.24,70,27,5,447,45.7,0,0
323.69,38,53,0,495,83.0,0,0
910.08,71,174,0,368,46.1,1,0
3848.75,61,103,0,607,85.5,1,0
1609.58,56,122,0,803,60.9,0,0
513.54,49,98,0,732,44.7,1,0
730.64,43,9,5,388,98.7,1,1
2142.54,72,161,0,765,36.4,1,0
1433.56,21,82,1,865,134.9,1,0
1017.37,27,151,0,818,23.1,1,0
1703.47,55,99,0,559,49.1,0,0
2029.84,37,41,0,597,24.8,1,0
325.84,23,50,5,797,77.0,0,1
1637.98,76,45,3,344,51.6,1,0
19.23,73,126,1,755,71.2,0,0
2779.64,57,144,0,748,70.4,1,0
1103.6,52,177,2,856,12.3,0,0
2770.55,63,108,0,366,29.0,0,0
2538.51,44,129,1,440,8.1,0,1
2025.99,31,114,2,870,33.3,1,0
3355.51,56,105,0,873,9.4,0,0
1682.04,63,100,0,680,37.1,0,0
3023.82,36,149,0,610,23.7,0,0
1268.18,32,48,5,789,65.7,1,0
2091.62,59,138,0,449,64.9,0,0
2749.31,49,131,0,879,73.5,0,0
1261.57,42,57,1,716,56.5,0,0
2470.97,44,7,1,682,29.4,1,0
1752.72,77,32,5,821,4.4,1,0
1229.93,57,133,1,809,3.4,0,0
1745.3,24,180,0,340,22.9,1,0
781.45,77,87,1,848,76.9,1,0
2239.01,50,98,0,780,15.5,1,0
170.53,52,157,0,557,22.4,1,0
2622.75,33,80,2,545,18.1,0,0
227.88,52,173,3,585,90.1,1,0
731.46,58,35,1,494,2.6,1,0
240.98,48,148,0,420,11.2,1,0
1927.55,72,86,0,808,87.9,1,0
13.8,55,117,2,449,23.1,1,0
1137.71,71,140,3,303,124.2,0,0
4348.72,48,140,1,823,16.9,1,0
2704.11,50,152,0,787,33.3,1,0
1893.47,42,13,0,371,37.2,1,0
435.92,25,175,3,509,15.4,0,0
1007.08,40,159,1,591,17.7,1,0
1576.89,67,68,2,542,73.5,0,1
995.9,29,98,1,854,14.2,0,0
3270.33,36,124,0,397,55.6,0,0
1501.79,29,44,1,586,63.6,0,1
437.86,74,153,3,756,17.6,0,0
2082.21,47,113,0,693,13.6,1,0
1296.01,62,125,3,836,7.0,1,0
874.27,72,113,1,681,20.3,0,0
672.09,43,43,3,512,16.7,0,0
261.24,37,59,3,780,37.0,0,0
791.53,23,115,0,698,2.3,1,0
2792.78,47,108,0,747,25.5,1,0
804.0,35,122,0,472,107.5,0,0
42.96,70,50,0,690,22.7,1,0
1515.41,29,23,0,556,82.1,0,0
1172.45,28,111,1,490,42.7,0,0
1478.96,74,23,0,886,32.9,0,0
346.33,29,60,0,500,27.8,0,0
3422.01,30,136,0,773,63.9,1,0
3196.83,34,2,2,475,96.0,1,0
2962.58,22,100,0,471,26.2,0,0
1836.41,57,94,1,773,4.5,0,0
613.25,29,163,0,368,41.3,1,0
773.72,50,173,3,863,67.7,1,0
918.25,52,90,3,557,32.0,1,0
1688.87,21,52,0,676,3.8,1,0
2413.97,38,95,0,622,2.2,1,0
2796.06,59,37,5,443,24.3,1,0
3217.75,76,112,1,798,87.0,1,0
1829.59,48,33,3,352,37.9,0,0
3908.66,37,95,0,658,34.6,1,0
3507.64,23,153,1,663,32.9,1,0
4087.49,23,90,2,498,10.9,1,0
3551.95,28,143,1,361,127.5,0,0
215.26,47,103,2,771,8.2,1,0
1094.43,52,149,0,748,32.6,1,0
1013.85,54,144,0,457,14.8,1,0
658.54,59,68,0,445,43.2,0,0
80.07,21,11,1,312,46.7,0,0
214.17,71,38,3,860,2.5,1,0
2328.07,29,9,1,794,139.1,0,0
1977.3,62,126,0,381,7.8,1,0
131.77,42,120,1,890,73.9,1,0
796.47,62,150,1,551,40.6,0,0
106.03,51,76,5,714,32.9,0,0
269.45,25,37,1,524,95.8,0,0
1590.32,53,129,2,722,35.0,1,0
898.62,29,159,5,367,34.4,1,0
2634.0,46,39,3,784,34.3,0,0
316.63,50,125,3,519,45.0,1,0
1304.61,70,42,2,463,49.7,1,0
1617.29,24,2,0,853,5.3,1,0
4523.6,70,178,0,352,78.1,0,0
2418.92,72,93,2,885,26.8,0,0
2249.96,21,149,0,340,2.3,0,0
1524.96,44,125,0,573,42.8,1,0
1594.31,37,35,0,773,7.7,1,0
1494.27,50,155,1,590,27.5,0,0
727.23,49,115,2,821,40.2,1,0
782.28,70,60,1,634,18.9,0,0
1717.75,24,15,0,451,38.7,0,0
2887.09,37,85,2,893,65.6,0,0
495.22,60,171,1,514,28.1,1,0
217.98,41,16,0,332,50.0,1,0
1840.78,44,82,5,436,21.2,1,0
618.33,77,145,0,307,36.5,0,0
295.95,40,37,0,443,43.3,0,0
9.83,31,46,3,339,20.9,0,0
552.9,42,86,0,407,49.7,1,0
2188.17,28,85,1,843,14.8,1,0
3263.72,58,50,3,340,17.8,1,0
155.49,67,116,0,591,2.1,1,0
2089.47,23,121,3,774,35.1,0,0
1741.13,35,76,0,534,4.5,1,0
2282.01,33,115,1,706,20.8,0,0
3810.51,36,137,3,316,1.5,1,0
289.36,56,54,1,418,20.1,0,0
649.6,30,139,1,314,61.3,1,0
991.99,20,25,0,564,57.2,0,0
466.57,76,109,1,467,16.6,1,0
2374.0,53,177,0,378,5.7,0,0
1273.87,34,16,1,483,17.4,0,0
276.31,72,136,5,823,60.2,0,0
781.21,41,23,2,480,26.2,1,0
107.3,20,158,0,364,11.5,0,0
2672.06,53,49,5,659,82.1,0,0
736.1,25,131,3,517,63.1,0,0
478.91,66,178,0,532,32.4,1,0
76.82,42,50,0,337,29.2,1,0
948.47,61,95,2,725,16.8,0,0
1609.69,72,24,0,439,7.1,1,0
3612.64,40,30,0,624,18.4,0,0
1747.67,73,27,0,607,10.0,0,0
3489.25,36,87,3,376,119.4,1,1
745.76,20,6,1,635,51.5,0,0
3569.2,57,153,0,671,47.7,0,0
1079.54,75,31,0,890,55.9,0,0
1618.67,38,140,0,862,26.0,1,0
822.54,44,10,1,730,4.6,0,0
1141.44,23,24,0,409,33.0,1,0
1759.12,25,67,0,874,18.0,0,0
2264.24,55,179,0,317,70.4,1,0
962.53,71,174,1,717,3.5,0,0
2591.4,65,48,5,860,17.1,0,0
1739.47,31,135,1,652,77.5,0,0
1575.55,37,68,1,427,27.5,1,0
1136.17,26,103,1,559,18.7,0,0
1978.59,61,63,0,341,28.4,0,0
1121.79,62,101,0,523,44.8,1,0
744.15,64,28,0,723,6.2,0,0
400.52,60,31,2,632,27.4,1,0
5.31,61,51,0,511,16.2,1,0
3228.56,61,62,5,800,37.6,1,0
1178.79,29,15,0,769,62.6,1,0
2149.0,37,71,0,736,41.0,0,0
1243.71,48,89,1,529,5.3,1,0
3081.73,43,69,0,791,37.8,0,0
2947.39,60,124,3,524,71.9,0,0
872.47,63,25,1,828,27.8,1,0
3125.42,75,27,1,589,26.6,1,0
1308.31,54,157,0,808,39.4,0,0
3746.59,68,141,3,881,28.4,1,1
1450.19,38,108,1,578,38.0,0,0
641.64,55,144,2,398,69.1,1,0
1572.39,21,86,2,782,48.3,0,0
391.02,54,4,0,405,21.8,0,0
1879.25,45,136,0,405,0.1,1,0
1390.62,42,24,0,562,47.3,0,0
2688.57,60,150,5,514,86.6,0,0
1262.92,70,64,1,345,40.0,1,0
922.52,63,1,5,521,5.1,1,0
2635.84,33,147,1,300,47.9,1,0
3501.13,54,178,0,327,6.7,0,0
803.32,31,44,0,539,5.8,0,0
1542.8,27,75,5,362,45.8,1,0
1698.54,77,52,2,606,35.0,1,0
4175.43,49,96,0,475,53.3,1,1
2508.68,45,27,0,461,88.6,0,0
179.11,63,42,1,832,41.7,1,0
4027.98,53,169,1,759,134.6,1,0
2043.52,39,66,1,320,17.1,0,0
117.74,78,23,0,429,54.9,0,0
72.97,26,143,5,704,73.0,0,0
2508.08,70,32,1,351,93.9,0,0
92.21,53,23,1,567,8.3,1,0
1412.13,50,52,0,525,9.4,0,0
791.23,65,162,0,629,9.1,1,0
721.49,20,8,0,327,96.5,0,0
1094.5,29,163,0,384,3.5,0,0
1749.86,76,137,2,358,20.4,0,0
2495.93,62,29,1,599,17.5,1,0
386.07,61,147,5,594,13.6,1,0
1296.65,71,73,0,621,2.7,1,0
481.81,21,153,0,302,18.0,1,0
336.51,24,92,1,842,59.5,0,0
184.99,28,68,1,629,8.7,1,0
657.59,69,147,3,342,75.3,0,0
2167.82,45,154,5,663,28.9,0,0
1863.54,73,134,0,428,77.4,0,0
2304.62,74,100,1,841,66.9,0,0
3316.55,35,160,1,481,13.3,1,0
2838.63,43,48,0,709,0.3,1,0
814.58,44,158,1,474,0.4,1,0
1807.66,45,33,2,841,45.0,1,0
247.86,24,118,0,699,84.6,1,0
607.14,67,95,1,343,2.8,0,0
1495.07,40,139,0,600,79.5,0,0
1476.36,24,120,3,615,15.4,1,0
2373.57,71,135,0,531,16.4,0,0
459.89,30,70,2,437,3.7,1,0
468.72,40,9,1,358,36.6,1,0
2088.81,67,90,1,838,6.3,1,0
1769.56,65,56,0,404,6.3,0,0
284.26,65,31,0,503,8.7,0,0
521.9,32,34,3,630,0.5,0,0
867.7,23,21,5,635,25.9,1,0
4075.98,68,141,0,310,0.7,0,0
3898.67,56,27,2,724,32.1,0,0
2155.75,19,62,3,641,21.5,1,0
1224.47,71,152,0,725,21.1,0,0
564.16,58,88,0,359,16.1,0,0
1894.01,52,163,1,411,28.8,1,0
163.23,72,6,0,717,47.5,0,0
595.37,57,154,0,375,74.0,0,0
403.59,24,65,0,601,55.8,0,0
876.83,72,93,0,645,56.5,0,0
70.3,69,11,0,419,46.1,0,0
3221.41,31,14,1,669,57.7,1,0
962.33,67,6,3,457,26.2,1,0
2165.66,30,55,1,648,9.9,1,0
514.83,46,146,0,797,41.6,1,0
1798.4,58,53,1,597,12.5,0,0
565.05,69,135,5,498,68.0,1,0
1001.37,54,135,0,717,28.6,0,0
68.01,26,13,0,679,23.7,1,0
3970.16,51,94,0,596,28.4,1,0
3379.94,47,65,0,712,5.2,1,0
107.07,68,168,1,865,2.9,1,0
367.99,69,93,3,882,16.9,0,0
51.4,68,128,1,883,6.7,0,0
1755.08,72,57,1,444,7.8,1,0
2085.69,45,159,0,871,14.6,1,0
144.99,45,7,5,478,14.1,0,0
3455.61,52,155,1,633,2.5,1,0
2660.74,61,143,0,591,8.9,0,0
4235.79,26,36,3,649,0.8,0,0
1693.19,56,91,0,744,1.6,1,0
658.53,41,104,0,521,3.7,0,0
1446.11,72,175,0,494,3.0,1,0
3680.4,35,49,1,708,11.8,0,0
1571.05,51,69,0,330,13.1,0,0
1228.17,73,131,3,700,24.5,1,0
3872.43,67,99,1,376,45.7,0,0
1732.59,71,6,0,367,13.2,1,0
274.8,37,161,0,629,1.0,0,0
1642.79,52,50,5,721,58.9,0,1
246.69,36,4,5,751,61.9,1,0
798.29,47,35,3,721,28.8,0,0
130.86,24,125,5,693,62.2,0,0
1992.61,23,67,0,706,17.1,1,0
1540.37,33,22,0,621,45.3,1,0
1854.95,44,27,5,857,52.4,0,0
2596.7,77,42,0,380,148.0,0,1
3098.94,34,131,2,435,63.3,1,0
35.49,26,48,1,758,3.6,0,0
33.43,56,12,0,892,10.4,1,0
2022.57,21,24,3,582,5.2,1,0
1286.01,35,26,3,781,47.0,0,0
3239.38,50,170,0,491,16.9,0,1
1548.47,50,150,0,404,34.9,0,0
2618.79,55,139,2,803,2.4,1,0
1308.94,74,138,1,417,53.6,0,0
2736.49,40,58,5,323,18.9,1,0
829.59,46,103,0,764,13.7,1,0
1697.75,34,103,0,315,74.2,1,0
605.22,61,43,0,529,35.6,1,0
3721.92,62,168,2,315,124.8,1,0
532.2,35,103,0,374,26.1,0,0
6.55,44,116,0,870,4.7,1,0
138.2,69,139,0,462,15.0,0,0
2506.92,21,154,1,855,28.4,1,0
675.86,51,74,0,605,15.5,1,0
269.85,23,165,0,590,12.3,1,0
391.96,70,9,5,393,7.5,1,0
1373.59,47,99,5,500,69.9,0,1
300.75,68,19,0,772,1.3,1,0
672.41,73,159,3,817,22.4,1,0
2814.06,39,132,1,805,82.4,0,0
1023.13,19,102,0,543,7.9,1,0
1155.23,76,92,3,690,29.8,1,0
860.63,26,42,1,854,15.8,0,0
401.19,35,46,3,771,52.4,1,0
462.31,37,47,1,436,78.6,1,0
1714.09,31,139,0,648,4.8,1,0
3188.43,39,47,2,794,49.0,0,0
696.99,55,43,3,526,40.2,0,0
578.95,25,57,0,873,18.2,1,0
3333.17,52,67,3,872,29.3,1,1
456.9,62,73,1,529,61.8,0,0
674.39,62,131,0,415,5.4,1,0
1709.88,72,180,2,895,42.9,0,0
3984.72,32,100,1,390,37.9,1,0
3394.79,31,27,1,477,66.9,1,0
1546.36,65,134,0,543,60.7,1,0
1089.21,58,68,0,411,26.6,1,0
1305.84,41,45,5,692,9.7,0,0
704.69,57,33,5,306,12.4,1,0
1369.53,54,89,3,466,67.9,0,0
1900.77,68,109,3,359,11.2,1,0
145.13,67,115,5,586,0.8,1,0
2716.44,51,86,1,854,67.8,1,0
58.3,74,81,1,482,37.9,0,0
632.55,24,177,3,640,6.8,0,0
3040.5,21,39,1,681,46.7,0,0
1620.97,34,33,0,633,9.2,1,0
2566.4,21,133,1,735,21.3,0,0
940.54,52,134,3,695,52.0,1,0
3435.39,78,56,3,759,5.9,1,0
789.68,66,1,0,675,59.8,0,0
334.47,23,134,1,477,115.1,0,0
1397.73,31,155,0,307,33.4,1,0
3489.35,75,23,1,725,43.7,1,0
1742.84,41,6,0,782,68.6,1,0
2613.55,69,46,2,791,43.0,1,0
1171.59,59,68,5,438,18.0,1,0
851.32,28,158,0,823,15.5,1,0
589.33,25,100,0,862,4.9,0,0
3293.34,30,16,5,520,5.8,0,0
985.11,55,167,0,329,7.4,1,0
3297.46,77,157,1,721,102.5,0,0
910.08,61,149,0,610,51.3,0,0
3176.82,39,167,2,550,87.0,0,0
2297.87,26,125,5,804,8.3,0,0
315.36,20,146,2,567,38.8,1,0
2885.33,64,29,0,757,6.4,1,1
257.34,29,14,2,552,1.4,1,0
3222.63,32,125,2,441,13.9,0,0
3414.69,25,34,2,706,30.5,0,0
2641.81,35,141,5,776,93.5,1,0
1803.5,64,95,2,489,83.7,0,0
781.25,72,10,1,317,28.7,1,0
1327.88,24,146,2,412,59.5,1,0
1656.39,32,146,0,323,0.5,0,0
2900.12,56,89,0,394,99.5,1,0
687.04,51,49,0,501,99.3,0,0
1822.29,62,151,5,395,19.2,0,0
2018.66,28,29,1,461,26.9,0,0
4581.53,45,119,0,354,26.7,0,0
1183.79,26,97,3,407,2.7,0,0
3208.11,21,114,0,651,34.4,1,0
1873.02,65,54,0,600,72.9,0,0
230.4,61,45,5,608,62.3,0,0
1403.7,24,72,0,871,4.3,1,0
2063.07,19,147,2,437,48.0,0,0
1002.2,71,151,1,675,25.2,1,0
1496.01,66,167,0,519,7.5,1,0
600.15,20,24,1,764,24.0,0,0
2476.16,54,83,2,696,107.2,1,0
3182.94,35,19,0,326,76.5,0,0
2622.94,42,157,0,790,2.2,0,0
1042.02,58,15,5,387,43.8,1,0
101.66,27,32,1,843,2.3,0,0
991.89,71,175,0,527,99.7,1,0
1458.05,42,103,5,877,22.7,1,0
2207.78,23,94,5,656,1.4,1,0
3207.37,35,122,0,440,60.4,1,0
1650.57,22,30,0,339,20.2,0,1
3459.26,54,58,0,760,17.5,1,0
2828.65,46,132,0,857,3.8,0,0
2052.86,47,27,0,331,35.1,0,0
725.99,31,130,0,718,22.8,1,0
3434.35,40,20,0,594,41.0,1,0
2873.09,31,102,0,416,6.7,0,1
328.44,53,135,2,757,9.9,1,0
245.43,32,30,0,641,6.6,0,0
2059.53,57,103,0,750,45.4,1,0
2436.15,28,20,2,899,7.4,0,0
2329.4,49,4,0,358,34.2,1,0
45.22,40,160,0,369,35.6,0,0
688.03,26,64,0,320,11.3,1,0
2238.9,23,144,1,887,5.9,0,0
37.01,39,44,0,561,34.5,0,0
367.33,71,127,3,841,92.0,1,0
603.24,56,112,0,724,1.3,1,0
1199.59,77,97,0,452,1.4,0,0
2851.86,55,68,1,538,6.5,0,0
247.6,63,131,1,896,30.6,0,0
956.86,64,67,0,741,22.3,0,0
567.91,71,138,0,408,29.8,0,0
2393.82,61,7,1,397,29.5,0,0
197.31,55,131,5,450,41.1,0,0
899.87,72,137,1,820,22.9,0,0
3568.82,78,102,1,611,65.4,0,0
3844.87,75,91,1,884,86.4,1,0
1244.15,53,44,0,326,86.2,1,0
50.01,61,23,0,493,37.2,1,0
733.06,67,165,0,461,58.7,1,0
1038.69,57,171,3,873,18.1,0,0
1226.72,61,122,0,573,32.6,0,0
1297.28,76,22,3,415,39.9,1,0
699.28,34,45,5,590,21.8,0,0
687.86,78,117,3,486,33.3,1,0
3765.8,63,163,1,685,40.5,1,0
549.49,46,6,1,763,72.1,1,0
388.77,40,26,3,445,28.0,0,0
360.5,71,161,3,581,73.3,0,1
4929.85,68,56,1,847,0.5,1,0
869.79,75,111,0,564,19.4,1,0
3703.76,47,154,0,735,16.1,0,0
2367.44,32,28,1,666,33.1,0,0
2860.13,25,59,1,786,25.3,1,0
1101.67,21,65,2,869,114.4,0,0
1632.89,77,42,2,585,41.0,1,0
1041.24,46,81,0,497,75.2,1,0
1565.29,73,16,5,795,20.4,0,0
2011.46,53,146,0,859,42.1,0,0
644.0,25,69,0,753,32.1,1,0
1606.47,33,83,0,703,4.6,1,0
790.84,53,158,1,895,4.2,1,0
33.96,51,97,1,392,9.4,1,0
1108.36,61,12,0,427,54.6,0,0
976.66,62,122,2,552,7.4,1,0
1907.35,49,20,3,363,25.4,0,0
1304.21,70,101,1,731,3.8,1,0
3341.63,25,131,1,635,11.3,1,0
1065.05,20,152,1,439,23.4,1,0
375.66,37,96,3,580,7.8,1,0
71.08,46,67,0,314,39.0,1,0
2352.66,47,87,0,884,14.8,1,0
727.41,33,49,0,735,52.7,0,0
1433.12,44,97,0,488,10.3,1,0
1024.85,59,85,2,534,38.6,0,1
2636.96,73,47,0,479,2.5,0,0
3812.53,46,122,5,618,3.6,1,1
974.33,20,26,0,481,33.7,1,0
2372.03,73,128,1,846,42.7,1,0
4448.12,53,3,0,785,23.3,1,0
717.84,31,20,0,891,21.8,1,0
1255.09,70,69,5,438,13.5,1,0
2487.54,46,19,0,413,25.6,0,0
136.32,67,122,2,533,14.8,1,0
56.86,67,136,0,772,0.9,1,0
252.69,35,131,0,617,8.9,0,0
1140.45,51,83,1,670,3.6,1,0
486.12,38,167,2,592,17.8,1,0
1805.5,75,19,0,443,41.0,0,0
822.83,68,137,5,386,22.4,1,0
1575.95,34,170,1,470,47.2,1,0
2217.0,53,97,0,374,90.6,1,0
3071.03,70,17,3,552,24.0,0,0
983.41,43,155,1,632,5.7,0,0
2256.48,33,78,0,336,2.2,0,0
872.67,49,129,1,826,19.2,0,0
679.94,35,65,2,567,40.3,1,0
1672.82,53,92,0,786,4.4,0,0
1352.63,60,175,2,546,1.4,0,0
506.28,61,65,3,881,32.8,1,0
1357.09,75,176,0,613,8.0,1,0
369.1,25,70,5,440,53.0,1,0
1832.77,65,153,3,558,23.9,0,0
3537.47,60,57,5,466,22.6,0,0
1425.65,26,165,5,330,2.1,1,0
2907.34,32,44,0,891,88.9,0,0
3199.23,19,47,1,479,70.8,0,1
669.11,46,97,0,346,16.9,0,0
317.89,54,173,5,695,23.9,0,0
2286.11,42,98,0,595,36.8,0,0
1376.38,78,81,1,387,70.5,0,0
767.62,68,140,0,499,89.0,1,0
2535.0,72,173,0,335,19.7,0,0
1240.05,72,103,0,303,12.7,1,0
957.44,66,150,3,748,55.2,0,0
1577.68,46,171,3,732,13.0,1,0
3358.3,77,94,1,388,24.7,0,0
3988.86,37,0,5,854,40.1,1,1
1356.42,56,68,5,342,39.4,0,0
286.25,45,140,1,601,10.1,0,0
904.79,44,40,3,770,31.0,0,0
656.82,52,162,0,783,7.3,1,0
1535.87,70,151,3,484,24.4,1,0
2659.25,43,5,1,429,40.6,0,0
3280.8,67,91,5,834,81.1,0,0
1002.51,73,1,2,442,35.3,0,0
46.69,26,117,5,767,56.6,1,0
810.58,37,98,0,376,0.8,0,0
1831.31,28,71,0,712,35.0,0,0
1565.92,49,85,0,760,39.8,0,0
3642.08,35,93,1,435,39.9,0,0
486.53,50,11,2,745,47.4,0,1
512.14,74,93,5,300,10.2,0,0
3218.39,33,180,2,719,37.4,1,0
200.07,27,71,5,481,27.0,0,0
1202.66,75,71,0,359,33.7,0,0
712.8,52,46,0,568,52.0,1,0
2225.62,43,138,2,306,51.5,1,1
2011.78,60,178,0,393,73.3,0,0
3233.71,73,118,0,388,11.3,1,0
3899.22,66,92,1,751,60.1,0,0
1494.59,48,18,3,621,29.0,0,1
2045.54,72,167,0,816,28.8,1,0
617.35,70,165,0,881,49.5,1,0
223.03,73,105,2,434,10.6,1,0
467.9,72,22,0,785,23.4,0,0
1432.76,76,18,0,564,4.6,1,0
50.41,58,103,1,487,61.2,0,0
44.86,69,92,5,562,121.8,0,0
2565.78,22,103,1,858,0.5,1,0
311.17,54,56,1,606,31.3,0,0
2485.17,33,97,1,715,12.9,0,0
959.04,71,113,1,351,31.5,1,0
179.88,42,101,0,510,5.5,0,0
1593.89,78,85,2,409,20.6,0,0
446.89,61,153,0,539,41.6,0,0
2871.6,51,99,0,319,19.1,0,0
201.52,62,99,0,481,111.8,0,0
536.38,77,59,2,574,51.0,0,0
4370.9,61,34,0,748,19.0,1,0
2341.67,22,2,0,727,2.1,0,0
1999.17,65,46,2,565,37.9,1,0
917.31,37,11,5,402,13.1,1,0
2137.03,54,12,2,674,17.0,0,0
213.78,22,2,3,594,45.1,0,0
1233.65,63,148,0,303,13.8,1,0
4045.59,46,11,1,365,11.3,0,0
1099.5,33,167,2,478,42.8,1,0
1200.88,62,145,2,450,67.6,0,0
1673.74,50,145,0,319,26.0,1,0
4273.96,54,15,0,859,10.7,1,0
754.04,63,61,5,812,21.7,1,0
3423.16,32,169,1,883,79.5,1,0
189.91,74,57,0,302,91.4,1,0
884.47,29,85,2,308,74.2,0,0
1070.89,50,54,3,620,24.9,1,0
245.87,48,137,1,488,40.7,0,0
167.43,68,38,1,526,24.3,1,0
1417.15,69,8,0,731,23.9,0,0
3748.6,53,142,3,822,22.4,1,0
3079.67,24,98,3,754,90.3,0,0
1072.45,76,173,2,767,17.0,1,0
3112.15,53,115,2,879,18.7,0,0
476.0,46,79,0,704,9.7,0,0
2063.77,70,45,0,444,14.7,1,0
601.62,48,118,0,429,17.9,0,0
3227.52,72,41,1,863,67.4,0,0
2224.75,25,165,0,369,62.0,1,0
435.61,55,125,0,674,16.8,0,0
1453.31,32,137,2,640,26.8,0,0
2624.67,48,176,5,471,15.4,0,0
1143.28,67,86,1,790,13.4,0,0
3236.98,28,130,5,476,12.8,1,0
3419.84,61,24,0,472,34.2,1,0
2990.62,58,75,0,534,36.8,0,0
1839.54,36,71,5,585,45.3,0,0
3847.71,66,28,0,731,16.2,1,0
627.93,62,32,0,430,40.3,0,0
2397.29,64,178,0,524,15.7,0,0
112.11,78,32,0,549,34.1,1,0
3710.46,27,128,0,727,37.8,1,0
56.9,19,174,0,652,42.1,0,0
347.2,44,149,0,850,36.3,0,0
1491.36,29,153,0,725,23.7,0,0
280.0,74,40,1,422,57.9,0,0
2550.78,71,70,0,696,35.1,1,0
1258.4,31,30,3,798,9.6,0,0
83.13,42,106,3,771,57.9,0,0
140.23,24,146,3,670,67.8,1,0
1073.67,69,65,1,337,13.9,1,0
429.83,38,154,1,530,36.7,1,0
540.61,29,116,1,432,71.6,0,0
1400.71,24,75,0,561,50.6,0,0
506.12,66,87,2,572,57.4,0,0
592.32,75,10,5,400,15.6,1,0
1280.49,71,21,3,569,54.5,0,0
612.24,27,72,5,491,45.1,1,0
474.13,34,66,1,335,42.0,0,0
812.75,61,135,5,715,16.8,0,0
918.95,48,99,1,811,17.7,1,0
727.0,65,68,2,504,56.7,1,0
582.13,73,69,3,695,40.0,1,0
2145.31,36,32,0,481,30.6,1,0
3497.98,19,146,2,613,28.6,0,0
1798.07,28,82,2,889,57.1,1,0
1730.22,73,61,0,764,1.0,1,0
409.84,26,68,0,694,66.9,0,0
30.28,35,166,1,553,155.9,0,0
1715.68,39,79,1,357,10.9,1,0
1681.94,33,26,0,330,87.4,0,0
181.55,29,36,0,381,12.8,1,0
1953.81,54,71,2,460,49.3,0,0
2391.91,76,45,3,817,13.8,1,0
2412.79,62,127,0,415,28.1,1,0
4154.81,78,173,0,841,2.3,1,0
3169.24,33,113,5,763,32.3,0,0
124.78,31,49,5,303,40.7,0,0
3801.44,78,161,2,456,48.5,1,0
4372.24,42,83,0,337,55.3,0,0
1060.22,65,32,0,616,26.1,0,0
688.49,26,108,0,608,62.3,0,0
926.95,77,55,3,841,0.8,0,0
1405.2,26,50,3,654,29.2,1,0
283.67,77,6,0,889,15.5,1,0
130.83,58,90,1,540,73.0,0,0
442.12,47,58,1,834,32.9,0,1
87.43,63,56,2,530,54.3,0,0
399.34,21,120,3,393,41.1,0,0
536.47,43,155,5,423,32.2,0,0
1330.26,19,125,0,459,30.7,1,0
1070.37,54,56,0,391,57.9,1,0
2073.88,64,67,1,712,15.8,1,0
104.33,28,53,1,456,31.0,0,0
2764.43,59,27,1,559,3.1,0,0
4158.67,55,39,0,482,15.2,1,0
792.51,58,86,1,680,71.8,0,0
1355.84,69,122,1,368,105.2,0,0
892.7,50,70,0,541,80.1,0,0
21.21,38,31,2,452,92.3,0,0
3531.28,30,102,0,820,50.1,1,0
1566.2,49,168,2,695,94.4,0,0
913.62,42,81,1,882,64.8,0,0
3230.93,42,22,3,574,2.7,0,0
1431.15,40,109,1,317,39.5,0,0
1887.05,56,82,5,860,101.3,1,0
1879.78,19,35,0,559,61.8,0,0
1341.65,58,166,5,398,25.8,0,0
2286.51,31,146,1,740,38.3,1,0
307.88,21,144,5,520,2.1,0,0
522.16,24,154,0,435,22.7,1,0
1036.67,40,178,5,857,11.5,1,0
3096.69,59,175,1,507,59.0,0,0
191.97,38,48,0,824,8.6,1,0
1524.98,26,150,0,660,28.6,0,0
256.65,37,144,5,590,23.4,1,1
1984.45,54,118,3,613,26.8,1,0
1338.02,38,146,5,760,26.7,1,0
3540.17,43,88,3,334,59.1,1,0
2699.86,41,80,1,781,28.4,0,0
921.48,55,109,0,775,88.4,1,0
2634.25,41,35,3,528,14.7,1,0
514.87,65,2,0,676,30.5,1,0
444.17,62,52,3,606,11.9,0,0
2451.39,77,134,2,702,24.0,1,0
173.43,38,84,1,599,42.0,0,0
1172.86,76,78,0,705,35.6,0,0
1311.13,73,66,1,892,82.5,1,0
140.23,45,67,0,838,5.6,0,0
2478.16,45,32,5,523,30.5,1,1
3350.32,76,146,5,432,107.5,0,0
2483.35,21,122,2,608,50.2,1,0
595.08,42,86,5,899,31.2,0,0
1990.83,21,77,1,880,41.3,1,0
798.52,65,156,1,880,29.9,0,0
2746.25,41,27,0,417,70.8,0,0
1679.76,74,91,3,494,39.0,1,0
790.49,19,142,3,380,35.1,0,0
1101.23,38,48,1,635,57.7,1,0
2117.97,53,140,2,349,34.4,0,0
2342.5,29,171,0,334,88.7,0,0
279.77,45,53,0,319,26.7,1,0
680.56,51,177,3,853,36.0,0,0
2355.71,60,80,0,882,95.6,1,0
782.25,75,167,0,798,13.6,1,0
2278.38,21,77,1,626,32.3,0,0
1385.88,42,12,0,465,3.9,1,0
337.65,40,40,1,505,57.1,0,0
2720.09,19,34,0,437,78.3,1,0
2243.66,75,2,1,322,18.5,0,0
156.5,65,177,0,738,43.5,1,0
1846.36,46,36,5,655,19.3,1,0
1190.65,60,94,1,357,4.7,0,0
1705.25,56,142,1,799,45.7,0,0
1693.62,69,33,0,430,82.2,1,0
3739.07,70,4,0,765,3.6,0,0
779.79,22,95,0,749,1.9,1,0
1025.45,48,26,5,807,102.7,1,0
594.42,72,153,0,570,48.7,0,0
512.26,74,112,0,780,2.1,0,0
1579.22,28,81,0,898,9.5,1,0
1263.22,35,129,0,553,12.5,1,0
1947.84,23,47,0,433,68.3,0,0
2965.25,51,10,1,654,34.4,1,0
1178.11,77,18,5,350,7.2,1,0
3259.16,33,153,0,660,32.7,0,0
364.28,41,45,2,412,0.8,1,0
2669.43,43,65,1,525,97.5,1,0
4132.35,28,36,0,684,30.6,0,0
26.54,56,165,3,496,86.0,0,0
3068.14,31,51,1,601,20.5,1,0
1439.73,51,132,5,820,15.6,1,1
1443.22,19,95,3,819,35.9,1,0
1331.22,69,174,5,808,14.5,1,0
2441.8,59,168,1,463,2.9,1,0
1014.15,50,121,2,474,63.6,0,0
942.65,24,102,2,855,16.9,0,0
918.11,42,146,0,454,14.2,1,0
121.23,78,105,1,343,91.8,0,0
308.88,56,102,1,746,74.2,0,0
1038.43,45,44,1,484,2.7,0,0
3165.55,58,131,0,864,47.1,1,0
1400.09,60,137,0,344,38.3,1,0
1837.66,73,40,0,385,2.9,0,0
3537.34,69,19,2,603,62.0,0,0
1741.09,53,106,5,711,0.7,1,0
2775.04,52,83,1,869,52.2,0,0
3691.78,72,172,0,343,15.3,1,0
4200.26,50,113,5,550,18.8,1,0
1816.96,59,102,1,708,80.1,1,0
2377.64,27,55,1,484,49.0,0,0
848.35,28,45,0,497,21.8,0,0
1032.01,29,156,1,844,8.6,0,0
3050.27,51,145,0,392,62.3,1,0
1445.59,45,150,1,889,44.6,0,0
203.98,66,140,0,358,17.7,0,0
927.52,63,43,0,363,23.9,0,0
1492.36,40,49,3,493,42.4,0,1
297.91,30,69,1,842,6.2,0,0
2605.32,63,41,3,475,20.4,0,1
660.27,29,117,3,549,57.0,0,0
1757.0,75,128,3,508,8.8,0,0
878.59,51,86,0,855,56.4,1,0
113.13,54,78,0,300,28.4,0,0
168.12,31,57,0,401,40.7,0,0
2147.87,65,16,5,633,80.3,0,0
2585.84,25,166,0,732,8.4,1,0
2260.11,78,137,0,572,69.2,0,0
18.31,47,104,0,771,11.0,0,0
444.07,53,164,1,854,9.2,1,0
1242.3,20,38,3,685,21.0,1,0
2009.85,67,43,2,888,24.5,0,0
19.74,51,151,0,651,31.0,1,0
970.82,59,2,5,605,62.3,0,0
68.33,59,121,0,721,7.2,1,0
1740.72,47,146,3,796,19.7,0,0
705.72,38,175,5,561,2.3,1,0
1924.82,36,19,1,816,6.4,1,0
3.77,48,132,2,511,27.8,1,0
603.32,43,74,0,571,8.8,1,0
1438.11,59,131,3,310,3.3,1,0
3509.55,21,41,3,442,76.6,1,1
341.22,76,15,0,857,49.8,0,0
1908.57,25,56,0,869,12.6,0,0
1650.65,38,170,1,785,13.7,1,0
1171.07,41,106,1,314,1.1,0,0
164.25,19,12,0,517,32.6,0,0
728.49,44,26,2,508,46.4,0,0
2613.22,25,142,1,878,7.8,0,0
3398.55,76,75,3,759,12.1,0,0
1177.62,20,167,0,843,28.1,1,0
3151.73,20,28,1,737,30.0,1,0
1978.81,77,75,1,558,40.2,0,0
2587.95,36,170,2,732,4.8,1,0
306.96,21,96,0,429,44.0,0,0
71.25,74,122,0,622,64.8,1,0
2383.91,26,155,0,639,92.0,0,0
254.8,47,7,1,810,24.1,1,0
233.67,62,83,2,528,52.1,1,0
3499.07,33,136,1,620,62.5,0,0
1909.48,40,89,1,404,30.7,0,0
2505.21,19,63,3,430,21.1,0,0
1710.1,64,120,1,446,13.7,1,0
136.02,60,139,1,654,34.3,1,0
624.77,30,149,1,474,52.0,1,0
1639.51,26,128,2,800,5.7,1,0
722.68,77,13,0,671,24.3,1,0
1113.69,36,120,1,674,64.0,0,0
2218.06,52,75,0,772,53.3,0,0
356.29,55,117,1,566,88.8,1,0
873.05,33,125,0,527,13.4,0,0
1325.69,69,17,1,545,36.3,0,0
2854.55,53,44,0,661,30.6,0,0
993.71,71,142,3,488,20.9,1,0
902.62,63,78,3,634,38.8,0,0
972.78,70,131,0,403,25.5,0,0
818.67,36,97,5,389,3.7,1,0
552.86,70,101,0,617,36.4,0,0
385.73,55,65,3,740,52.4,1,0
81.8,55,149,0,337,66.1,0,0
71.25,33,147,0,844,0.6,0,0
646.78,25,180,0,853,13.4,1,0
889.03,60,75,3,583,51.9,1,0
3861.59,58,117,2,748,8.5,0,0
3199.45,75,125,2,884,32.1,1,0
2470.53,26,151,0,483,54.5,0,0
1149.5,53,155,0,440,24.6,1,0
1985.69,74,115,0,773,70.6,0,0
1207.09,77,67,2,401,29.1,1,0
1678.35,74,40,3,835,65.1,0,0
880.27,32,135,2,744,36.4,0,0
614.81,50,137,0,581,5.9,1,0
1444.24,69,158,0,407,14.4,1,0
2449.84,54,108,3,899,30.1,0,0
1358.78,72,168,2,816,3.2,0,0
1232.91,68,171,2,499,34.6,0,0
3658.19,26,147,1,898,28.3,0,0
2987.65,73,146,5,614,7.3,0,0
896.44,65,109,0,887,38.7,0,0
325.31,25,128,0,343,63.7,1,0
2118.59,64,118,1,710,3.2,0,0
3635.29,52,127,1,688,9.2,1,0
224.72,41,130,3,881,30.3,0,0
1304.73,64,1,2,857,75.5,1,0
4048.19,46,23,2,598,8.7,1,0
2360.65,43,96,1,898,38.6,1,0
450.96,26,25,3,597,75.3,0,0
1008.67,27,130,1,782,9.4,1,0
2067.18,57,107,3,719,24.1,0,0
1203.68,24,96,1,562,45.0,0,0
955.23,76,26,5,631,5.4,0,0
2678.71,38,104,1,343,20.8,1,0
3369.84,53,0,0,802,33.9,0,1
2176.83,46,34,0,569,52.6,1,0
561.62,56,58,2,516,34.2,0,0
795.04,50,102,1,303,14.5,0,0
1686.81,58,130,5,576,2.0,1,0
543.85,34,84,5,439,83.5,1,1
1101.14,60,108,0,408,46.3,1,0
2315.42,68,8,1,612,42.4,0,0
1402.76,51,126,1,861,65.9,1,0
1137.7,33,59,1,714,82.2,1,0
1480.2,25,59,0,312,43.5,0,0
151.07,59,107,0,490,59.0,0,0
334.06,21,67,0,474,77.3,0,0
643.21,41,115,5,437,21.3,0,0
1144.89,64,176,5,578,27.8,0,0
1977.62,68,61,0,360,52.5,1,0
164.5,78,36,0,583,112.6,1,0
962.03,28,99,1,888,30.7,1,0
1466.33,50,76,0,489,34.5,1,1
2342.07,62,54,0,729,33.5,0,0
1431.05,31,78,3,838,8.5,1,0
845.78,19,38,3,759,28.7,0,0
3558.21,21,152,2,542,9.6,1,0
505.48,55,92,1,719,31.1,0,0
794.58,20,15,0,806,31.9,0,0
3054.72,19,6,5,521,5.7,1,1
1206.59,47,43,0,395,9.4,0,0
1947.65,66,130,5,377,27.7,1,0
1332.68,71,64,2,586,28.3,1,0
1927.48,29,140,0,785,19.9,0,0
667.89,28,57,1,600,58.4,0,0
2536.78,19,36,2,485,65.5,0,0
1122.56,65,170,0,897,36.4,1,0
2391.98,49,46,3,323,44.1,0,0
646.52,39,24,1,433,46.8,1,0
18.15,38,142,0,437,24.3,1,0
1859.4,53,89,0,691,13.4,0,0
2947.46,39,137,0,474,56.8,1,0
884.64,37,155,3,561,58.0,1,0
2038.64,51,172,3,429,64.5,0,0
4475.58,51,134,1,619,19.5,1,0
116.23,71,168,0,878,18.0,0,0
882.27,55,33,0,747,23.2,1,0
815.94,67,135,1,702,57.2,0,0
2124.08,36,138,1,822,88.9,1,0
1598.06,29,30,1,887,16.1,1,0
427.92,73,2,0,367,29.4,0,0
868.97,66,37,0,667,40.3,1,1
1473.37,22,5,0,861,47.1,1,0
585.1,44,116,1,413,81.2,0,1
1342.05,55,23,0,558,11.0,0,0
3174.56,73,23,3,881,20.9,0,0
2326.41,78,116,5,345,55.8,1,1
1580.58,53,21,3,791,14.8,1,0
1513.5,57,150,1,524,22.2,0,0
3055.03,34,114,0,398,20.8,0,0
198.69,42,177,1,637,23.4,0,0
2454.82,20,48,1,312,12.0,0,0
703.07,45,105,0,757,46.4,1,0
603.86,37,148,1,714,4.4,1,0
1057.99,54,35,1,316,2.5,0,0
562.2,51,38,0,527,15.7,1,0
1621.28,28,100,0,334,84.4,1,0
2258.07,39,34,5,532,33.3,1,0
1656.99,78,56,2,765,52.3,0,1
2980.69,68,143,0,864,49.0,1,0
2364.15,23,160,0,635,47.8,1,0
509.25,44,29,0,362,98.1,1,0
1427.11,45,6,0,387,50.8,0,0
444.5,20,22,0,505,13.8,0,0
3303.04,23,89,0,428,16.5,0,0
1031.84,42,2,5,739,69.1,1,0
1641.45,76,66,1,690,92.5,0,0
879.6,28,112,3,524,43.5,1,0
1898.02,24,85,1,307,16.0,1,0
1114.4,32,79,5,452,36.0,1,0
265.95,50,104,0,467,5.0,1,0
1197.32,48,171,0,703,0.8,1,0
1703.01,64,99,2,709,15.4,0,0
1102.38,78,159,5,718,35.8,1,0
2680.28,37,121,5,382,38.6,0,0
288.05,21,105,0,822,9.1,1,0
63.37,28,32,1,620,23.5,1,0
744.95,45,96,0,413,52.1,0,0
1603.39,35,154,2,467,21.2,1,0
1262.06,44,168,1,589,12.7,0,0
3100.69,50,50,0,843,57.4,0,0
3429.33,33,78,1,645,20.9,1,0
2984.45,65,16,1,900,34.7,1,0
2727.45,74,4,2,400,18.2,0,0
1569.59,75,94,1,500,41.6,1,0
1031.67,20,30,3,352,9.8,1,0
2701.39,71,61,5,445,7.3,0,0
81.82,22,14,1,467,16.9,0,0
1803.1,54,151,0,382,71.3,0,0
1439.53,38,121,0,546,21.3,0,0
515.61,71,119,3,346,20.4,0,0
1350.03,28,90,0,819,62.9,1,0
532.8,59,119,2,673,42.0,0,0
4545.59,40,57,2,842,66.9,0,0
4559.24,54,135,5,835,32.8,0,0
1572.2,22,58,5,414,33.1,1,1
3462.37,26,157,5,458,30.5,0,0
167.93,56,162,3,557,53.7,1,0
1923.67,40,58,0,758,38.3,1,0
3746.83,30,73,0,862,73.4,1,0
2684.69,21,3,0,563,42.8,1,0
1317.47,44,47,0,424,7.5,1,0
1561.57,61,97,2,766,18.2,1,0
266.06,47,174,2,367,26.9,1,0
2650.0,77,93,0,391,55.6,1,1
2346.67,38,37,3,374,47.1,0,0
2193.56,21,166,1,460,21.6,1,0
524.84,58,137,1,891,38.9,0,0
2290.22,33,6,0,608,17.3,0,0
1002.9,71,3,2,534,23.1,0,0
809.66,49,93,3,597,31.3,1,0
1268.99,78,157,2,538,79.4,1,0
2308.85,71,30,1,810,39.7,1,0
2940.79,71,149,3,425,18.1,1,0
50.45,67,28,0,859,8.7,0,0
2321.51,25,34,1,681,0.4,1,0
568.44,43,163,0,772,46.0,0,0
556.37,69,74,3,678,35.5,1,0
394.69,41,16,5,404,25.1,0,0
2837.46,26,92,3,569,37.7,1,0
515.33,61,15,1,400,2.4,1,0
3026.97,68,47,5,603,13.4,0,0
127.93,48,171,0,692,19.3,0,0
1742.48,67,100,3,451,47.4,1,0
61.0,21,114,3,738,16.6,1,0
1782.03,62,52,0,789,48.4,0,0
228.58,32,140,3,787,72.2,1,0
712.13,76,135,3,816,36.1,1,0
663.26,20,67,3,539,53.1,0,0
468.4,34,66,0,655,53.2,0,0
3114.75,28,121,1,891,1.1,1,0
2487.39,73,115,3,563,10.5,0,0
180.23,45,115,0,785,39.5,1,0
589.84,46,19,0,547,46.0,1,0
1633.15,44,33,5,511,44.9,0,1
2812.03,28,123,0,408,105.8,0,0
2250.47,50,109,0,803,30.9,0,0
2372.92,58,139,2,416,31.8,1,0
661.95,33,8,2,479,3.0,0,0
1381.12,56,45,0,330,18.6,0,0
5509.79,69,140,0,397,16.3,1,0
203.22,23,15,3,859,48.1,0,0
1761.83,67,4,1,382,45.3,1,0
1254.14,75,87,0,333,43.3,1,0
1597.66,48,46,1,586,59.9,1,0
3000.51,47,40,1,754,43.7,1,0
1333.91,33,144,0,707,17.9,1,0
1973.07,65,156,2,411,50.9,0,0
1462.67,29,126,0,853,64.0,0,0
1303.02,33,89,0,605,12.7,1,0
2356.5,47,101,2,475,35.7,1,0
6.31,32,150,5,571,8.9,1,0
897.02,53,111,1,302,26.8,1,0
3708.51,73,5,0,345,17.4,0,0
2909.8,72,43,0,469,4.2,0,0
3339.93,38,60,0,586,19.2,1,0
2904.6,30,40,2,497,7.3,0,0
2108.31,41,17,0,457,21.0,1,0
1669.55,22,29,1,645,14.5,1,0
558.95,33,103,1,513,63.6,0,0
1284.52,37,63,3,467,101.6,1,0
1332.1,55,137,1,425,11.4,0,0
1803.07,24,41,0,754,44.9,1,0
1359.48,58,153,0,357,74.5,0,0
2687.24,23,123,5,616,11.7,1,0
1438.07,30,152,1,395,22.8,0,0
1192.07,25,150,0,485,117.9,1,0
999.7,42,59,3,431,2.4,1,0
1002.09,61,130,3,557,54.6,1,0
3134.19,75,158,3,423,14.7,1,0
1219.15,56,40,1,622,23.8,0,0
2048.57,23,90,1,639,78.3,1,1
2054.87,68,35,0,895,35.3,0,0
960.1,73,113,5,772,9.0,0,0
584.06,63,64,0,457,7.2,0,0
1438.87,59,172,2,852,93.6,0,0
851.31,38,138,5,804,85.1,0,0
678.54,31,53,1,474,36.1,1,0
105.03,22,42,2,778,63.2,1,0
714.72,40,162,2,839,101.9,0,0
2688.65,39,179,3,789,7.7,0,0
2359.69,36,101,5,428,77.9,0,0
3852.48,59,81,2,382,16.6,1,1
1716.83,41,2,0,846,41.4,0,0
2192.42,44,43,1,757,69.4,0,0
2152.73,75,46,0,392,82.7,0,0
1232.52,37,145,0,311,52.0,0,0
356.53,72,177,5,340,13.2,0,0
4559.39,76,87,0,894,20.1,1,0
1877.39,37,165,0,319,61.8,0,0
3611.53,55,56,1,679,40.9,0,0
1589.43,72,118,0,388,41.2,0,0
1664.0,20,135,0,772,20.5,1,0
678.67,26,175,3,356,49.4,1,0
2224.62,32,134,2,310,9.0,0,0
1326.03,36,108,0,755,44.5,1,0
2601.64,32,50,3,417,26.7,0,0
1506.9,64,23,3,606,9.9,0,0
878.95,36,73,0,501,18.8,1,0
1926.17,52,92,5,730,36.0,0,0
263.93,57,74,0,346,46.1,1,0
1813.94,73,87,0,823,22.2,1,0
3683.99,58,157,1,476,60.0,1,0
2081.49,54,56,5,615,26.2,1,0
2750.91,33,68,2,738,42.0,1,0
288.23,35,114,0,469,19.8,1,0
1404.96,33,96,0,728,18.0,0,0
224.5,46,180,1,364,25.4,0,0
2564.4,51,86,2,793,20.7,1,0
262.15,39,151,0,333,40.5,0,0
3178.28,22,78,5,720,48.0,0,0
2406.69,52,67,1,517,47.5,1,1
1113.31,67,115,2,725,3.6,1,0
1664.21,75,99,1,713,2.8,0,0
529.07,52,95,0,361,78.9,0,0
2006.49,72,28,0,829,9.0,1,0
496.19,72,143,3,320,34.8,1,0
438.97,46,8,2,337,70.6,0,0
1926.91,56,130,1,516,50.5,0,0
165.57,20,103,5,423,26.7,0,0
1826.37,73,121,1,383,57.6,0,0
867.58,46,84,1,814,37.1,1,0
1366.25,49,52,3,509,8.5,1,0
2077.71,58,128,5,709,62.0,0,0
711.27,39,5,1,884,138.0,0,0
2420.0,35,165,3,379,49.8,1,0
235.74,32,47,0,371,34.4,1,0
2188.07,76,3,5,496,28.1,0,0
871.22,62,145,0,802,16.9,0,0
44.62,75,52,1,774,37.3,0,0
1342.23,46,78,1,475,17.7,1,0
1758.48,63,151,1,389,42.7,0,0
267.41,57,177,0,415,134.3,1,0
2606.41,47,6,3,483,24.4,0,0
1882.55,19,94,1,843,19.0,0,0
939.98,51,71,1,355,70.9,0,0
235.16,23,119,0,724,49.7,1,0
2530.95,43,164,1,527,2.6,0,0
8.85,67,13,0,688,21.7,1,0
898.64,28,167,0,636,11.2,0,0
761.46,49,13,0,722,23.9,1,0
1937.08,51,161,0,830,1.5,0,0
302.69,57,106,0,603,48.3,1,0
473.42,61,4,5,450,105.9,1,0
2073.83,59,70,0,377,72.8,1,0
578.73,26,153,3,412,44.9,0,0
535.5,54,8,0,317,31.9,0,0
851.5,70,44,3,499,35.4,1,0
1734.34,43,161,0,559,90.7,1,0
94.45,76,1,0,482,53.9,0,0
580.54,61,36,1,466,76.5,1,0
434.82,78,39,1,769,10.3,1,0
2550.34,55,115,3,360,99.9,0,0
229.49,27,75,1,684,15.2,1,0
1413.88,21,90,2,527,40.9,1,0
1257.01,71,112,2,585,42.0,0,0
3170.82,36,130,0,421,33.4,1,0
3600.8,34,132,2,583,40.2,1,0
5016.72,33,109,0,690,19.4,1,0
465.36,52,104,1,899,14.1,0,0
491.84,50,170,0,438,5.4,0,0
1915.81,30,42,3,877,64.9,0,1
694.86,48,145,3,481,27.7,0,0
1918.15,77,153,0,861,101.1,0,0
1222.97,74,102,5,807,45.2,1,0
615.32,19,77,0,552,70.2,1,0
4671.67,70,64,1,397,49.3,1,1
242.25,67,153,0,458,15.5,0,0
4342.75,37,76,0,777,35.6,1,0
645.25,23,78,1,334,24.5,1,0
232.73,26,4,1,828,9.0,1,0
3549.73,49,33,0,853,24.8,1,0
1933.87,29,170,0,603,14.1,0,0
3331.04,22,132,0,539,9.0,1,0
4616.97,46,109,0,567,38.0,1,0
4490.55,71,139,0,678,16.2,1,0
1659.6,61,93,1,302,8.4,1,0
1761.93,46,146,2,791,70.8,0,0
211.55,68,74,0,617,32.9,0,0
791.73,64,41,2,530,48.9,0,0
869.82,73,103,0,313,26.2,0,0
950.34,23,127,2,363,21.5,0,0
1320.8,30,11,0,641,47.7,0,0
221.36,48,10,1,605,17.4,0,0
1971.97,73,114,1,863,7.7,0,0
858.19,66,136,3,431,20.4,0,0
4816.37,19,177,5,723,62.2,1,1
1225.57,49,161,0,870,4.6,1,0
92.61,29,137,2,380,75.9,1,0
1606.98,57,18,2,821,48.8,0,0
614.99,66,24,2,762,15.5,1,0
1669.56,42,63,0,707,17.9,0,0
1247.69,37,2,1,312,17.4,1,0
493.12,20,63,0,482,66.1,0,0
2215.39,43,100,0,340,24.1,0,0
2820.04,44,175,1,321,5.4,1,0
2691.16,29,155,2,392,23.1,1,0
675.99,74,52,1,650,40.8,1,0
2114.84,48,76,1,321,28.9,0,0
2133.13,51,154,5,343,19.0,0,1
878.56,63,157,0,853,1.9,1,0
2080.79,73,37,3,687,32.7,0,0
653.4,54,12,2,466,8.3,1,0
802.12,60,103,0,602,3.7,1,0
785.74,20,80,1,781,0.8,0,0
2561.06,36,75,5,358,8.7,0,0
1684.72,67,16,1,699,10.0,0,0
978.71,55,69,3,797,8.4,1,0
2234.42,34,83,3,302,50.2,1,0
3685.1,23,136,1,316,25.7,0,0
2460.34,19,55,3,829,60.5,1,0
1640.34,34,10,3,705,14.3,0,0
1649.45,65,135,0,739,20.6,1,0
222.27,19,55,0,421,17.4,0,0
1076.01,28,93,0,323,37.0,1,0
235.42,48,94,5,675,43.3,0,0
1296.97,44,10,0,846,13.7,1,0
2291.4,77,126,1,629,13.8,1,0
3190.96,27,11,2,592,13.8,1,0
2156.79,24,31,0,874,7.1,0,0
54.04,41,135,1,590,0.8,1,0
28.27,74,42,2,452,44.4,0,0
103.91,45,97,0,540,21.1,1,0
479.35,53,108,0,758,30.6,0,0
1768.85,45,103,0,434,2.5,0,0
2631.03,42,6,0,683,18.6,0,0
2188.41,65,162,0,733,32.0,1,0
998.59,52,112,0,682,32.2,0,0
868.81,56,83,1,752,45.9,1,0
367.17,66,93,1,399,42.1,1,0
2878.89,22,81,5,426,16.5,0,0
3146.32,53,101,3,607,3.5,1,0
144.51,26,141,1,499,37.0,1,0
906.1,54,117,3,860,21.8,0,0
1329.6,34,177,5,785,33.4,0,0
1205.82,60,25,0,467,24.4,0,0
182.61,31,36,5,517,32.3,0,0
2728.12,35,10,0,874,19.6,0,0
1426.5,78,117,3,491,53.3,1,0
112.73,78,40,1,847,24.9,1,0
2259.38,30,5,0,557,28.5,0,0
398.98,70,44,1,600,0.7,0,0
559.92,57,151,0,309,76.2,1,0
928.43,72,68,2,429,35.1,1,0
2385.55,55,176,0,506,4.1,0,0
4034.01,69,72,1,518,21.8,0,0
1447.96,65,38,0,804,105.6,1,0
1901.47,45,129,0,707,112.8,1,0
1155.22,70,113,0,512,10.5,1,0
912.68,58,80,0,815,27.3,1,0
632.58,21,163,5,604,82.7,0,0
910.19,60,111,5,675,20.2,0,0
67.37,78,0,3,463,38.5,0,0
1246.94,70,130,2,713,60.7,1,0
1038.57,47,68,2,797,12.3,0,0
4965.1,63,146,5,888,30.9,1,0
708.87,57,180,3,335,10.7,1,0
2416.36,63,169,1,446,22.9,1,0
234.49,27,56,1,690,30.9,0,0
2243.38,64,136,0,406,62.0,1,0
62.4,35,4,0,374,6.1,0,0
944.36,77,41,0,497,43.9,1,0
329.26,78,163,0,649,91.2,1,0
1149.43,23,131,0,431,41.7,0,0
152.1,22,84,1,369,25.3,1,0
750.92,65,51,1,889,30.6,1,0
2896.84,57,137,1,700,42.6,0,0
483.62,47,159,1,880,57.7,1,0
714.27,19,158,5,457,6.8,0,0
3299.52,22,146,0,727,72.1,0,0
1661.15,39,91,2,760,33.5,1,0
123.89,52,102,2,635,71.8,1,0
1560.8,30,65,5,741,118.6,1,1
2929.35,40,133,3,843,35.7,0,0
1739.68,43,90,1,632,25.4,0,0
3519.51,35,17,5,603,30.0,0,1
1781.7,52,104,3,317,1.9,0,0
2493.48,65,16,5,320,52.6,0,0
3207.69,70,68,0,517,35.8,1,0
3414.89,65,12,1,331,37.2,1,0
1718.74,19,149,3,367,77.8,1,0
3472.91,76,147,5,438,46.2,1,0
1880.2,32,92,3,576,45.9,0,0
2638.63,41,96,5,606,2.9,0,0
941.58,33,146,1,319,20.6,1,0
112.69,27,168,3,301,16.3,0,0
1194.82,74,11,1,392,42.6,1,0
853.94,40,133,1,317,20.0,1,0
1034.98,25,144,5,770,30.7,1,0
112.71,42,29,1,368,34.7,1,0
3483.48,65,40,1,303,17.5,0,0
285.34,74,101,1,408,71.8,1,0
561.25,76,109,0,669,2.5,1,0
1238.25,45,123,1,828,4.1,0,0
2174.67,19,98,3,486,17.1,0,0
221.35,42,23,0,779,27.2,0,0
2088.87,42,87,1,724,51.2,0,0
2188.4,48,36,1,785,7.2,0,0
773.56,28,43,1,782,19.1,0,0
2174.68,46,80,1,855,42.7,1,0
2130.95,48,114,2,565,0.9,0,0
453.72,39,51,0,857,35.8,0,0
1188.94,23,90,0,628,24.6,1,0
9.88,51,155,3,471,7.9,1,0
1491.1,51,113,3,510,50.3,0,0
3407.26,44,20,0,543,4.7,1,0
2687.91,69,170,0,641,104.9,0,0
1442.2,78,145,3,400,2.8,0,0
3973.18,19,102,3,337,32.5,0,1
295.02,68,37,0,696,5.5,0,0
2686.61,78,111,1,765,6.8,0,0
566.82,39,117,3,831,58.2,0,0
1708.21,47,3,5,752,54.9,0,0
1487.1,61,55,0,630,56.2,1,0
3988.74,39,112,0,666,40.4,0,0
855.41,62,56,1,586,11.4,1,0
5.47,32,26,0,618,55.3,0,0
715.32,77,179,0,456,21.4,0,0
1985.92,31,102,5,416,55.2,1,0
1546.74,53,154,0,338,77.9,1,0
352.47,22,36,1,609,33.4,1,0
30.63,49,147,1,325,17.6,0,0
1417.45,38,5,0,742,56.5,0,0
99.37,67,127,1,421,9.8,1,0
447.6,77,41,0,749,20.5,0,0
306.68,66,53,0,439,51.8,0,0
386.48,38,164,0,532,66.0,0,0
3682.19,66,95,0,863,62.3,1,0
1169.52,46,99,0,777,50.1,0,0
2005.18,64,65,3,480,54.4,0,0
249.66,37,166,0,798,7.7,1,0
3023.7,46,16,5,303,5.4,1,1
1676.11,51,170,0,714,40.4,0,0
4157.78,25,58,1,580,9.6,1,0
3000.5,35,143,1,798,20.0,1,0
1130.62,70,32,3,595,0.9,0,0
1246.81,28,108,2,330,10.4,1,0
1937.07,31,106,3,763,67.2,1,0
1092.95,45,111,0,301,101.3,0,0
1128.92,36,44,0,437,68.9,0,0
866.46,58,150,0,374,6.8,0,0
3075.92,76,107,5,666,11.1,0,0
2561.82,39,38,1,582,21.6,1,0
635.87,32,62,2,364,73.3,1,0
76.8,75,78,0,685,43.1,0,0
95.77,27,97,1,368,51.0,1,0
780.05,59,85,2,896,46.2,0,0
405.73,73,67,0,605,23.8,0,0
4744.14,77,140,2,302,26.5,0,0
924.72,65,53,1,595,32.5,1,0
533.8,53,137,1,886,33.0,0,0
1318.73,23,64,2,582,80.2,1,0
714.88,49,74,1,452,16.5,1,0
1023.97,48,134,5,624,89.6,0,0
1334.95,19,149,2,592,16.4,0,0
277.63,51,49,0,841,14.1,1,0
3436.24,53,122,1,387,43.5,1,0
1769.02,23,64,1,743,28.9,1,0
1535.24,70,3,5,861,36.5,0,0
2897.31,44,161,2,733,51.7,1,0
1397.71,45,164,0,446,56.3,1,0
577.85,70,18,2,569,4.9,0,0
1706.51,22,47,1,355,58.4,0,0
32.75,60,176,2,319,35.0,1,0
1999.87,25,24,1,457,45.2,0,0
505.56,23,65,2,879,22.3,0,0
2712.03,76,63,1,831,15.7,0,0
1929.05,21,81,1,433,5.8,0,0
2597.43,60,7,0,347,31.4,0,0
1686.62,32,57,0,497,67.7,0,0
15.06,26,54,0,549,56.5,1,0
2641.05,40,32,1,611,26.5,0,0
388.89,58,113,3,305,88.9,0,0
384.45,36,44,0,897,16.8,1,0
1204.75,49,160,1,583,36.9,1,0
126.92,44,23,2,481,25.1,1,0
1068.75,55,16,1,799,61.5,1,0
429.23,59,130,0,726,42.0,1,0
927.09,42,56,1,714,89.5,1,0
3074.83,36,100,3,625,28.1,0,0
953.94,63,104,0,890,3.2,1,0
1771.99,77,99,5,454,42.2,1,1
335.32,48,165,3,501,23.7,0,0
1713.87,45,140,2,812,77.1,1,0
167.11,25,100,0,603,0.6,1,0
1375.77,75,139,0,725,74.6,0,0
1776.48,24,25,3,827,115.5,0,0
2155.22,50,53,5,433,35.8,1,1
263.4,68,1,0,580,44.4,1,0
4338.67,20,142,0,695,2.1,1,0
4282.19,37,101,1,604,95.1,1,0
661.84,28,148,0,697,48.9,1,0
1574.46,31,153,0,771,70.0,0,0
1139.48,59,76,0,520,16.9,1,0
976.45,24,170,0,485,97.2,1,0
273.72,48,22,3,762,42.3,0,0
2019.26,40,56,0,333,1.7,0,0
2286.76,68,146,0,416,43.2,1,0
1239.66,65,149,0,383,74.3,0,0
1034.04,49,170,3,793,51.6,0,0
805.2,37,11,1,390,90.4,0,0
2357.02,32,9,0,557,15.0,0,0
2420.73,60,151,0,325,22.1,0,0
687.34,76,9,0,842,55.2,1,0
2563.75,53,8,0,340,1.7,0,0
3288.71,31,66,2,609,73.6,1,0
2228.37,31,19,3,362,19.4,1,0
379.11,78,151,0,510,20.6,1,0
430.93,73,179,0,807,60.9,0,0
2748.35,56,174,1,316,67.0,0,0
1738.34,29,133,0,596,38.1,0,0
2094.79,59,76,2,439,17.4,1,0
4276.78,32,111,5,822,61.9,1,0
761.35,57,18,1,867,60.7,0,0
372.36,26,168,3,425,5.7,1,0
723.95,37,12,0,543,4.4,0,0
1297.93,57,169,3,489,32.7,1,0
1428.32,40,42,2,479,1.7,1,0
1274.73,59,93,1,798,18.4,0,0
635.36,64,157,1,833,30.4,1,0
212.35,57,56,0,331,9.0,1,0
3525.84,40,110,5,656,16.3,1,0
31.72,75,37,0,759,55.8,0,0
582.76,60,92,3,675,33.7,0,0
2398.72,61,10,0,601,12.4,1,0
1959.38,43,130,3,484,136.0,1,1
701.16,70,26,0,303,21.3,1,0
616.84,70,25,5,438,15.0,0,1
380.45,65,28,0,659,34.3,0,0
1729.62,30,142,0,590,37.7,0,0
1759.59,52,49,2,604,34.5,0,1
3220.11,54,68,5,418,55.3,0,0
1664.25,78,63,2,330,41.2,1,0
4721.71,78,37,0,843,0.4,0,0
4650.48,37,30,2,801,24.4,0,0
115.77,27,138,0,374,26.6,0,0
2188.88,74,84,1,608,39.8,0,0
1739.11,67,130,0,568,5.0,1,0
193.52,65,160,0,863,43.6,0,0
214.8,78,156,1,323,26.5,1,0
1164.89,54,164,0,532,113.6,1,0
1522.13,25,56,5,556,38.7,0,0
406.98,39,84,2,652,50.1,1,0
127.65,68,5,1,491,1.3,0,0
70.25,59,12,1,667,5.5,0,0
1700.33,43,17,0,697,20.2,1,0
1297.24,36,95,5,344,63.8,0,0
2159.5,78,57,3,873,52.5,0,0
1619.59,41,56,0,824,11.8,1,0
848.17,29,163,3,602,34.5,1,0
1463.49,77,46,2,309,26.5,1,0
1249.88,35,44,1,608,42.0,0,0
952.92,27,78,0,638,63.5,1,0
2619.34,39,136,2,622,18.8,1,0
4515.74,43,44,5,876,4.7,1,1
952.1,22,61,1,526,57.8,0,0
134.58,41,46,1,384,66.1,1,0
1923.98,43,57,0,586,9.6,0,0
2223.22,30,176,0,753,52.9,0,0
952.84,27,33,0,609,42.4,0,0
1281.13,76,30,2,546,2.3,0,0
438.62,73,1,3,526,38.5,0,0
1238.26,26,59,0,812,86.5,0,0
1725.68,19,47,0,346,52.9,1,0
588.15,34,164,1,516,10.3,1,0
529.81,57,15,0,359,23.1,0,0
5.66,25,96,0,488,2.0,1,0
956.35,50,16,2,662,11.8,1,1
3733.37,70,36,1,300,63.2,1,0
309.38,32,34,1,384,79.9,1,0
2074.72,53,19,1,639,37.4,1,0
911.35,47,3,0,602,55.9,1,0
1293.13,77,20,5,810,38.1,1,0
872.43,41,45,5,728,15.4,0,0
1386.53,24,179,2,788,3.1,0,0
3342.2,22,39,0,551,48.7,0,0
427.75,62,113,0,695,55.5,1,0
1517.96,28,50,5,426,48.8,1,0
1936.27,71,162,1,824,29.5,1,0
1733.22,37,38,1,497,11.2,0,0
2242.48,72,86,1,883,8.8,0,0
1029.98,28,66,3,652,5.1,1,0
2223.89,67,137,1,405,122.8,1,0
1879.42,45,87,0,649,77.9,0,0
1627.17,68,70,0,697,33.7,1,0
77.02,46,113,1,677,34.6,0,0
3541.04,39,88,1,554,29.7,1,0
206.98,78,98,5,720,49.9,1,0
794.39,29,42,1,891,16.2,1,0
1352.1,45,160,0,622,12.7,0,0
2309.42,45,83,3,846,30.4,1,0
2595.25,74,107,0,758,66.7,1,0
2750.46,66,81,0,751,106.9,0,0
3359.45,23,33,0,608,35.9,1,0
584.06,30,37,1,599,51.7,1,0
3482.74,73,179,0,593,13.8,1,0
917.73,75,35,2,419,24.0,1,0
1514.68,33,166,0,395,22.8,1,0
334.08,28,62,1,755,67.8,0,0
3279.88,36,81,0,704,7.6,1,0
1170.87,31,104,1,443,13.9,1,0
4600.72,75,38,0,350,97.8,1,0
1028.41,35,139,1,509,59.4,0,0
674.57,20,130,0,853,35.8,1,0
1160.37,32,97,0,643,3.1,1,0
840.2,77,153,0,324,61.6,1,0
755.53,22,29,1,449,82.3,1,0
1256.74,55,55,2,351,2.3,0,0
2203.03,26,121,2,843,0.3,0,0
4720.11,65,130,0,592,49.7,1,0
1695.08,34,16,2,715,25.3,1,0
24.37,72,84,1,834,71.5,0,0
158.93,48,81,2,817,16.1,0,0
1034.48,78,103,2,690,15.6,1,0
1549.32,54,67,0,393,26.0,0,0
2015.38,25,103,1,795,40.5,0,0
2615.85,43,108,3,415,49.9,0,0
1581.26,47,91,1,503,34.1,0,0
767.04,39,7,2,849,21.7,0,0
1124.42,23,150,2,732,77.4,1,0
2047.35,42,61,1,892,51.1,0,0
477.74,25,119,5,643,58.0,0,0
130.01,78,108,3,861,84.3,1,0
1918.24,68,51,0,455,90.9,1,0
2557.1,49,98,3,873,6.0,0,0
2508.3,66,15,0,627,36.3,0,0
329.48,25,61,0,857,44.5,1,0
1373.47,77,144,5,428,18.2,0,0
1303.98,74,42,5,786,8.3,1,0
1150.88,26,128,1,443,47.1,1,0
960.52,77,99,1,301,37.8,0,1
1905.19,22,36,1,444,7.6,0,0
937.64,62,13,2,795,47.1,1,0
2931.38,78,109,0,893,50.9,1,0
158.84,41,102,3,766,61.2,1,0
679.21,43,134,1,499,20.0,1,0
3261.93,42,38,0,588,25.6,0,0
525.45,31,117,1,486,63.3,0,0
1025.65,34,159,0,769,12.4,0,0
718.26,45,12,0,642,78.3,1,0
667.33,40,9,0,344,11.4,0,0
1608.39,19,7,0,437,0.2,1,0
275.82,35,119,2,766,8.1,0,0
771.06,32,91,5,391,65.7,0,0
331.85,24,64,3,548,0.6,1,0
269.19,72,61,0,323,41.2,0,0
2952.13,27,168,3,733,18.5,1,0
84.48,53,85,1,470,16.0,1,0
1093.98,21,176,0,321,31.0,1,0
3103.75,43,4,2,388,50.6,0,0
661.77,28,126,0,710,43.3,0,0
2878.68,31,60,2,730,22.5,0,0
542.58,31,3,0,359,53.6,0,0
352.37,57,150,1,367,6.0,1,0
808.61,38,136,0,477,52.1,0,0
1722.74,53,153,0,351,15.6,0,0
1116.82,47,106,3,390,48.2,0,0
256.42,60,6,0,443,50.6,0,0
696.76,73,146,1,769,26.4,1,0
2937.38,77,56,0,390,46.5,0,0
329.19,62,62,0,743,67.9,1,0
448.67,37,35,0,871,14.0,0,0
2201.97,33,121,3,664,52.3,0,0
3380.1,46,122,0,821,64.4,1,0
1730.29,52,138,1,718,4.9,0,0
988.35,41,6,0,706,10.4,0,0
436.4,30,108,3,745,51.1,1,0
1118.64,63,176,1,758,14.4,1,0
986.27,29,47,0,774,65.1,1,0
1267.28,53,27,0,631,54.9,1,0
344.35,39,154,5,689,22.8,1,0
2948.03,42,136,0,624,54.9,0,0
4312.27,37,31,5,411,26.7,1,1
280.78,23,35,2,705,11.8,1,0
381.15,60,29,1,838,10.7,1,0
2191.48,21,1,0,568,7.1,1,0
24.52,47,143,5,657,17.2,1,0
307.42,68,36,1,318,20.9,0,0
2179.92,19,16,3,336,5.4,1,0
2360.76,44,169,2,452,25.9,0,0
2110.56,32,30,0,693,13.0,0,0
4885.84,59,50,0,439,28.4,1,0
2998.32,46,35,1,887,12.7,1,0
1412.18,59,73,0,634,33.5,1,0
204.82,67,70,1,700,47.5,1,0
227.98,35,12,3,855,58.7,1,0
374.49,42,56,1,638,46.0,0,0
589.82,53,169,3,662,50.5,0,0
2441.57,69,75,1,661,14.1,1,0
2932.29,32,111,3,606,39.8,1,0
3374.96,48,121,2,837,30.8,1,1
852.98,34,40,3,874,17.3,0,0
446.65,74,110,2,848,7.2,0,0
1419.01,39,15,2,332,50.5,0,0
467.82,71,2,0,768,34.0,0,0
3397.45,67,50,0,778,13.3,1,0
959.97,73,151,2,576,66.9,1,0
1344.26,54,7,0,731,19.3,0,0
1923.2,21,173,0,304,19.1,1,0
2149.29,54,24,1,514,23.7,1,0
4215.31,57,67,1,529,54.6,1,0
1865.41,24,25,0,445,11.1,0,0
132.49,74,42,3,666,5.2,0,0
1548.75,46,172,3,487,0.7,1,0
2552.87,33,135,1,867,32.0,1,0
864.05,59,110,0,382,33.7,0,0
3156.2,78,77,2,666,48.0,1,0
1509.92,21,106,0,785,63.2,0,0
2490.03,34,113,1,694,47.6,0,0
1606.39,39,121,2,733,33.2,0,0
1168.06,67,108,0,826,38.5,1,0
1417.76,47,100,0,314,15.1,0,0
1404.24,46,61,0,540,74.1,1,0
410.61,22,79,2,333,38.3,1,0
2011.72,77,32,3,751,24.9,0,0
1948.69,67,55,1,534,34.5,0,0
760.11,61,74,0,358,97.8,0,0
1810.82,42,11,0,866,17.1,0,0
1288.18,27,120,2,679,50.0,1,0
2019.41,26,84,1,324,70.3,1,0
1417.7,73,51,1,554,35.8,1,0
1119.94,24,9,0,899,83.8,1,0
888.57,20,104,0,898,2.9,0,0
3081.93,43,86,0,762,1.3,0,0
1675.96,28,175,0,354,15.5,1,0
556.11,56,140,1,706,4.2,0,0
917.23,46,123,0,327,41.3,1,0
437.04,19,113,1,654,16.2,0,0
1579.06,39,13,0,481,48.9,0,0
299.43,52,62,5,868,32.4,0,0
1157.62,41,14,0,623,14.4,1,0
319.9,68,12,1,308,37.8,0,0
537.94,41,76,0,849,20.7,0,0
379.67,21,19,1,862,41.8,0,0
3934.9,39,25,1,550,55.3,1,0
2243.81,28,0,0,540,40.4,0,0
1233.25,54,50,0,696,30.1,0,0
507.62,72,2,1,850,1.5,0,0
173.61,66,97,0,777,96.2,1,0
338.09,21,5,2,432,31.1,0,0
666.56,49,2,5,416,48.2,1,0
1620.06,20,167,2,406,10.1,0,0
2644.01,67,28,0,571,21.6,1,0
2636.59,49,36,3,652,3.3,1,0
1922.46,46,127,0,541,37.0,1,0
900.96,67,172,3,444,1.8,1,0
765.8,66,102,3,751,35.0,0,0
17.25,48,25,1,857,53.6,1,0
1405.47,65,35,1,595,8.9,1,0
353.92,75,97,0,806,86.7,1,0
1448.22,62,28,0,768,52.9,1,0
827.23,61,26,2,490,2.7,1,0
2345.64,53,107,1,725,46.2,1,0
2010.4,43,137,3,822,13.3,1,0
1597.3,68,59,0,328,69.5,1,0
832.47,60,58,3,532,24.6,0,0
359.61,28,180,0,471,8.3,1,0
305.28,36,16,0,570,56.2,0,0
1974.4,25,20,5,474,11.3,0,0
1051.67,31,5,0,849,40.2,0,0
2696.73,44,166,0,791,40.0,1,0
1192.42,72,133,1,890,9.6,1,0
226.51,57,14,2,465,1.4,0,0
2062.3,73,104,2,727,42.8,1,0
2925.97,61,26,0,743,51.2,0,0
340.8,74,180,2,716,24.8,0,0
1160.81,29,152,5,675,61.1,1,0
2516.24,45,26,3,612,92.2,1,0
2729.24,24,146,1,838,4.5,0,0
2097.24,22,29,1,313,16.7,1,1
2585.32,69,174,0,417,17.9,1,0
2181.29,77,30,1,378,17.3,1,0
32.62,21,11,1,357,14.7,0,0
1930.52,37,95,2,815,52.2,0,0
2256.89,74,60,0,456,69.9,1,0
2251.44,59,39,0,629,19.9,1,0
1405.7,57,179,0,630,5.8,0,0
2989.06,72,65,5,731,52.1,0,0
3035.69,30,180,1,715,58.6,0,0
144.55,57,66,2,564,12.4,0,0
881.67,39,59,0,621,30.2,1,0
2256.82,76,120,3,833,29.7,1,0
369.16,46,178,1,671,20.2,1,0
782.06,54,156,0,410,83.7,1,0
1359.93,60,23,3,710,5.5,0,0
2246.74,49,49,3,763,118.8,0,0
2323.68,33,180,1,311,54.5,0,0
66.2,66,69,0,837,26.8,0,0
3280.33,34,47,1,744,42.5,1,0
4348.84,25,166,1,597,27.6,1,0
1328.78,73,69,0,331,30.6,0,0
1295.98,42,1,1,749,96.1,1,0
1715.93,61,131,3,366,9.3,1,0
890.09,55,72,0,616,74.5,1,0
312.21,23,49,5,339,18.3,1,0
369.76,39,23,0,820,5.5,0,0
4069.36,68,18,0,504,59.7,1,0
494.4,55,151,0,336,3.1,0,0
113.93,56,169,3,477,46.4,0,0
1390.06,24,145,1,395,69.4,0,0
1227.89,57,173,0,536,2.6,1,0
487.77,37,0,3,734,45.1,0,0
1786.91,31,76,1,543,58.0,1,0
1244.08,66,134,3,746,88.6,1,0
1391.82,42,73,0,591,16.6,0,0
2801.7,27,141,2,651,105.9,0,0
1989.89,20,147,2,467,91.2,1,0
3652.13,72,161,0,554,42.1,1,0
1808.48,37,83,1,630,42.3,0,0
114.59,35,117,0,862,26.6,0,0
1402.52,40,70,0,863,51.4,1,0
1009.61,65,156,3,686,52.4,1,0
547.68,35,116,0,718,9.2,0,0
2500.94,74,110,0,387,25.7,1,0
1716.07,67,55,1,758,11.0,0,0
202.75,46,83,0,646,24.6,0,0
2396.06,62,24,3,803,16.9,1,0
2922.83,32,72,1,676,19.6,1,0
256.69,78,71,2,317,93.2,1,0
773.86,69,58,5,651,54.1,1,1
2330.46,35,45,3,373,39.3,1,0
315.32,40,114,0,607,14.4,0,0
835.84,62,61,2,802,118.1,1,0
1306.94,38,131,0,721,61.5,0,0
937.63,66,104,0,694,49.1,0,0
1026.37,72,21,0,381,26.3,0,0
593.59,24,156,1,301,5.6,1,0
238.75,77,125,5,658,19.1,1,0
2198.31,39,106,0,352,28.4,0,0
1473.65,37,54,1,712,53.3,1,0
986.92,53,18,0,500,8.5,0,0
923.24,64,12,5,525,4.4,0,0
243.89,48,118,3,477,96.1,1,0
1540.99,47,137,2,342,81.9,1,0
1035.17,68,95,1,593,66.6,0,0
2461.03,27,150,2,494,33.5,1,0
1913.09,74,7,1,787,59.8,1,0
59.5,35,38,0,791,8.5,1,0
2968.43,41,51,1,390,46.1,0,0
193.18,68,53,0,359,24.9,0,0
4003.39,66,8,3,681,42.5,1,0
83.8,37,67,2,550,18.8,1,0
203.24,30,51,0,721,34.0,1,0
1062.36,61,3,0,566,45.3,1,0
3651.08,23,15,1,615,19.8,1,0
2992.81,67,153,3,621,45.4,0,0
3711.75,51,55,5,583,69.8,1,0
713.0,47,108,0,822,51.7,1,0
606.28,48,149,3,709,8.3,1,0
2445.35,66,95,0,677,64.1,1,0
25.73,52,164,0,582,2.9,0,0
1154.28,30,147,0,808,16.8,1,0
2002.93,72,123,1,847,7.5,1,0
1841.15,41,17,1,390,45.4,1,0
739.2,74,62,1,865,52.0,0,0
1014.18,29,66,5,606,26.9,1,0
2535.53,35,72,0,317,20.6,0,0
1467.83,60,57,2,384,66.9,1,0
3878.06,49,77,0,508,16.0,0,0
1721.48,62,48,0,444,12.2,1,0
2280.69,45,81,0,657,101.0,0,0
3584.95,42,163,0,421,7.2,1,0
242.72,70,158,0,891,92.3,1,0
579.82,77,43,3,638,76.8,1,0
3349.61,26,96,5,653,71.0,0,0
2011.2,56,56,1,845,95.4,0,0
1109.19,22,50,0,564,8.7,1,0
2629.45,71,44,1,460,59.2,0,0
2597.36,66,61,0,404,16.7,0,0
532.47,31,75,0,389,61.6,1,0
2166.58,40,164,2,671,35.9,0,0
2460.32,21,48,0,614,9.6,1,1
600.15,64,25,0,717,26.2,1,0
360.56,39,116,3,742,84.6,0,0
321.78,38,30,0,400,131.8,0,0
1255.59,36,87,0,356,36.9,1,0
3010.93,65,26,0,729,47.4,0,0
1152.2,43,176,0,317,93.5,0,0
3429.26,65,134,0,463,30.3,1,0
1104.61,28,106,0,455,20.6,0,0
2239.7,44,43,3,882,20.4,1,0
2165.9,36,127,0,303,25.0,0,0
1471.49,59,162,2,804,78.5,0,0
369.73,64,51,0,449,6.0,0,0
177.56,73,68,2,805,15.3,0,0
1802.38,26,37,2,390,61.6,1,0
3426.31,40,173,0,450,22.6,1,1
298.13,20,44,0,568,42.6,0,0
400.29,49,67,5,708,46.2,1,0
184.93,24,162,2,746,5.2,1,0
1175.8,76,99,2,662,30.7,1,0
1552.99,52,130,5,690,70.3,1,0
5287.02,58,60,0,510,8.0,1,0
3248.54,75,35,0,390,38.7,0,0
2492.1,19,71,5,583,17.6,1,0
2927.4,19,54,0,512,45.2,1,0
991.02,52,150,2,551,10.3,0,0
33.67,56,31,1,770,5.5,0,0
1368.72,54,61,2,395,62.9,1,0
576.21,40,56,0,703,37.0,1,0
1611.64,67,132,3,841,7.8,1,0
74.16,28,151,0,676,73.2,0,0
2968.6,64,137,0,413,93.1,0,0
893.19,76,130,2,737,28.3,1,0
2049.54,45,163,5,814,20.1,0,0
130.02,54,56,5,575,40.9,1,0
2029.17,28,20,1,665,19.7,0,0
1968.04,62,84,0,815,32.0,1,0
197.97,24,175,0,598,80.2,1,0
2069.99,47,82,0,420,17.5,1,0
598.84,45,91,2,373,47.2,1,0
1679.55,58,103,5,842,52.8,1,0
631.97,22,144,1,659,67.2,0,0
3221.56,72,9,0,635,64.7,1,0
3100.15,28,32,1,854,94.8,0,0
727.15,43,105,0,881,0.7,1,0
83.6,70,162,0,581,73.5,0,0
1617.64,19,18,2,524,51.9,1,0
985.35,44,102,5,406,78.5,1,0
762.87,41,62,0,702,101.7,0,0
1526.7,78,103,0,807,50.2,0,0
693.49,78,178,1,887,43.6,0,0
342.51,71,89,3,755,38.7,0,0
908.58,24,91,2,522,28.9,0,0
437.73,74,81,0,391,19.0,0,0
289.69,57,94,3,789,34.0,1,0
90.42,58,5,5,651,46.5,0,0
3019.92,25,155,0,767,18.3,1,0
2977.29,63,70,1,398,41.8,1,0
1717.48,25,109,1,854,43.4,0,0
677.25,68,164,2,884,6.5,1,0
111.0,68,81,0,792,32.6,0,0
524.68,60,53,1,527,72.1,1,0
817.35,74,105,0,444,4.5,0,0
997.47,76,13,5,714,74.8,0,0
1984.01,56,118,5,427,37.9,0,0
4029.73,60,64,5,765,82.3,0,0
319.18,61,18,1,849,0.6,1,0
341.99,51,86,3,560,50.5,0,0
701.38,59,124,1,397,123.4,1,0
2230.22,32,158,2,455,7.3,0,0
2611.5,41,141,0,896,3.7,1,0
1118.21,42,128,0,718,23.6,1,0
1966.64,68,67,0,498,65.4,1,0
1758.0,69,163,1,754,83.6,0,0
85.42,70,151,5,398,26.6,1,0
800.58,65,177,1,597,22.4,0,0
757.54,21,132,1,811,30.8,1,0
1242.89,48,6,1,697,9.1,0,0
809.9,20,168,0,407,33.7,1,0
2748.73,69,165,1,888,3.7,0,0
643.97,52,80,2,400,42.2,1,0
2588.16,42,148,1,862,75.3,1,0
579.17,31,109,5,545,13.5,1,0
1860.53,57,104,0,800,39.8,0,0
2452.2,36,21,1,536,56.9,1,0
1242.56,23,69,1,348,35.0,1,0
558.02,38,157,1,742,63.3,1,0
2351.6,64,145,3,752,3.8,0,0
764.11,31,180,0,352,122.2,1,0
1393.8,59,111,2,874,57.7,0,0
2116.2,73,87,0,725,23.9,0,0
773.1,35,17,0,818,29.7,1,0
640.78,27,172,0,500,11.4,0,0
566.65,74,40,3,384,2.8,0,0
1665.92,70,37,2,613,28.7,1,0
1290.64,35,161,1,686,23.8,1,0
2161.46,39,71,1,378,75.3,0,0
1869.9,61,178,2,387,38.3,0,0
507.43,20,175,2,447,34.7,0,0
2184.41,25,176,1,755,31.1,1,0
1552.55,76,71,5,382,28.7,1,0
1436.7,23,66,1,503,27.1,0,0
4374.48,26,47,5,473,6.5,0,0
1285.18,49,101,1,779,20.2,1,0
2947.15,61,170,5,745,34.6,0,0
1334.39,28,154,2,302,64.6,1,0
1646.84,59,106,0,396,28.2,1,0
835.91,52,101,0,606,67.7,0,0
1615.88,33,171,0,696,6.1,1,0
1528.24,46,119,1,411,9.5,0,0
243.1,67,59,0,696,98.1,1,0
2327.26,65,124,0,534,23.6,1,0
3284.56,64,152,5,354,109.9,0,0
1085.16,55,25,1,706,18.6,0,0
984.66,36,44,0,640,21.3,0,0
1220.93,65,35,2,475,106.1,1,0
1666.29,55,6,5,675,35.1,1,0
3018.09,57,59,1,676,79.8,0,0
1658.8,72,159,0,304,3.1,1,0
1381.54,73,21,5,618,92.0,1,0
445.77,63,180,2,425,39.5,0,0
1075.0,77,22,0,856,13.9,0,0
94.15,59,149,5,879,3.4,0,0
139.52,57,116,0,804,77.2,1,0
851.56,21,88,3,812,20.8,1,0
2199.34,27,64,3,304,1.1,1,1
258.16,33,162,2,513,51.3,0,0
507.3,54,116,3,768,12.9,1,0
712.29,43,71,1,617,25.6,1,0
121.75,56,116,1,381,32.6,1,0
2231.28,35,148,3,762,27.9,1,0
4375.48,35,87,0,300,11.3,1,0
3566.73,56,77,5,522,27.8,0,0
2681.58,73,87,1,466,17.7,1,0
1217.78,76,92,1,788,23.4,1,0
1584.02,55,121,3,614,28.0,1,0
555.85,40,118,0,824,13.0,1,0
294.64,37,129,2,574,54.1,0,0
601.21,35,175,3,841,6.4,1,0
2795.96,65,151,0,717,23.1,0,0
2238.68,54,121,0,753,50.3,1,0
147.95,21,167,1,883,34.5,1,0
1486.58,30,113,0,387,64.3,0,0
1461.13,26,33,3,476,99.2,0,0
3029.61,76,167,0,594,30.1,0,0
2461.95,34,13,0,520,109.2,0,0
714.06,71,7,3,879,68.5,1,0
1156.63,58,88,0,495,17.5,1,0
2165.77,27,153,1,392,4.2,0,0
1312.91,22,8,3,571,83.3,1,0
1839.55,53,122,2,551,12.0,0,0
1009.76,70,133,0,562,11.8,0,0
4364.02,52,1,2,553,0.1,1,0
5180.74,42,85,0,791,15.6,1,0
140.55,44,7,0,343,13.1,0,0
2069.12,34,19,5,335,12.6,0,0
926.36,44,106,1,890,14.8,0,0
600.68,49,40,5,507,28.5,0,0
1909.02,42,104,0,890,48.8,0,0
450.36,38,29,3,308,14.6,0,0
1984.61,19,120,0,319,66.5,1,0
2974.12,38,86,0,453,32.6,0,0
2462.71,67,0,0,800,72.5,1,0
1727.36,36,135,5,440,15.1,0,1
2367.19,27,119,2,318,6.4,0,0
680.25,47,64,1,474,53.7,0,0
1109.2,53,87,1,855,6.7,0,0
98.91,50,36,1,868,2.9,0,0
1142.21,22,22,1,643,14.4,1,0
1659.47,50,19,1,844,37.7,1,0
2923.37,19,24,2,345,53.3,0,0
3028.13,49,171,0,328,22.6,0,0
784.27,73,143,0,862,14.7,1,0
1323.71,55,115,0,575,42.5,0,0
329.5,56,26,2,848,4.3,1,0
1423.48,72,54,5,385,5.1,1,0
4403.04,48,85,5,609,5.7,0,0
4439.83,38,143,5,543,0.4,1,1
2589.82,52,139,1,371,59.6,0,0
2464.15,69,120,5,541,29.9,1,0
306.24,67,66,1,495,25.9,1,0
3410.28,58,118,5,468,33.1,1,0
3698.02,67,78,1,830,75.3,0,0
277.59,67,57,1,846,14.0,0,0
2394.07,74,107,0,331,52.0,0,0
1752.52,63,90,5,533,20.9,1,0
985.08,43,177,0,428,43.6,1,0
1421.04,45,153,1,354,28.5,0,0
873.64,22,25,2,451,94.8,1,0
1892.02,48,47,0,705,13.3,1,0
993.86,40,107,0,311,121.3,0,0
2648.28,33,55,2,840,59.0,1,0
896.0,53,163,1,630,42.0,1,0
2660.3,49,21,2,555,4.2,0,0
2491.24,29,77,5,541,79.2,1,0
2173.75,57,144,0,888,27.1,0,0
153.12,72,116,3,369,12.1,1,0
458.18,72,180,2,625,33.9,1,0
4398.12,30,164,1,427,49.2,1,0
759.11,66,15,3,753,17.3,1,0
984.18,58,50,1,536,71.7,1,0
700.27,66,171,0,655,97.3,0,0
205.71,48,50,1,823,9.9,0,0
1281.94,33,70,2,554,113.3,0,0
2767.05,25,45,0,600,16.3,1,0
3130.98,42,48,5,461,27.0,0,0
440.95,23,102,0,428,49.1,0,0
84.39,50,22,2,665,85.5,1,0
1507.81,36,162,0,579,20.6,0,0
171.36,38,87,3,612,28.8,0,0
150.52,42,22,0,628,6.5,0,0
2570.61,68,132,0,900,68.0,0,0
2269.25,75,88,0,657,38.4,0,0
207.88,78,17,5,412,114.7,1,0
2019.57,50,31,3,742,7.0,0,0
962.77,36,104,1,317,14.6,1,0
1252.19,23,171,2,742,61.2,0,0
3802.37,48,111,0,620,24.0,0,0
3130.32,61,98,2,730,38.4,1,0
2060.65,32,177,3,324,32.1,0,0
597.68,24,72,3,398,9.4,0,0
199.9,51,134,0,850,7.1,0,0
2171.51,61,29,3,548,61.0,0,0
1149.54,65,90,0,840,16.7,1,0
1616.52,41,160,0,690,14.9,1,0
1302.14,29,97,5,480,29.5,0,1
3455.41,29,0,0,597,0.1,1,0
1560.83,45,72,0,777,45.8,0,0
1114.1,53,56,0,709,10.6,1,0
809.54,59,145,2,405,13.1,1,0
798.24,45,118,0,566,69.3,1,0
2109.72,43,134,3,760,17.7,1,0
1159.04,76,25,0,735,5.5,1,0
3339.8,69,93,3,512,36.7,1,0
1205.51,77,160,5,514,27.4,0,1
2562.36,72,88,3,639,27.5,0,0
476.6,69,61,0,504,28.6,0,0
542.67,56,41,3,410,22.3,1,0
339.93,73,26,0,568,22.8,0,0
757.49,40,82,0,359,72.2,1,0
2982.75,66,9,1,881,17.8,1,0
556.27,49,34,1,686,32.6,0,0
3875.03,68,72,1,838,25.9,0,0
1544.17,24,74,1,620,23.6,0,0
410.19,20,125,1,408,0.6,1,0
770.49,39,69,3,696,3.3,0,0
213.24,25,133,3,460,20.6,0,0
76.26,44,14,0,469,30.5,0,0
3392.92,37,9,2,691,82.0,1,0
3345.94,30,92,0,677,60.9,0,0
2647.73,59,42,0,644,48.9,0,0
942.96,70,29,0,522,46.3,0,0
1233.44,50,162,0,897,2.6,1,0
46.85,49,100,2,864,37.9,1,0
1670.21,70,66,0,557,38.5,1,0
3928.9,34,118,0,607,54.5,1,1
3878.67,74,28,0,456,6.7,1,0
661.46,77,67,0,554,33.7,1,1
2209.21,78,23,0,404,36.0,0,0
2037.25,61,173,0,611,12.0,1,0
1260.23,37,16,0,525,2.3,1,0
3298.19,52,26,0,875,57.1,0,0
2501.47,24,178,1,460,8.4,1,0
677.26,19,79,1,761,38.0,0,0
477.42,36,12,3,764,46.8,0,0
1884.25,32,17,0,502,20.4,0,0
2095.72,43,69,2,785,43.5,0,0
1969.44,49,153,1,355,49.2,1,0
2227.81,78,115,1,564,24.8,1,1
2256.93,25,58,3,595,9.4,0,0
1440.51,23,1,3,317,55.1,0,0
1293.63,33,16,0,656,23.7,1,0
688.64,72,9,0,327,30.4,1,0
459.1,29,82,1,705,87.5,0,0
1071.65,47,74,3,775,33.8,1,0
340.5,56,132,1,820,59.3,1,0
1938.89,34,103,0,325,37.4,0,0
422.52,67,18,5,797,32.3,0,0
65.65,57,50,1,337,100.5,1,0
3595.52,47,27,3,353,73.3,0,1
4550.18,36,73,1,388,33.4,1,0
169.45,33,59,1,831,3.8,1,0
666.6,78,87,2,465,95.0,0,0
3211.12,20,54,1,668,63.7,0,0
3000.46,38,158,0,693,27.2,1,0
1528.2,26,157,5,767,58.5,0,0
2473.0,74,77,3,458,48.8,1,0
1026.01,77,50,2,838,2.5,1,0
2300.68,58,39,5,697,14.4,1,0
1159.04,78,61,1,890,36.1,0,0
2555.64,57,99,5,334,8.2,1,1
208.25,49,58,2,773,63.2,0,0
894.6,40,6,3,870,18.8,0,0
392.53,38,102,1,847,42.6,1,0
3249.07,59,165,2,669,2.2,1,1
2624.81,34,64,0,786,18.5,0,0
2703.84,66,149,0,670,16.4,1,0
2289.39,40,6,0,698,30.0,0,1
110.54,69,28,0,385,40.7,1,0
1300.39,48,49,1,558,59.3,0,0
2126.17,22,172,0,497,35.2,1,0
187.71,22,174,3,789,56.8,0,0
1733.97,35,170,1,841,13.5,0,0
4395.78,59,62,3,671,51.4,1,0
1940.66,23,135,0,443,29.3,0,0
1207.52,44,73,0,792,28.9,1,0
1590.97,33,7,0,494,58.9,1,0
2769.84,57,61,3,818,57.6,0,0
212.38,45,118,3,580,18.0,0,0
2773.0,61,17,1,483,75.8,1,0
1888.87,75,162,3,765,6.6,0,0
2048.39,56,66,2,469,0.8,0,0
2494.45,35,66,1,832,2.8,1,0
1235.9,59,109,3,819,110.3,0,0
1639.43,69,56,1,347,9.5,1,0
235.48,39,143,5,790,9.7,0,0
631.25,62,168,0,697,53.7,0,0
2186.93,22,43,2,890,2.4,0,0
3614.47,43,60,5,472,26.4,0,0
4155.49,44,5,1,449,48.3,0,0
660.1,19,44,2,652,67.4,1,0
1434.25,77,146,1,667,63.7,1,0
644.0,55,164,0,560,53.8,1,0
1670.47,62,55,3,766,27.5,0,0
362.58,41,100,5,741,16.1,0,0
61.3,65,41,1,512,58.3,0,0
169.21,34,8,0,891,9.9,0,0
3117.15,51,119,1,475,18.1,0,0
1142.89,52,51,0,475,31.2,1,0
54.46,77,74,2,452,36.6,0,1
1564.18,47,5,1,441,30.8,1,0
456.02,64,41,5,740,18.0,0,0
795.88,65,83,2,639,40.7,0,0
4934.68,75,20,0,825,32.3,0,0
234.86,64,32,0,739,43.4,0,0
2183.58,19,115,0,432,28.1,0,0
2445.22,33,0,1,578,67.9,0,0
564.53,48,84,1,888,0.4,0,0
1291.04,54,7,0,725,2.0,1,0
1639.39,46,156,3,871,60.4,1,0
812.04,73,0,1,682,48.4,1,0
1469.16,25,111,3,570,23.1,1,1
715.12,69,84,0,402,10.3,1,0
2468.83,28,148,3,474,43.0,0,0
986.06,19,81,0,717,39.3,1,0
1007.71,40,41,2,681,5.9,0,0
934.6,69,141,0,632,0.2,0,0
75.83,34,89,1,358,25.6,1,0
1724.12,66,173,1,672,73.3,0,0
4043.45,68,40,2,627,66.1,1,0
1078.02,54,137,0,711,34.4,0,0
2399.74,56,4,1,320,16.6,1,0
842.94,76,129,0,782,86.9,0,0
1244.86,73,79,0,482,49.8,0,0
82.95,68,75,2,485,76.9,0,0
1720.8,47,82,5,807,29.6,0,0
1818.67,56,140,1,318,60.5,1,0
2720.63,47,64,2,406,41.5,0,0
3148.76,76,91,5,339,20.2,0,0
889.09,30,29,1,506,66.9,1,0
4.22,19,131,1,578,1.9,1,0
1191.71,51,162,1,307,1.1,1,0
3215.75,66,63,5,891,17.8,0,0
1107.56,63,100,0,525,48.4,0,0
664.45,52,173,2,449,24.5,1,0
3073.16,58,131,3,824,8.3,0,0
1476.42,55,119,3,548,48.8,0,0
1356.51,19,120,1,808,16.8,1,0
4097.52,65,167,1,583,10.3,1,0
2986.5,74,79,1,412,14.3,0,0
1254.55,66,109,0,694,16.8,1,0
1485.47,72,90,0,700,88.0,0,0
1083.29,56,166,1,828,10.1,1,0
749.14,66,13,5,886,40.3,1,0
2206.55,67,57,5,637,14.6,1,0
1370.1,49,134,1,523,5.2,1,0
2529.67,32,14,5,400,27.0,1,0
1154.96,62,163,1,623,73.3,0,0
2985.95,32,99,0,452,20.8,0,0
884.29,19,60,1,718,14.2,1,0
939.96,21,47,1,389,0.3,0,0
591.15,31,40,5,543,16.5,1,0
536.91,37,159,5,459,50.6,1,0
1976.47,27,62,1,793,27.3,1,0
633.4,75,8,1,665,45.3,1,0
297.08,21,38,0,341,90.6,1,0
1190.85,38,67,2,877,46.3,1,0
1421.52,29,27,1,395,1.5,0,0
909.76,72,107,2,330,49.8,1,0
1890.44,74,38,1,327,34.0,1,0
802.37,41,63,0,562,70.0,1,0
1713.68,40,13,0,717,13.8,0,0
391.21,50,137,1,521,40.4,0,0
1754.6,31,147,0,569,25.9,1,0
1091.91,71,62,3,879,12.5,1,0
4032.04,46,144,0,488,11.9,0,0
136.38,40,173,0,710,4.8,0,0
56.94,77,118,0,368,6.2,1,0
1437.48,56,53,1,616,32.0,0,0
1381.42,77,29,3,486,29.4,0,0
1583.22,62,59,0,461,47.6,1,0
633.64,73,86,1,325,7.6,1,0
1922.93,74,14,0,448,56.9,0,0
58.07,48,13,2,592,31.1,1,0
1839.84,69,42,0,363,1.6,1,0
2395.21,72,177,0,381,69.4,0,0
761.6,37,66,3,729,13.9,1,0
94.41,36,125,3,313,78.7,1,0
2144.83,75,67,5,459,31.9,1,0
2135.92,48,55,5,863,19.9,1,0
653.8,53,66,0,752,29.7,0,0
823.58,39,122,5,769,10.3,0,0
3985.85,51,128,5,456,64.8,1,1
1446.23,27,131,0,710,10.0,0,0
1242.79,47,6,0,649,10.8,0,0
2812.4,46,8,2,696,41.7,1,0
2203.4,63,164,3,687,21.8,1,0
3132.05,42,162,0,447,10.0,1,0
1479.08,30,67,0,870,39.1,1,0
394.11,24,102,0,386,63.5,0,0
104.07,20,133,5,302,9.2,0,0
272.57,62,102,5,405,45.0,1,0
952.26,65,14,5,592,27.4,0,0
1839.14,56,95,5,688,127.3,1,0
452.87,24,171,0,635,6.8,0,0
2945.53,19,13,5,352,3.2,0,0
1170.59,30,3,2,349,10.5,0,0
787.16,62,160,1,479,64.0,0,0
2120.13,76,120,2,784,18.4,1,0
201.06,74,85,1,732,31.8,1,0
1184.21,38,65,0,654,23.8,0,0
295.78,66,66,0,357,29.8,1,0
903.41,65,54,5,598,56.2,0,0
1872.38,24,48,1,769,55.9,0,0
1855.83,44,146,5,688,49.2,0,0
3276.52,19,135,2,651,20.0,1,0
1794.79,57,168,0,671,21.3,1,0
185.84,36,69,0,827,50.2,0,0
1775.5,44,43,1,346,12.9,1,0
1165.92,58,147,3,514,29.3,0,0
1322.14,47,151,0,399,14.8,0,0
4410.0,52,95,0,847,0.4,1,0
396.57,54,171,2,527,41.9,0,0
24.9,26,128,1,353,61.1,1,0
1582.07,78,136,0,340,50.4,0,0
1940.79,41,157,5,437,4.4,0,0
271.55,29,147,5,861,63.8,0,0
1546.01,67,72,5,561,31.3,1,0
251.54,56,63,5,406,41.9,1,0
3182.33,69,46,0,568,9.6,1,0
1753.4,22,69,2,447,53.0,0,0
3085.77,58,128,5,854,37.6,1,0
611.49,51,66,5,601,48.3,0,0
4554.14,78,34,1,725,22.4,0,0
2758.64,63,116,2,365,10.0,0,0
2633.37,20,28,0,585,9.3,1,0
92.49,65,171,2,716,24.0,0,0
2482.94,54,102,0,435,36.1,0,0
4509.38,48,7,3,643,56.3,1,0
3825.96,25,96,0,434,58.0,0,0
2189.35,22,54,5,480,6.3,1,1
659.55,37,76,5,660,49.8,1,0
3710.83,27,160,0,514,47.8,0,0
2300.91,50,138,0,704,21.8,1,0
786.51,58,130,2,825,11.8,1,0
392.22,72,75,0,835,48.3,0,0
2583.65,30,86,0,377,27.9,0,0
650.07,46,149,0,623,12.7,1,0
3007.67,67,79,0,849,5.6,0,0
3660.07,47,9,2,457,82.4,0,0
185.21,29,157,5,393,47.0,0,0
1348.78,74,110,3,835,26.2,1,0
2333.74,74,123,3,439,50.9,1,0
433.81,30,120,0,841,46.3,1,0
3585.29,28,1,5,759,12.6,0,0
633.91,66,1,3,486,26.2,0,0
987.29,71,162,2,791,76.4,0,0
324.27,60,33,5,811,31.8,0,0
537.21,41,180,5,523,51.9,0,0
1371.91,59,171,0,474,7.9,1,0
2451.84,20,79,0,560,64.1,0,0
2522.78,40,74,3,833,13.5,0,0
2098.19,48,166,0,600,61.0,0,0
696.01,73,17,2,897,27.5,1,0
2196.67,60,117,1,840,10.4,1,0
2570.61,57,2,1,585,16.9,1,0
1055.47,32,47,0,372,47.7,0,0
81.0,48,176,5,329,2.3,0,0
410.77,62,157,1,620,31.0,1,0
863.97,45,6,2,511,24.8,0,0
1637.92,74,62,0,420,15.7,0,0
544.58,67,96,0,857,19.5,0,0
666.55,39,140,0,339,45.6,0,0
498.69,48,71,1,633,41.0,1,0
2706.96,50,42,5,372,62.4,1,0
139.66,58,94,5,895,51.7,1,0
743.27,58,145,2,676,21.7,0,0
224.81,63,161,3,437,71.7,0,0
755.5,75,73,0,872,56.2,0,0
3344.31,27,169,2,446,1.8,0,0
3235.24,60,128,0,376,22.5,1,0
1659.86,59,47,0,606,28.5,1,0
876.86,22,52,0,438,14.0,1,0
1492.33,48,51,0,825,62.3,0,0
3814.29,42,174,1,476,45.9,0,0
1106.21,37,2,0,896,12.6,0,0
57.06,72,5,1,392,32.8,0,0
2813.47,21,92,0,662,46.8,1,0
738.03,20,72,5,558,12.9,0,0
2134.1,28,83,1,716,4.4,0,0
1717.74,69,29,1,609,10.0,0,0
234.07,23,51,1,742,19.4,0,0
197.21,30,126,1,597,38.2,0,0
1455.72,29,158,0,508,26.1,0,0
2403.54,73,78,0,466,28.1,0,0
252.63,56,97,3,609,29.8,1,0
2649.92,62,147,0,825,55.0,0,0
1472.02,54,178,1,396,54.4,1,0
1364.81,74,160,3,800,62.3,0,0
3533.22,63,17,5,387,9.7,0,0
1581.45,55,23,0,818,69.4,1,0
100.54,26,61,1,462,92.4,0,0
2391.77,70,67,2,740,17.2,0,0
4018.98,49,100,2,359,59.3,1,0
1206.14,64,167,5,455,3.1,0,0
582.42,26,100,0,500,66.2,1,0
600.39,60,171,0,623,19.6,1,0
4862.31,67,146,3,510,2.0,0,0
1419.57,41,152,1,712,13.7,1,0
1160.48,27,63,1,772,28.6,0,0
2964.76,52,2,0,893,58.0,1,0
3207.17,54,107,1,555,43.4,0,0
1280.48,67,103,2,847,29.7,1,0
2579.45,52,141,1,475,13.8,0,0
1075.91,55,126,0,445,17.6,1,0
1637.01,42,140,2,580,1.2,1,0
1909.27,68,29,3,324,0.1,0,0
305.59,67,60,3,807,17.1,0,0
303.62,55,162,1,448,22.8,0,0
3463.0,45,65,5,672,32.5,1,0
2163.72,46,122,1,400,1.0,1,0
1283.12,44,58,0,768,1.0,1,0
1992.85,44,9,0,566,57.7,1,0
1900.63,66,68,1,381,20.6,1,0
1060.06,64,54,3,370,2.9,0,0
689.24,43,7,1,684,32.6,0,0
17.82,66,5,2,649,5.3,1,0
708.52,77,66,0,707,125.8,0,0
1265.61,68,59,5,762,71.0,0,0
1549.42,75,173,1,622,4.9,1,0
2007.26,45,108,0,309,10.6,0,0
1593.05,45,164,0,455,5.8,1,0
5000.97,43,150,5,573,8.4,0,0
200.15,68,113,1,699,32.5,0,0
468.7,56,83,5,321,48.3,0,0
1594.12,24,104,2,333,33.5,0,0
761.17,35,4,1,581,52.3,1,0
2130.61,49,118,0,315,81.3,1,0
743.43,64,169,2,427,24.2,1,0
32.01,37,156,3,738,0.9,1,0
3356.35,67,178,5,662,76.8,1,1
226.94,19,28,3,368,59.3,1,0
518.71,69,72,2,899,69.5,0,0
66.25,64,54,1,466,45.4,1,0
972.56,64,23,0,354,34.3,0,0
2606.79,25,32,1,645,42.6,1,0
3389.59,21,69,1,872,49.7,1,0
2288.09,59,180,1,620,4.3,1,0
1925.02,76,138,1,518,61.3,1,0
454.43,41,103,5,887,10.2,0,0
1981.73,75,83,3,580,26.5,1,0
1571.82,40,132,0,366,33.0,1,0
374.27,57,71,0,302,23.3,1,0
4462.94,26,19,1,710,102.6,1,0
1055.64,25,149,1,361,3.9,1,0
398.67,38,125,1,828,81.2,1,0
1901.21,65,171,5,599,63.0,1,0
3003.0,75,30,0,648,37.8,0,0
1996.05,67,166,0,863,10.2,0,0
423.81,56,15,3,715,49.0,1,0
2148.27,77,52,1,884,54.1,1,0
84.69,71,171,0,411,41.8,0,0
2970.11,49,2,0,757,136.9,0,0
1389.35,52,161,3,745,25.5,0,0
1674.8,67,180,0,884,20.6,0,0
1083.91,63,177,3,803,43.0,1,0
3515.82,30,157,3,655,49.8,0,0
1872.34,36,87,3,624,37.1,1,0
194.6,36,22,0,814,26.9,0,0
311.14,55,89,0,341,4.2,0,0
1432.19,22,47,3,483,46.8,1,0
1714.57,27,99,1,653,18.0,0,0
79.61,34,2,0,772,51.3,1,0
2625.0,40,22,3,827,29.6,1,0
2198.98,66,122,2,425,55.9,0,0
408.0,59,147,0,363,3.6,1,0
2302.53,78,104,1,498,7.7,0,0
1775.34,27,38,2,709,144.9,0,0
1341.49,27,56,5,480,8.7,0,0
589.68,33,58,5,354,11.1,0,0
481.41,32,64,0,509,8.8,1,0
1554.01,67,50,0,850,47.6,0,0
228.91,24,32,2,798,62.1,0,0
1333.48,52,164,2,416,38.1,1,0
134.26,20,167,3,602,2.9,1,0
409.99,72,176,0,398,46.6,1,0
327.38,48,158,0,745,46.9,1,0
1428.26,71,115,1,738,41.6,1,0
885.8,52,142,1,885,121.8,0,0
1972.64,48,173,1,516,43.5,0,0
2091.48,57,130,2,895,23.4,1,0
1972.57,62,175,0,430,46.4,1,1
1624.95,66,166,3,337,52.1,1,0
1411.69,45,120,0,604,53.1,1,0
115.46,58,22,0,536,6.2,1,0
2221.73,29,39,0,633,55.9,1,0
1453.49,47,75,1,886,71.1,1,0
447.98,77,152,1,307,13.5,0,0
323.86,37,106,2,745,77.5,1,0
568.73,32,8,0,453,29.0,0,0
2846.79,48,52,3,685,77.7,0,0
2574.55,43,168,5,509,13.7,0,0
1043.79,51,115,1,877,12.5,0,0
3241.26,19,24,0,334,43.7,0,0
295.9,65,5,5,512,15.1,0,0
359.06,68,142,1,780,83.3,1,0
369.33,49,110,0,323,3.6,0,0
2287.9,68,168,2,872,3.7,0,0
174.97,34,69,3,745,57.6,1,0
161.47,33,138,5,862,21.1,0,0
2018.0,39,33,0,639,73.8,1,0
1760.61,31,113,1,760,11.6,1,0
1270.27,51,60,5,580,8.0,0,0
52.74,44,130,2,519,63.2,0,0
1189.94,34,11,3,587,6.2,1,0
2061.8,78,56,1,537,12.9,1,0
86.43,26,47,0,664,40.0,1,0
1353.41,19,133,0,514,63.7,1,0
111.94,46,0,1,360,36.0,0,0
1127.62,46,149,0,383,52.1,1,0
2408.69,21,60,3,620,85.7,1,0
289.66,78,179,0,876,45.6,0,0
1563.48,52,154,1,520,2.0,0,0
2075.18,64,169,3,301,14.3,0,0
100.16,19,6,0,900,16.6,1,0
1432.27,19,27,0,370,28.0,0,0
2298.55,25,138,0,683,53.1,0,0
3541.31,57,75,0,494,17.3,1,0
1133.83,41,86,0,889,9.3,0,0
1069.84,72,147,3,845,33.5,1,0
812.24,23,123,0,849,44.0,0,0
547.89,73,52,0,871,5.6,1,0
3234.02,57,108,0,457,10.5,0,0
2814.91,36,147,2,467,72.4,0,1
3255.49,70,67,0,353,37.3,0,0
370.98,49,126,2,834,63.8,1,0
958.51,19,99,3,408,10.0,0,0
4572.43,76,106,0,333,48.6,0,0
3207.16,72,94,0,739,18.2,1,0
1803.73,54,110,0,364,30.7,0,0
803.74,61,165,1,526,1.5,0,0
303.48,66,130,5,894,67.3,0,0
1451.02,69,72,2,740,7.5,0,0
2920.71,59,27,3,860,22.3,0,0
326.98,24,16,0,350,48.4,0,0
1966.15,69,70,0,870,20.8,0,0
1151.28,72,10,0,811,52.6,0,0
1837.46,34,69,3,877,27.7,1,0
79.61,71,103,0,640,5.0,0,0
3642.21,35,87,3,742,90.9,0,0
957.92,41,146,0,798,47.5,1,0
1801.69,28,170,0,597,18.3,1,0
2580.09,77,110,0,623,24.8,0,0
338.0,44,99,0,653,3.6,0,0
1086.98,37,126,0,837,70.0,1,0
3435.5,43,132,2,896,16.0,0,0
1660.67,27,155,5,697,39.7,0,0
571.59,65,138,3,745,33.8,0,0
545.62,36,102,3,794,65.4,0,0
600.74,50,125,1,345,37.1,0,0
1099.9,27,52,0,451,90.5,1,0
1634.28,28,87,3,334,44.3,0,0
1144.14,58,79,3,364,28.6,1,0
687.53,40,38,0,668,79.3,0,0
1306.62,26,131,1,680,5.7,1,0
943.44,33,73,0,548,28.9,0,0
1045.32,57,21,0,892,0.1,1,0
2023.9,25,70,0,587,1.6,0,0
1373.99,51,56,1,501,3.2,1,0
1325.05,28,176,1,346,27.8,0,0
3802.26,28,58,0,522,81.0,1,0
877.47,66,132,0,814,4.3,0,0
3823.5,55,98,0,618,2.1,0,0
270.0,68,157,3,522,57.1,1,0
2763.66,68,88,0,727,37.8,0,0
630.73,53,36,1,805,66.2,0,0
929.3,59,82,1,634,44.6,0,0
592.05,54,47,0,639,30.4,0,0
1184.13,54,134,0,823,58.2,1,0
2813.34,49,111,3,687,16.5,0,0
2643.06,38,82,5,380,6.5,0,1
191.79,62,55,3,868,24.7,1,0
3276.28,64,34,3,431,61.7,0,0
4011.32,64,21,1,569,36.5,0,1
1310.44,43,20,1,593,13.6,1,0
1684.2,78,78,2,772,32.4,1,0
1359.28,69,156,5,399,34.5,0,0
501.18,34,70,5,468,41.8,1,0
553.9,67,11,1,609,23.6,0,0
222.85,66,138,2,864,7.5,1,0
1012.84,24,121,3,354,28.4,0,0
422.93,57,65,1,767,9.8,1,0
1348.82,76,73,0,515,40.5,0,0
1736.85,57,82,1,870,45.1,0,0
49.09,32,175,0,619,32.4,0,0
13.4,49,127,1,306,8.2,1,0
64.02,67,90,3,312,43.6,0,0
2448.19,27,41,0,423,52.1,0,0
720.79,56,54,3,850,3.5,0,0
1834.69,27,109,1,520,45.7,0,0
2462.22,68,92,3,883,22.3,0,0
2681.59,61,101,0,579,29.3,1,0
2036.09,60,67,1,648,35.1,1,0
1857.4,52,168,1,743,20.0,1,0
2128.34,20,99,1,778,14.8,0,0
861.23,64,57,3,558,13.0,0,0
46.04,41,92,2,886,39.3,1,0
66.36,67,50,0,513,12.8,1,0
694.7,50,45,5,709,13.6,1,0
533.94,55,53,2,872,22.2,1,0
1845.14,50,65,0,898,9.7,1,0
1947.75,54,167,1,483,26.9,1,0
1800.14,57,155,0,801,0.6,1,0
1459.23,23,20,1,408,12.2,1,0
2459.16,30,50,3,557,12.9,1,0
1259.72,56,154,0,389,11.1,0,0
282.91,70,98,1,771,13.8,0,0
658.6,57,146,0,650,32.0,1,0
1015.55,48,156,3,772,12.1,0,0
1370.82,62,100,0,346,29.9,0,0
341.2,33,172,0,358,31.1,1,0
269.21,29,68,2,780,53.7,0,0
1226.2,77,174,5,500,18.1,0,0
1021.21,26,174,2,615,20.3,0,0
525.09,59,46,3,304,29.8,1,0
380.47,53,164,3,364,48.1,0,0
1019.54,49,51,2,812,11.1,1,0
1598.68,77,151,1,517,30.0,0,0
188.95,50,13,0,691,36.9,0,0
185.14,46,89,3,570,48.4,1,0
371.88,58,66,1,753,12.9,0,0
2691.1,34,70,5,558,41.0,1,0
1036.75,20,93,1,753,0.6,1,0
46.84,36,173,3,622,20.9,0,0
1032.08,34,112,2,586,101.9,0,0
1019.68,33,136,1,503,20.5,1,0
356.38,57,30,1,716,7.6,1,0
1173.04,77,70,0,786,8.2,0,0
3741.58,36,22,2,301,44.6,1,1
2075.58,72,7,2,405,38.1,0,0
2315.64,52,58,5,895,8.1,1,0
3839.02,48,71,3,572,37.6,1,0
1168.49,73,34,5,501,10.2,1,0
766.92,22,147,1,371,39.3,0,0
3291.69,46,11,5,846,27.5,0,0
590.29,38,132,1,772,8.8,1,0
579.62,34,5,3,389,29.3,1,0
2454.77,60,95,1,784,7.9,0,0
3899.27,41,171,0,719,30.4,0,0
1163.7,74,135,5,642,33.1,1,0
1787.88,73,179,0,463,26.3,0,0
538.88,74,55,0,430,68.7,0,0
1154.77,56,133,1,404,74.0,0,0
1214.93,51,114,0,642,61.2,0,0
1615.83,70,103,2,421,24.9,0,0
1009.21,48,135,1,850,66.5,1,0
983.13,31,2,1,560,27.6,1,0
1544.12,61,72,0,598,52.8,1,0
586.76,58,2,1,420,26.3,1,0
1673.33,61,99,1,551,7.2,0,0
1151.54,58,128,1,567,15.5,1,0
889.05,76,80,1,324,1.6,0,0
1586.43,59,95,3,305,18.1,1,0
714.06,26,92,0,511,27.5,0,0
384.23,58,102,3,500,13.7,0,0
1353.16,77,62,2,709,29.7,1,0
2323.88,47,152,0,661,20.6,1,0
2674.48,62,118,1,467,40.6,0,0
2608.62,41,55,0,871,21.9,1,1
937.01,61,136,0,339,45.8,1,0
3500.73,38,135,0,333,82.4,0,0
4783.72,38,135,1,759,55.0,0,0
393.82,50,153,5,509,72.1,0,0
755.67,39,60,0,683,35.8,0,0
1760.66,31,131,0,747,27.0,1,0
1380.29,25,129,2,489,21.8,1,0
329.29,52,134,0,644,28.6,1,0
1340.01,26,147,3,636,113.9,1,0
285.59,62,86,0,601,19.5,1,0
2976.54,39,7,0,561,61.8,1,0
922.18,40,6,5,722,48.5,1,0
190.88,68,53,2,640,69.5,0,0
1163.29,61,39,5,749,16.9,1,0
1381.97,50,126,1,681,23.6,0,0
1744.66,32,131,5,451,6.3,1,0
1631.97,57,120,0,317,7.9,1,0
906.46,42,153,1,860,55.0,1,0
1065.97,35,27,3,736,24.4,0,0
1233.94,61,125,0,457,7.4,1,0
1785.44,78,43,5,741,104.7,1,0
1169.57,38,31,0,456,11.8,1,0
209.86,70,16,1,676,24.1,0,0
1408.16,77,163,0,357,37.8,1,0
59.35,69,74,2,664,58.3,1,0
150.92,30,31,3,871,52.3,0,0
2145.59,49,179,3,724,68.2,0,0
1483.86,19,77,0,330,16.8,1,0
2153.89,49,22,2,637,28.4,1,0
1266.53,64,148,5,897,2.4,0,0
1741.53,68,157,1,370,8.8,1,0
2230.9,52,129,2,325,27.2,0,1
561.96,31,152,0,395,68.9,0,0
1326.18,44,72,0,333,31.5,0,0
957.56,55,110,1,811,42.4,0,0
3430.63,34,139,5,831,20.9,0,0
1739.82,53,157,1,840,19.5,1,0
2885.43,67,105,5,742,1.9,1,0
3480.74,70,34,0,856,35.7,0,0
899.31,30,103,3,599,4.3,1,0
985.98,36,7,1,774,20.9,0,0
1438.8,57,111,3,545,47.4,1,0
145.51,62,177,5,754,19.3,1,0
16.36,52,114,0,613,6.0,1,0
2096.0,55,157,2,555,52.6,0,0
422.74,38,167,0,500,57.5,1,0
2041.0,69,149,0,868,52.0,1,0
2629.27,45,170,0,424,9.0,0,0
1151.9,34,170,0,572,12.7,1,0
3307.79,33,119,1,535,85.7,1,0
1273.11,43,172,0,508,6.9,1,0
224.44,52,83,5,813,98.7,0,0
1069.58,56,98,2,760,55.6,1,0
135.06,42,117,3,875,41.1,0,0
864.14,66,33,3,790,31.9,1,0
1130.34,32,106,1,469,74.2,1,0
223.24,46,90,1,557,36.3,1,0
1994.87,62,130,3,753,28.6,1,0
2365.17,22,63,2,384,42.5,0,0
1001.92,61,5,2,718,9.7,1,0
1319.63,73,140,2,350,54.8,0,0
4502.45,72,47,5,733,13.8,1,0
2024.59,61,151,0,585,95.4,0,0
1119.86,21,129,0,802,19.3,0,0
2387.23,52,68,2,770,64.2,1,0
1348.22,57,5,2,435,17.7,1,1
2081.89,46,24,0,596,70.1,0,0
3963.52,21,79,0,795,10.7,1,0
1128.12,33,10,3,378,18.2,0,0
2999.72,27,27,3,862,88.9,1,0
1532.07,48,28,1,757,5.3,0,0
1888.35,24,156,0,754,47.0,1,0
2524.37,45,89,3,344,41.5,0,0
1449.41,41,86,0,728,70.2,0,0
574.47,45,116,0,355,52.3,0,0
3133.57,28,116,2,415,21.8,0,1
4342.13,73,175,3,863,1.4,1,0
43.55,23,18,0,385,3.3,0,0
993.44,31,46,1,673,37.5,0,0
1495.48,33,4,2,579,81.2,1,0
2.41,74,107,2,784,80.1,0,0
355.79,74,27,1,332,7.3,0,0
265.53,66,135,2,638,39.1,0,0
1448.24,23,167,0,630,28.3,1,0
2479.85,22,155,1,494,27.1,1,0
451.25,45,51,1,306,42.6,1,0
1524.25,31,119,0,302,41.5,1,0
1354.87,47,114,0,450,11.0,0,0
5103.16,36,112,0,413,27.0,0,0
553.97,54,174,1,517,33.1,1,0
624.73,42,97,0,764,40.3,1,0
207.55,25,126,1,876,46.5,0,0
68.77,62,88,2,385,87.4,1,0
120.66,60,18,5,516,11.0,1,0
615.13,64,65,1,344,20.1,1,0
769.74,78,90,0,642,35.2,0,0
988.15,50,97,2,306,26.1,1,0
2350.25,75,165,2,735,12.9,0,0
905.13,56,169,0,720,23.0,0,0
3998.23,61,98,0,424,9.7,1,0
2828.35,20,155,1,746,29.2,0,0
2302.64,55,0,0,778,33.4,0,0
1468.4,63,103,0,840,40.4,0,0
2441.1,63,134,5,776,29.4,1,0
1337.2,61,150,5,437,3.6,1,0
1706.2,55,85,3,710,7.5,1,0
2797.77,59,81,2,699,10.2,0,0
1550.71,41,30,1,677,0.7,1,0
3752.09,78,169,5,589,13.4,0,0
2544.02,46,119,1,837,31.3,1,0
1898.87,54,33,0,801,66.3,1,0
2794.11,50,115,1,682,55.1,1,0
548.59,42,98,5,427,66.5,0,0
1615.6,58,51,0,689,56.1,1,0
448.85,70,125,0,891,9.3,0,0
3107.59,32,94,1,338,7.7,0,0
1256.18,54,55,0,628,70.9,1,0
1243.43,69,122,2,537,13.6,0,0
428.71,29,13,0,583,56.6,1,0
463.14,54,40,3,501,19.5,1,0
1981.6,29,32,0,892,40.1,0,0
98.92,40,2,1,881,17.7,1,0
1804.57,72,164,0,623,19.9,1,0
582.57,49,144,0,769,23.8,1,0
3118.11,32,77,2,511,10.4,1,0
1733.17,63,84,5,660,12.8,0,0
3702.75,29,12,1,827,101.4,0,0
1961.19,73,95,5,660,69.5,1,0
441.48,55,25,3,848,2.9,1,0
2246.36,70,133,2,632,85.9,0,0
1261.08,78,148,1,572,8.7,0,0
1144.93,28,124,5,566,13.1,0,0
1665.41,77,0,0,837,0.8,0,0
2686.34,58,159,0,519,18.5,0,0
2495.69,42,114,2,515,20.4,1,0
1658.93,24,83,5,338,9.6,0,0
861.73,24,105,1,465,29.7,1,0
1868.04,39,72,3,466,11.4,0,0
3944.04,40,64,3,473,2.0,0,0
1078.86,72,21,5,552,18.5,1,0
1285.84,77,159,2,565,78.5,1,0
1111.61,22,63,0,352,7.3,1,0
1306.99,31,86,0,376,1.1,1,0
1016.63,19,43,0,598,45.5,0,0
10.98,21,155,2,746,43.2,1,0
3288.05,77,85,1,424,53.4,0,0
1688.67,65,3,0,830,57.7,1,0
1567.92,40,110,2,865,31.7,0,0
490.33,65,121,0,879,18.6,0,0
2386.76,56,45,0,387,84.8,0,0
2178.07,55,149,1,815,39.6,0,0
665.91,32,131,2,706,85.2,0,0
1004.02,39,39,0,423,43.7,0,0
2810.67,75,10,0,352,28.3,1,0
2651.85,51,133,3,712,63.8,1,0
1012.63,28,118,0,427,3.4,0,0
947.01,57,26,3,619,35.8,1,0
3231.36,39,48,0,416,41.8,0,0
1636.06,39,35,1,404,28.3,1,0
3043.6,75,60,1,487,27.4,1,0
3582.88,28,64,3,478,9.1,1,0
2174.4,68,40,0,442,34.6,1,0
2485.89,35,40,1,849,38.0,1,0
2785.93,43,7,1,437,30.7,0,0
264.7,56,137,5,736,24.0,1,0
92.32,63,127,5,437,120.9,0,1
648.52,37,176,0,320,0.3,0,0
221.51,42,18,0,804,58.6,0,0
2750.46,41,70,0,742,45.7,1,0
3477.28,61,136,1,482,46.2,1,0
1005.07,67,59,2,489,45.7,0,0
2712.23,69,130,1,690,50.6,0,0
619.58,48,140,3,828,29.5,0,0
4542.44,36,46,1,660,10.9,1,0
1416.94,57,94,1,372,68.2,0,0
362.84,62,20,1,626,28.8,0,0
696.59,19,120,0,807,22.8,1,0
881.78,68,76,1,891,29.9,1,0
367.16,45,180,3,428,52.0,0,0
3711.97,77,148,2,374,9.3,1,0
1122.84,29,41,2,896,12.2,1,0
2163.37,31,8,2,368,93.0,1,0
307.66,63,90,0,401,6.6,0,0
173.83,62,58,3,534,20.5,1,0
1179.03,73,85,0,557,14.4,0,0
2183.84,28,36,1,567,21.9,0,0
343.27,69,119,0,503,53.5,0,0
1534.17,52,20,5,364,2.7,0,0
2640.84,66,174,2,442,26.0,0,0
2520.44,56,108,1,809,76.4,0,0
211.33,32,61,0,316,92.1,1,0
1360.64,65,85,1,326,93.5,0,0
1804.14,70,4,1,727,12.1,1,0
740.44,21,11,0,369,32.7,0,0
1111.1,24,114,0,437,11.6,1,0
3165.02,49,136,5,496,41.8,0,0
796.51,49,2,1,431,73.6,0,0
166.85,35,54,1,614,26.5,1,0
2567.73,74,11,0,601,30.2,1,1
2443.77,31,31,1,644,22.5,1,0
1141.12,27,12,5,450,32.0,0,0
42.39,67,177,5,433,1.5,0,0
1366.93,52,153,5,867,4.6,1,0
392.12,42,16,1,812,26.4,1,0
3549.53,57,137,0,845,52.6,0,0
472.78,21,71,5,530,36.2,0,0
2050.07,40,128,3,822,40.5,0,0
1906.54,33,71,0,851,52.7,0,0
3367.14,68,79,0,553,10.7,0,0
108.6,40,158,1,882,23.4,0,0
90.22,61,100,0,333,11.3,1,0
2148.46,68,60,0,758,28.0,0,0
1047.66,45,58,2,730,29.2,1,1
3632.8,59,19,2,501,10.6,1,0
1108.1,76,88,2,656,33.3,1,0
655.16,78,9,5,828,8.0,1,0
636.19,52,137,0,438,24.9,0,0
1613.32,68,35,0,583,22.2,0,0
88.1,23,31,0,602,11.7,1,0
890.97,53,177,0,586,40.6,0,0
3484.56,38,141,3,718,28.9,1,0
2011.12,28,110,0,599,68.2,1,0
1708.95,35,144,3,781,16.6,0,0
1946.26,48,119,0,536,22.0,0,0
746.89,37,168,1,529,22.8,0,0
3104.79,61,108,5,562,77.3,0,0
870.02,70,58,0,775,9.5,1,0
2475.23,56,146,0,567,12.6,1,0
2094.26,37,135,0,407,58.0,0,0
1356.48,37,62,0,553,15.0,0,0
3225.86,71,95,0,822,8.7,0,0
786.79,71,121,0,322,32.2,0,0
2569.13,31,39,2,690,5.3,1,0
3826.46,69,176,2,515,7.8,1,0
3023.3,28,52,0,374,51.5,1,0
719.92,72,6,0,328,5.1,1,1
3160.86,60,149,1,354,59.2,0,0
1610.36,62,79,1,467,31.4,1,0
2863.12,34,93,1,873,64.7,1,0
565.11,26,104,0,620,58.5,1,0
2873.09,24,136,1,637,75.1,1,0
1620.39,39,137,0,711,115.0,0,0
826.48,25,69,1,332,10.1,0,0
2125.7,42,151,1,656,47.5,0,0
3526.18,59,85,0,820,0.6,0,0
2769.44,21,127,0,899,1.0,1,0
494.11,71,75,0,666,74.1,0,0
673.13,49,64,1,580,24.4,1,0
863.73,46,72,0,349,14.5,1,1
1575.17,78,34,3,604,13.9,1,0
1113.69,70,93,1,808,24.2,1,0
1804.33,54,90,1,688,51.8,0,0
1402.76,73,65,0,779,26.5,0,0
1114.69,65,50,3,344,130.3,0,0
3839.52,58,56,0,558,48.1,1,1
189.93,27,92,0,788,4.3,1,0
182.33,32,33,2,360,43.4,0,0
3774.92,38,63,1,573,10.7,0,0
419.11,78,62,3,392,9.7,1,0
1057.95,35,86,1,662,61.2,1,0
874.22,30,114,1,411,61.2,1,0
629.18,61,36,5,409,82.7,0,0
2592.41,76,6,0,518,67.9,0,0
800.95,43,26,5,718,1.8,1,0
1324.55,21,71,3,644,12.0,1,0
1956.63,51,20,0,316,53.3,1,1
3189.45,27,136,0,338,80.8,1,0
644.02,56,91,0,838,74.9,0,0
2621.85,49,69,0,511,2.5,0,0
889.86,33,163,5,498,107.5,0,0
161.97,45,148,0,381,16.5,1,0
2660.98,50,112,0,369,22.9,1,0
408.41,63,133,3,882,1.9,1,0
2431.24,74,127,0,669,3.6,1,0
1465.12,30,1,1,367,26.0,1,0
213.03,42,13,5,514,24.7,0,0
3110.98,25,33,5,497,50.1,1,0
1109.92,22,40,5,682,28.2,0,0
825.71,19,155,0,783,53.3,0,0
758.21,24,40,0,834,1.0,1,0
1346.73,63,82,3,338,152.8,0,0
2389.86,58,159,5,659,36.3,0,0
768.24,31,42,1,314,38.7,0,0
3248.37,37,17,5,644,43.0,0,0
1541.14,33,6,0,754,11.1,1,0
164.06,50,83,2,854,70.4,1,0
2563.73,67,24,1,643,21.1,0,0
1965.21,76,63,3,722,17.8,1,0
1851.7,46,86,0,853,38.0,0,0
1043.01,69,57,1,631,9.5,0,0
25.94,28,27,5,695,60.7,1,0
3044.2,31,146,1,409,3.5,1,0
3292.67,75,96,5,562,10.0,0,0
2713.81,75,177,3,877,11.6,1,0
771.54,67,22,0,704,38.4,1,0
2123.08,24,129,5,541,54.4,1,0
2019.12,49,13,0,463,2.6,1,0
1722.95,66,68,2,834,6.7,0,0
1138.43,78,112,0,576,50.1,1,1
3246.3,31,99,2,369,33.7,1,0
1413.03,46,178,0,351,4.4,0,0
2037.12,32,87,5,420,12.5,0,0
4734.92,23,39,1,304,57.0,0,0
3.36,74,147,2,417,69.3,1,0
938.7,68,99,3,320,4.3,0,0
1832.61,75,85,5,850,56.6,0,0
626.85,32,7,1,575,18.2,0,0
3953.22,44,86,1,428,8.6,1,0
2288.49,75,173,5,751,7.7,0,0
1700.52,20,127,1,686,20.0,0,0
1461.87,47,8,0,584,9.3,0,0
1280.52,76,72,1,696,84.9,1,0
817.16,76,97,1,815,54.1,1,0
3509.16,76,122,5,608,41.6,0,0
1154.65,51,111,3,424,58.7,0,0
511.47,23,70,0,800,8.5,1,0
408.3,65,154,5,477,1.9,1,0
1098.89,24,162,0,439,72.0,0,0
566.01,70,134,0,425,4.5,1,0
2849.12,71,31,1,441,26.6,0,0
940.28,78,89,3,764,67.4,1,0
2271.87,26,118,3,699,32.0,0,0
538.94,33,147,0,401,46.4,1,0
1096.59,60,102,5,760,18.4,1,0
2169.54,43,102,1,792,38.3,1,0
1082.59,61,87,0,900,24.2,1,0
3705.78,23,125,2,363,42.4,1,0
505.76,27,151,5,447,9.1,1,0
1150.01,19,110,0,867,2.1,1,0
559.78,57,137,5,537,48.1,1,0
1114.16,70,122,0,612,34.1,1,0
607.38,34,41,0,563,42.0,0,0
3163.3,55,61,1,320,52.7,0,1
3504.77,35,171,0,710,72.2,1,0
147.91,50,81,2,436,12.7,1,0
561.91,23,70,1,721,12.1,1,0
139.6,52,54,2,374,71.6,1,0
1928.59,51,116,0,547,1.7,1,0
59.89,58,110,1,508,45.3,1,0
1144.92,35,17,5,846,22.9,0,0
135.9,63,31,0,742,58.9,0,0
613.57,59,120,3,472,44.8,0,0
3841.9,37,35,3,837,41.9,1,0
794.05,31,111,5,878,24.9,0,0
1771.89,78,126,0,359,5.3,1,0
1034.56,72,2,1,852,59.8,1,0
1865.2,74,93,0,885,9.5,0,0
3157.89,43,43,1,577,18.4,1,0
1589.72,40,108,3,522,34.4,0,0
2593.41,52,39,1,493,16.6,0,0
205.77,24,70,0,540,73.7,0,0
208.76,57,134,1,367,108.5,1,0
4086.31,52,76,1,654,51.2,0,0
523.88,66,153,1,552,69.5,0,0
2513.22,75,144,5,325,25.2,0,0
4638.72,31,22,0,312,22.3,1,0
749.64,62,84,1,432,1.6,1,0
117.26,41,87,1,751,16.3,1,0
2182.41,33,86,2,617,47.0,0,0
2072.58,43,104,3,408,10.4,1,0
1219.37,68,147,0,572,48.0,0,0
1978.38,23,88,0,400,26.9,0,0
1715.76,34,145,0,747,4.8,0,0
2342.08,58,164,2,816,19.4,0,0
1848.45,32,180,0,434,21.9,0,0
3200.77,26,37,5,654,9.8,0,0
1504.73,61,22,1,485,13.8,0,0
4213.04,30,45,0,700,70.7,1,0
3485.56,72,64,1,703,38.1,1,0
231.93,32,41,3,395,40.7,1,0
349.9,64,1,0,774,84.4,0,0
2442.1,64,128,1,626,7.7,0,0
3216.13,76,114,2,793,36.3,0,0
2037.22,67,95,1,340,7.0,0,0
1708.17,46,54,0,650,23.8,1,0
411.35,40,72,3,678,26.6,1,0
2310.33,48,167,0,547,70.6,1,0
277.9,30,73,3,662,33.3,1,0
2284.1,68,16,2,603,3.3,1,0
364.46,50,52,2,369,58.8,1,0
586.13,44,145,3,667,103.9,1,0
1019.89,19,10,1,524,58.4,1,0
2310.11,44,69,1,443,62.7,0,1
3341.44,27,83,0,571,109.7,1,0
3049.14,72,50,5,433,8.0,0,0
175.88,37,36,3,614,36.6,0,0
44.07,53,19,1,798,10.7,0,0
488.23,58,51,2,452,12.5,1,0
226.82,29,155,2,333,28.0,0,0
462.03,38,145,3,436,65.3,1,1
1967.23,61,151,2,502,36.5,0,0
2224.58,61,168,1,810,38.7,1,0
856.48,47,129,0,618,11.0,1,0
2649.07,38,176,1,741,15.3,0,0
15.92,52,104,0,664,6.3,0,0
715.82,69,162,3,469,41.7,1,0
186.75,73,37,1,446,56.1,1,0
1885.32,59,77,3,853,22.5,0,0
3337.16,48,45,1,546,40.5,1,0
4137.32,45,101,0,347,58.1,1,1
3153.58,66,98,0,859,5.4,0,0
2231.47,51,140,3,832,9.3,1,0
518.54,35,154,1,319,3.8,0,0
1823.61,77,159,2,385,35.5,1,0
6.83,33,170,1,579,84.1,0,0
2265.46,60,60,0,857,15.5,0,0
2627.78,31,68,5,730,56.3,0,0
418.93,32,126,5,553,35.9,0,0
793.35,78,7,0,694,0.8,0,0
1285.38,19,160,0,546,5.1,0,0
1924.58,34,101,1,368,109.7,1,0
420.13,29,124,0,487,6.1,0,0
109.23,30,8,0,487,3.7,1,0
4123.29,25,169,5,797,38.5,1,0
841.48,19,178,0,407,7.9,0,0
220.83,75,54,0,601,45.7,1,0
1152.48,74,130,5,416,48.1,1,0
284.04,38,111,0,416,78.8,1,0
3419.15,54,115,0,436,42.8,1,0
4394.38,73,65,0,347,2.3,0,0
1003.8,74,139,1,589,28.2,0,0
1405.65,61,174,0,325,38.8,1,0
1915.97,35,178,0,859,0.2,0,0
1077.86,64,115,3,464,17.0,1,0
3316.47,24,56,0,401,40.9,1,0
493.5,52,55,0,695,47.2,1,0
3228.4,44,114,0,415,60.1,1,0
1564.86,53,105,0,307,34.9,0,0
310.09,74,65,0,742,61.2,1,0
2114.5,58,146,1,385,22.4,1,0
2436.65,60,5,1,312,4.8,1,0
2809.93,68,19,0,650,42.8,0,0
1230.6,35,128,2,467,17.2,1,0
663.25,69,127,1,746,21.0,1,0
1368.5,60,58,0,760,21.4,1,0
1082.21,78,130,1,629,31.0,1,0
2957.78,29,113,0,765,22.3,1,0
905.07,55,6,0,860,29.8,0,0
781.6,29,16,1,561,33.3,0,0
1695.73,20,18,0,672,57.0,0,0
2460.3,23,172,5,579,29.0,1,0
877.43,61,100,1,853,23.6,1,0
2415.94,77,130,3,499,20.3,0,0
3758.73,72,14,5,325,0.3,1,0
608.74,34,138,0,891,15.6,0,0
3231.48,73,70,2,716,59.3,1,0
117.24,76,18,2,432,44.8,1,0
1148.24,21,145,0,396,2.0,1,0
496.66,49,119,0,432,101.0,0,0
125.84,41,58,1,762,9.7,0,0
470.5,31,38,0,661,9.5,0,0
688.55,69,60,2,814,12.3,1,0
311.16,57,48,1,647,26.3,1,0
574.48,76,65,0,548,2.9,1,0
1888.46,52,78,3,593,71.4,1,0
700.13,54,59,2,702,7.1,1,0
1238.77,65,141,3,764,36.0,1,0
2870.89,40,57,1,619,11.9,0,0
851.54,25,105,3,499,10.0,0,0
2289.08,75,34,0,683,31.3,1,0
1121.85,40,45,3,516,81.1,1,0
2498.52,30,55,1,673,17.5,1,0
968.53,70,30,1,508,57.5,1,0
1775.31,25,119,2,571,13.2,1,0
358.39,37,42,0,867,1.2,1,0
306.3,34,129,0,675,4.0,0,0
4385.96,45,69,5,477,91.4,1,0
725.13,75,128,5,477,71.6,1,0
1495.15,77,159,5,683,46.7,0,0
1524.14,39,30,1,677,8.7,0,0
1425.04,75,145,0,540,51.7,0,0
1869.52,29,66,2,501,38.0,0,1
375.33,44,76,1,789,19.6,1,0
308.63,71,162,0,575,81.7,1,0
973.55,43,29,0,686,51.5,1,0
17.03,25,37,0,831,31.5,1,0
1072.89,40,2,3,379,9.6,1,0
1081.52,25,42,2,302,24.3,0,0
1762.9,19,65,0,491,58.6,1,0
3081.3,45,130,1,436,4.2,0,0
2588.97,24,67,1,444,34.7,1,1
261.4,43,158,5,817,29.5,1,0
3167.77,37,21,1,576,4.1,0,0
2898.11,72,125,0,552,23.9,1,0
3156.64,29,132,2,579,13.3,1,0
46.67,32,125,0,535,32.2,0,0
761.63,61,153,1,699,20.4,1,0
1147.91,25,10,2,900,32.3,0,0
964.45,39,1,1,535,29.1,0,0
275.75,66,6,0,843,81.2,1,0
200.7,43,108,0,729,21.1,0,0
257.13,44,4,5,634,58.1,0,0
1751.83,37,33,3,469,29.0,0,0
1849.25,25,134,0,433,7.9,1,0
723.23,69,155,1,629,65.5,1,0
192.14,60,62,5,764,81.6,1,0
1808.3,77,174,2,630,47.6,1,0
1761.17,54,90,0,638,27.0,0,0
4516.24,66,141,1,729,13.0,1,0
1475.62,61,125,2,473,9.3,0,0
604.19,30,159,1,876,10.1,1,0
2582.91,44,127,1,898,79.8,0,0
2143.41,40,68,0,748,33.5,0,0
1150.09,55,21,0,589,37.3,0,0
1091.74,39,56,2,370,25.0,0,0
137.62,64,63,2,464,8.9,1,0
283.09,66,42,0,577,79.2,0,0
2157.67,34,52,1,717,51.2,0,0
289.9,31,114,0,833,8.4,0,0
5327.4,76,48,1,819,57.9,0,0
709.92,49,21,3,349,33.5,0,0
2477.51,33,15,2,598,43.6,1,0
532.14,60,110,0,485,4.5,0,0
1757.51,49,141,0,462,11.6,0,0
1294.73,65,105,5,768,61.4,1,0
2029.7,48,96,1,665,9.2,1,0
815.85,35,129,0,638,10.7,1,0
1523.47,25,12,0,690,43.4,0,0
441.01,22,137,0,496,41.2,0,0
1786.29,42,173,0,618,14.5,1,0
1570.5,28,96,1,317,23.6,1,0
1271.77,47,72,0,627,13.5,0,0
398.83,49,111,0,409,90.3,1,0
161.77,35,169,0,764,8.5,1,0
1759.18,46,145,2,789,48.9,0,0
760.77,66,92,1,764,0.3,1,0
2202.25,53,67,0,607,62.6,1,0
599.44,58,149,0,897,62.8,1,0
2090.18,37,76,3,557,33.5,1,0
1273.81,35,18,2,473,16.1,1,0
4253.35,66,134,3,807,8.8,1,0
994.72,23,128,5,799,20.2,1,0
2812.53,43,115,0,533,63.0,1,0
1404.34,76,11,0,815,78.8,0,0
397.7,48,123,0,807,35.2,0,0
1462.46,34,27,3,400,10.4,0,0
2928.52,58,32,0,694,23.7,1,0
781.59,41,73,0,814,42.4,0,0
1362.27,50,175,2,392,46.9,1,0
1558.11,52,130,0,655,58.7,1,0
2225.92,72,106,3,382,42.6,1,0
4348.68,21,144,1,730,12.5,0,0
988.48,55,94,2,422,23.7,1,0
2078.07,56,85,3,492,4.4,0,0
4085.49,51,38,2,704,31.4,1,1
3725.76,60,109,5,619,90.5,1,0
529.51,55,129,3,502,3.9,0,0
1670.68,29,126,0,566,14.1,0,0
4393.94,30,88,0,732,65.1,1,0
1959.86,49,72,3,900,20.6,0,0
1914.11,67,155,0,884,88.3,1,0
3377.6,72,134,2,654,18.6,0,0
3841.46,30,49,0,723,22.0,0,0
910.67,41,125,5,682,30.6,1,0
574.3,52,79,0,301,86.1,1,0
2440.6,32,40,5,508,33.5,0,0
2982.18,30,113,1,690,69.0,0,0
168.59,33,87,3,382,74.1,0,0
886.29,34,138,0,739,1.3,1,0
5093.35,61,17,2,504,10.2,0,0
4075.54,51,20,5,796,71.3,0,0
1579.9,43,100,1,701,58.5,1,0
971.48,29,106,2,895,17.4,1,0
2657.98,50,156,0,477,122.9,1,0
2250.68,42,55,2,502,25.5,0,0
1839.14,40,32,5,637,45.2,1,0
2928.82,22,63,0,678,52.7,1,0
355.93,23,32,3,637,4.9,0,0
1959.96,53,154,0,812,6.4,1,0
571.85,34,129,0,304,78.6,0,0
920.81,50,105,1,888,64.2,0,0
968.06,41,112,3,654,20.5,0,0
4986.71,64,99,0,881,16.9,1,0
701.26,71,6,0,876,29.8,1,0
978.63,31,171,1,627,89.2,1,0
1755.67,44,19,1,855,18.3,1,0
191.4,75,8,0,676,78.5,1,0
1141.17,28,53,2,492,28.1,1,0
2950.97,37,22,0,770,4.3,0,0
3236.39,61,58,3,335,62.7,1,0
2810.45,19,171,0,329,18.7,0,0
750.82,54,25,0,461,29.2,0,0
197.25,73,122,3,525,0.2,1,0
3351.28,33,75,1,815,26.3,0,0
89.66,19,117,0,893,49.5,0,0
481.51,70,73,1,717,9.9,1,0
583.89,47,51,1,377,56.3,1,0
443.23,66,87,1,735,10.6,1,0
1323.51,67,90,3,846,78.7,0,0
1750.77,25,34,0,732,43.4,1,0
956.95,51,12,0,877,66.3,1,0
196.54,68,75,3,425,93.1,1,0
1186.05,21,6,0,893,33.4,0,0
2664.1,52,129,2,563,0.2,1,0
1256.62,38,127,1,549,9.0,1,0
1421.35,21,141,1,407,71.9,0,0
2358.62,43,127,0,836,1.2,0,0
1274.12,37,32,1,479,26.2,1,0
4310.13,56,167,0,501,83.1,1,0
1362.63,37,42,1,364,14.7,0,0
791.38,71,150,0,533,37.8,0,0
377.14,45,119,3,740,8.6,0,0
515.24,65,134,2,372,35.6,0,0
1334.79,32,144,5,863,13.6,0,0
689.16,60,49,0,840,77.9,0,0
457.04,67,145,1,758,33.0,0,0
1214.82,29,1,5,425,9.8,1,0
568.08,26,56,1,407,1.6,0,0
689.39,47,114,3,763,19.2,1,0
2730.91,74,170,0,334,67.3,0,0
3411.63,47,81,5,576,108.1,0,0
1128.72,34,173,0,514,41.5,1,0
504.42,26,152,0,572,38.7,1,0
1802.45,67,119,0,493,51.5,1,0
2128.4,35,178,2,397,18.2,1,0
1242.31,41,113,1,604,40.0,0,0
137.98,60,154,0,415,77.2,1,0
1252.24,26,80,3,787,1.4,0,0
127.14,39,117,3,593,10.1,1,0
2598.81,61,105,0,857,28.9,0,0
1341.33,56,57,1,744,34.5,1,0
1960.31,51,109,0,554,61.4,1,0
2379.93,63,61,1,853,2.9,0,0
1027.67,27,71,2,762,38.4,0,0
60.15,40,120,0,712,95.3,0,0
3341.27,70,42,1,448,22.7,1,1
2610.19,61,99,0,823,51.2,1,0
1180.58,49,106,0,520,35.2,1,0
648.7,36,120,5,489,13.7,1,0
1523.94,77,31,0,483,14.6,1,0
2255.71,78,179,1,442,78.8,0,0
1464.48,30,89,1,893,58.3,1,0
2665.81,36,87,2,584,46.5,0,0
203.74,76,135,1,387,2.8,1,0
2234.66,44,57,0,507,29.2,0,0
314.04,61,77,0,615,30.9,1,0
1316.01,42,113,0,736,78.3,1,0
1909.31,66,93,0,837,32.4,1,0
1968.71,39,98,1,515,1.6,1,0
3351.43,71,137,0,515,38.9,0,0
2315.41,30,133,1,704,20.4,1,0
432.09,23,101,1,549,14.3,0,0
1081.53,49,40,3,455,31.3,0,0
2032.86,38,155,0,827,101.2,1,0
595.9,24,161,0,743,8.2,0,0
585.23,62,8,1,397,3.2,0,0
649.79,34,96,3,483,16.8,0,0
345.36,23,74,0,846,46.6,1,0
3719.23,43,38,0,888,20.4,1,0
2311.4,51,79,3,381,28.3,0,0
2742.76,21,168,0,487,15.4,1,0
625.86,59,26,5,568,71.3,1,0
2203.12,77,97,0,619,29.2,1,0
2671.84,50,139,1,627,25.9,1,0
1712.38,77,19,3,657,93.8,0,0
2217.81,76,54,1,654,3.1,1,0
1344.29,23,17,0,775,14.5,0,0
555.31,61,168,0,654,37.2,0,0
